SNR,CBF_bin,mean_alpha,std_alpha
5.0,0-33,0.66662073,0.38612565
5.0,33-66,0.73033553,0.30300134
5.0,66-100,0.76540726,0.26656634
10.0,0-33,0.65394276,0.4025202
10.0,33-66,0.7256705,0.28766114
10.0,66-100,0.76883507,0.25493002
15.0,0-33,0.6501687,0.404891
15.0,33-66,0.7248894,0.28132823
15.0,66-100,0.77015835,0.25010413
20.0,0-33,0.64859504,0.40562996
20.0,33-66,0.72466964,0.2783769
20.0,66-100,0.7707552,0.24796343
50.0,0-33,0.64666206,0.4064062
50.0,33-66,0.72465014,0.27447596
50.0,66-100,0.7715897,0.24523814
inf,0-33,0.64626825,0.40655813
inf,33-66,0.72495174,0.27340636
inf,66-100,0.7719106,0.24456954
