SNR,ATT_bin,mean_alpha,std_alpha,CBF_RMSE,ATT_RMSE
5.0,0.5-1.0,0.70205015,0.33428726,7.3195938473282505,0.7937549823717528
5.0,1.0-1.5,0.7023726,0.32686564,6.047880544654154,0.4720502674912413
5.0,1.5-2.0,0.7537588,0.27726802,6.5766300351324185,0.3720914911962253
5.0,2.0-2.5,0.77084893,0.28431618,7.875027120383892,0.2810811648869793
5.0,2.5-3.0,0.6729794,0.38314763,9.569127491442183,0.372090577629693
10.0,0.5-1.0,0.6923413,0.33082214,5.194893969841621,0.6218736983379186
10.0,1.0-1.5,0.69463724,0.3217681,3.5123906666540536,0.3488256229649365
10.0,1.5-2.0,0.75090694,0.27664807,3.249442636089185,0.29331392653896016
10.0,2.0-2.5,0.7752117,0.28613362,3.7652418729301838,0.19861565005298415
10.0,2.5-3.0,0.66522574,0.3875559,5.37011291528303,0.27124293235423097
15.0,0.5-1.0,0.68967485,0.32661778,4.842723155577863,0.5478960326401748
15.0,1.0-1.5,0.692427,0.31713018,3.1105288899711034,0.3077579320296767
15.0,1.5-2.0,0.7503493,0.27601096,2.701598511961142,0.2649075488185843
15.0,2.0-2.5,0.7764426,0.285968,2.8276179671180803,0.16029178992882046
15.0,2.5-3.0,0.66384745,0.38767633,4.0343828186079405,0.23596663315475344
20.0,0.5-1.0,0.6884792,0.32445368,4.705972263632915,0.5094907112838688
20.0,1.0-1.5,0.6913972,0.31486768,2.9740343159541,0.2885654149592682
20.0,1.5-2.0,0.750293,0.27561814,2.5063649351320034,0.2509044686436659
20.0,2.0-2.5,0.777049,0.28579175,2.4491294765412523,0.138279019620609
20.0,2.5-3.0,0.66343963,0.38761953,3.382289346465804,0.22146508914668028
50.0,0.5-1.0,0.6870566,0.3214677,4.5514200860866865,0.4453718055986966
50.0,1.0-1.5,0.6901034,0.31192052,2.8450584351971333,0.2595611575220229
50.0,1.5-2.0,0.75040233,0.27505654,2.285420864108978,0.22879171642914328
50.0,2.0-2.5,0.77792484,0.28552654,1.9854368500098947,0.09956654023758237
50.0,2.5-3.0,0.6631815,0.38747847,2.4536374677560664,0.20215903799894483
inf,0.5-1.0,0.6870081,0.32056195,4.533664343129475,0.4206757638159975
inf,1.0-1.5,0.68999094,0.31118137,2.834561292141856,0.249786449808585
inf,1.5-2.0,0.75054073,0.2750245,2.2435854290605612,0.22336586810790257
inf,2.0-2.5,0.7782468,0.28532586,1.9093346464133105,0.08895671166422245
inf,2.5-3.0,0.66322225,0.38747773,2.250778673032546,0.19651153253409093
