Seed,SNR,CBF RMSE,ATT RMSE,CBF MAE,ATT MAE
42,inf,2.824857255524549,0.24924965655156178,1.9844492224364898,0.158098905723039
42,50.0,2.886151112536744,0.2664533933044492,2.0754123872767045,0.16787812660602836
42,20.0,3.2434654499594737,0.31027235366462913,2.4438919130956673,0.1934785214343837
42,15.0,3.5425111870750996,0.33497562161764255,2.7116182492504652,0.209637907246507
42,10.0,4.275715888768511,0.3812856004184649,3.310438728062401,0.24297499318160853
42,5.0,7.412507826857814,0.49663079910720437,5.700173041946043,0.3354440408570149
123,inf,3.141672256885829,0.2682510120065087,2.425561913850555,0.1918644144268246
123,50.0,3.183781400884299,0.2762013508176001,2.460972722360708,0.19516561497981924
123,20.0,3.463564321595347,0.3040082265876127,2.703254233533661,0.21034128887357414
123,15.0,3.7122724651565666,0.3241023145476502,2.906198885575284,0.22214533710920814
123,10.0,4.3596352188034,0.3688334715797245,3.4200415694707553,0.24986966774902603
123,5.0,7.7235459486718385,0.48684476751818967,5.879123486620146,0.3351822346386901
2024,inf,2.7426380384482685,0.25825400870815757,1.8882288441252553,0.16703480270756565
2024,50.0,2.8141025455813145,0.2707774880111161,2.006106825292194,0.1739614688516365
2024,20.0,3.2242477938394085,0.3080782514367106,2.431483402834555,0.19712001006653457
2024,15.0,3.5579899476776684,0.3313755169457292,2.728000349632573,0.21279648734383683
2024,10.0,4.340111649780388,0.37711972542041744,3.389503107321699,0.24521315000364516
2024,5.0,7.667067574510446,0.49051800170515253,5.917915617150687,0.3346936244702953
