CBF,ATT,h_CBF,h_ATT,err_CBF,err_ATT,cond_num,correlation
20.0,0.5,0.1,0.001,2.983363354498218e-14,0.00011547073433829483,13851341493890.81,1.0
50.0,0.5,0.1,0.001,2.4940924038935063e-14,0.00011547073430508935,5171666285144.742,1.0
80.0,0.5,0.1,0.001,2.899232930571906e-13,0.0001154707343382967,4009385847744.5127,1.0
20.0,1.0,0.1,0.001,4.6851104310032206e-14,0.00011547073576926373,17700154872548.15,1.0000000000000002
50.0,1.0,0.1,0.001,8.032663603118138e-14,0.00011547073649388975,8230035566541.237,1.0
80.0,1.0,0.1,0.001,4.657555238646704e-14,0.0001154707357692654,5138344940847.56,1.0000000000000002
20.0,1.5,0.1,0.001,4.0475235114123114e-14,0.00011547073502934749,19295439508313.703,1.0
50.0,1.5,0.1,0.001,8.766656218014065e-14,0.00011547073531458666,7533818166062.353,1.0
80.0,1.5,0.1,0.001,9.10667083379302e-14,0.00011547073502934898,5641643415007.5625,1.0000000000000002
20.0,1.6,0.1,0.001,3.222524539890387e-14,0.00026022589911668453,3.809202245724722,-0.5584021196134096
50.0,1.6,0.1,0.001,9.58715531568919e-14,0.000260225899192173,1.9443945830987277,-0.5584021196133865
80.0,1.6,0.1,0.001,1.1940645739998044e-13,0.00026022589911668567,2.000107474619313,-0.5584021196134029
20.0,2.0,0.1,0.001,4.2768729318014934e-14,0.00024408358931349094,3.4610076070632436,-0.28124694225686603
50.0,2.0,0.1,0.001,4.229038523758448e-14,0.00024408358938869518,1.4953579152021244,-0.28124694225691854
80.0,2.0,0.1,0.001,1.192049657903432e-13,0.0002440835893134923,1.418380369198812,-0.2812469422568788
20.0,2.1,0.1,0.001,2.7060192331438386e-14,0.0002557164639158396,3.9964160779001623,-0.7348691412738574
50.0,2.1,0.1,0.001,7.653387728811017e-14,0.00025571646372663534,2.55817400958541,-0.7348691412738833
80.0,2.1,0.1,0.001,5.154904823138568e-14,0.0002557164639158407,2.956294736335432,-0.734869141273856
20.0,2.5,0.1,0.001,1.6417445398195127e-14,0.00023950234487157514,2.9468014678248675,-0.49621647423591286
50.0,2.5,0.1,0.001,6.53607049203291e-14,0.00023950234498127513,1.724253060288379,-0.49621647423579907
80.0,2.5,0.1,0.001,9.451743605425429e-14,0.00023950234487157642,2.1164699556985713,-0.4962164742359128
20.0,2.6,0.1,0.001,1.8737660994551334e-14,0.0002467587822732479,4.131987645541716,-0.8168026024374485
50.0,2.6,0.1,0.001,4.5758695950194516e-14,0.00024675878230010504,3.232390729510346,-0.816802602437349
80.0,2.6,0.1,0.001,1.5825090423240948e-13,0.000246758782273249,4.046666540753152,-0.8168026024374658
20.0,3.0,0.1,0.001,1.8337263983247524e-14,0.00022860690584029596,2.531677126989575,-0.5885182448039901
50.0,3.0,0.1,0.001,2.1590370572001483e-14,0.00022860690584343063,2.132640823578919,-0.588518244803974
80.0,3.0,0.1,0.001,7.640260587890891e-14,0.00022860690584029726,2.9475337906232997,-0.5885182448040045
20.0,0.5,0.1,0.005,2.983363354498218e-14,0.0005775314913811633,inf,1.0000000000000002
50.0,0.5,0.1,0.005,2.4940924038935063e-14,0.0005775314915232635,65761853083518.9,1.0000000000000002
80.0,0.5,0.1,0.005,2.899232930571906e-13,0.0005775314913811727,44422051595140.586,1.0
20.0,1.0,0.1,0.005,4.6851104310032206e-14,0.0005775314919673481,113182779308950.89,1.0
50.0,1.0,0.1,0.005,8.032663603118138e-14,0.0005775314919485278,56923633442976.43,1.0000000000000002
80.0,1.0,0.1,0.005,4.657555238646704e-14,0.0005775314919673564,47396953672828.23,1.0
20.0,1.5,0.1,0.005,4.0475235114123114e-14,0.0005775314917845555,210763590264983.28,1.0
50.0,1.5,0.1,0.005,8.766656218014065e-14,0.0005775314917288116,175244650940317.12,1.0
80.0,1.5,0.1,0.005,9.10667083379302e-14,0.0005775314917845629,50837427997843.805,1.0
20.0,1.6,0.1,0.005,3.222524539890387e-14,0.001300049452892393,3.8116182611892904,-0.5581099818015511
50.0,1.6,0.1,0.005,9.58715531568919e-14,0.0013000494529051888,1.9442464724865263,-0.5581099818015929
80.0,1.6,0.1,0.005,1.1940645739998044e-13,0.0013000494528923989,1.9984550984514549,-0.5581099818015447
20.0,2.0,0.1,0.005,4.2768729318014934e-14,0.0012194002424006597,3.463444519110998,-0.2808246575966629
50.0,2.0,0.1,0.005,4.229038523758448e-14,0.0012194002423964526,1.4957732946314455,-0.2808246575966922
80.0,2.0,0.1,0.005,1.192049657903432e-13,0.0012194002424006662,1.4171327746108027,-0.2808246575966756
20.0,2.1,0.1,0.005,2.7060192331438386e-14,0.001277498391541311,3.99851563367895,-0.7347106037245718
50.0,2.1,0.1,0.005,7.653387728811017e-14,0.0012774983915242195,2.557261380474282,-0.7347106037245711
80.0,2.1,0.1,0.005,5.154904823138568e-14,0.0012774983915413165,2.953703628957651,-0.7347106037245704
20.0,2.5,0.1,0.005,1.6417445398195127e-14,0.0011964782051738653,2.948588745884228,-0.4959601071170038
50.0,2.5,0.1,0.005,6.53607049203291e-14,0.0011964782051991955,1.7235968585581345,-0.49596010711697014
80.0,2.5,0.1,0.005,9.451743605425429e-14,0.0011964782051738716,2.1145231365479353,-0.4959601071170037
20.0,2.6,0.1,0.005,1.8737660994551334e-14,0.0012327262627918098,4.133673737250239,-0.8167085115232767
50.0,2.6,0.1,0.005,4.5758695950194516e-14,0.0012327262628060271,3.23070817359308,-0.8167085115232365
80.0,2.6,0.1,0.005,1.5825090423240948e-13,0.0012327262627918156,4.042987843161572,-0.8167085115232942
20.0,3.0,0.1,0.005,1.8337263983247524e-14,0.0011420171254968787,2.5328136855851398,-0.5883531144214997
50.0,3.0,0.1,0.005,2.1590370572001483e-14,0.001142017125474387,2.1312267423782694,-0.5883531144215397
80.0,3.0,0.1,0.005,7.640260587890891e-14,0.001142017125496885,2.9448043686330783,-0.5883531144215142
20.0,0.5,0.1,0.01,2.983363354498218e-14,0.0011555077496975183,88349234369621.94,1.0000000000000002
50.0,0.5,0.1,0.01,2.4940924038935063e-14,0.0011555077497268646,39664181767516.34,1.0
80.0,0.5,0.1,0.01,2.899232930571906e-13,0.0011555077496975372,29344664996846.36,1.0000000000000002
20.0,1.0,0.1,0.01,4.6851104310032206e-14,0.0011555077499762585,152020319387118.0,1.0000000000000002
50.0,1.0,0.1,0.01,8.032663603118138e-14,0.0011555077499946769,30987019980361.254,1.0
80.0,1.0,0.1,0.01,4.657555238646704e-14,0.0011555077499762752,46395045628528.41,1.0
20.0,1.5,0.1,0.01,4.0475235114123114e-14,0.0011555077497325766,104787062255787.72,1.0
50.0,1.5,0.1,0.01,8.766656218014065e-14,0.0011555077498354852,85605864884554.6,1.0
80.0,1.5,0.1,0.01,9.10667083379302e-14,0.0011555077497325914,25358896789380.598,1.0
20.0,1.6,0.1,0.01,3.222524539890387e-14,0.0025974024629244062,3.8146372488872853,-0.5577443144126846
50.0,1.6,0.1,0.01,9.58715531568919e-14,0.002597402462945244,1.9440646162737967,-0.5577443144127168
80.0,1.6,0.1,0.01,1.1940645739998044e-13,0.002597402462924418,1.9963945290699063,-0.557744314412678
20.0,2.0,0.1,0.01,4.2768729318014934e-14,0.002436259720212573,3.466489282793112,-0.280296279004913
50.0,2.0,0.1,0.01,4.229038523758448e-14,0.0024362597202028644,1.4962952631220745,-0.2802962790049518
80.0,2.0,0.1,0.01,1.192049657903432e-13,0.0024362597202125863,1.4155769368554703,-0.28029627900492565
20.0,2.1,0.1,0.01,2.7060192331438386e-14,0.0025522905859732443,4.001139787909426,-0.7345121521618322
50.0,2.1,0.1,0.01,7.653387728811017e-14,0.002552290585966933,2.5561249846535117,-0.7345121521618285
80.0,2.1,0.1,0.01,5.154904823138568e-14,0.0025522905859732556,2.9504717425817018,-0.734512152161831
20.0,2.5,0.1,0.01,1.6417445398195127e-14,0.0023903760639947813,2.950822292808392,-0.4956392876217658
50.0,2.5,0.1,0.01,6.53607049203291e-14,0.002390376063997592,1.7227804474938877,-0.4956392876217352
80.0,2.5,0.1,0.01,9.451743605425429e-14,0.002390376063994794,2.112094647625837,-0.4956392876217657
20.0,2.6,0.1,0.01,1.8737660994551334e-14,0.0024627869315620625,4.135781918869405,-0.8165907408098697
50.0,2.6,0.1,0.01,4.5758695950194516e-14,0.002462786931571571,3.228610831289886,-0.8165907408098304
80.0,2.6,0.1,0.01,1.5825090423240948e-13,0.002462786931562074,4.038399052352401,-0.8165907408098874
20.0,3.0,0.1,0.01,1.8337263983247524e-14,0.0022814940813487097,2.534234864431611,-0.5881464831582685
50.0,3.0,0.1,0.01,2.1590370572001483e-14,0.0022814940813310368,2.1294636128282765,-0.5881464831583032
80.0,3.0,0.1,0.01,7.640260587890891e-14,0.0022814940813487227,2.941399544133436,-0.5881464831582829
20.0,0.5,0.1,0.02,2.983363354498218e-14,0.002312796106463726,inf,1.0
50.0,0.5,0.1,0.02,2.4940924038935063e-14,0.002312796106486611,98920652377093.05,0.9999999999999999
80.0,0.5,0.1,0.02,2.899232930571906e-13,0.002312796106463764,33810467611341.863,1.0
20.0,1.0,0.1,0.02,4.6851104310032206e-14,0.0023127961065419846,285826019780142.56,1.0
50.0,1.0,0.1,0.02,8.032663603118138e-14,0.0023127961065715994,80802337408295.95,1.0000000000000002
80.0,1.0,0.1,0.02,4.657555238646704e-14,0.002312796106542018,85004883723195.58,0.9999999999999999
20.0,1.5,0.1,0.02,4.0475235114123114e-14,0.0023127961064940378,inf,1.0
50.0,1.5,0.1,0.02,8.766656218014065e-14,0.0023127961065193257,inf,1.0
80.0,1.5,0.1,0.02,9.10667083379302e-14,0.0023127961064940672,134989706199424.89,1.0
20.0,1.6,0.1,0.02,3.222524539890387e-14,0.005184043518214652,3.820671729946242,-0.5570113287104842
50.0,1.6,0.1,0.02,9.58715531568919e-14,0.005184043518209406,1.9437117846116714,-0.5570113287105347
80.0,1.6,0.1,0.02,1.1940645739998044e-13,0.005184043518214676,1.99228967828585,-0.5570113287104778
20.0,2.0,0.1,0.02,4.2768729318014934e-14,0.00486237963763271,3.4725741754194432,-0.2792377821805686
50.0,2.0,0.1,0.02,4.229038523758448e-14,0.004862379637612256,1.4973482632165394,-0.2792377821806067
80.0,2.0,0.1,0.02,1.192049657903432e-13,0.004862379637632736,1.412477421178021,-0.2792377821805813
20.0,2.1,0.1,0.02,2.7060192331438386e-14,0.005093780455072352,4.006387064662368,-0.7341143162267918
50.0,2.1,0.1,0.02,7.653387728811017e-14,0.005093780455066254,2.5538667660687437,-0.7341143162267862
80.0,2.1,0.1,0.02,5.154904823138568e-14,0.005093780455072374,2.9440312219889644,-0.7341143162267906
20.0,2.5,0.1,0.02,1.6417445398195127e-14,0.004770453706769298,2.9552875039953683,-0.4949964471919562
50.0,2.5,0.1,0.02,6.53607049203291e-14,0.004770453706763875,1.7211603848686747,-0.49499644719195396
80.0,2.5,0.1,0.02,9.451743605425429e-14,0.004770453706769323,2.1072544022553705,-0.4949964471919562
20.0,2.6,0.1,0.02,1.8737660994551334e-14,0.004914934946209571,4.140000102325721,-0.8163546754862614
50.0,2.6,0.1,0.02,4.5758695950194516e-14,0.004914934946207936,3.224435581215184,-0.816354675486231
80.0,2.6,0.1,0.02,1.5825090423240948e-13,0.0049149349462095935,4.0292533084745,-0.8163546754862788
20.0,3.0,0.1,0.02,1.8337263983247524e-14,0.004552849702941871,2.537078772922534,-0.5877324934030985
50.0,3.0,0.1,0.02,2.1590370572001483e-14,0.004552849702937212,2.1259522126574804,-0.5877324934031175
80.0,3.0,0.1,0.02,7.640260587890891e-14,0.004552849702941896,2.93461300347586,-0.5877324934031131
20.0,0.5,0.1,0.05,2.983363354498218e-14,0.005795375717883343,inf,0.9999999999999998
50.0,0.5,0.1,0.05,2.4940924038935063e-14,0.005795375717905086,181082452500923.1,1.0
80.0,0.5,0.1,0.05,2.899232930571906e-13,0.005795375717883437,36266291855547.945,1.0
20.0,1.0,0.1,0.05,4.6851104310032206e-14,0.0057953757179139845,inf,1.0000000000000002
50.0,1.0,0.1,0.05,8.032663603118138e-14,0.005795375717928295,118663949687194.92,1.0000000000000002
80.0,1.0,0.1,0.05,4.657555238646704e-14,0.005795375717914069,65713643882780.51,1.0000000000000002
20.0,1.5,0.1,0.05,4.0475235114123114e-14,1.7760460959181872,7.5760674516011495,-0.2980298602197077
50.0,1.5,0.1,0.05,8.766656218014065e-14,1.7760460959182083,3.0613032769442756,-0.2980298602197281
80.0,1.5,0.1,0.05,9.10667083379302e-14,1.77604609591821,1.961330152180349,-0.29802986021972006
20.0,1.6,0.1,0.05,3.222524539890387e-14,0.012879882910381068,3.838746168800148,-0.5547991550339533
50.0,1.6,0.1,0.05,9.58715531568919e-14,0.012879882910383982,1.9427392116119462,-0.5547991550339934
80.0,1.6,0.1,0.05,1.1940645739998044e-13,0.012879882910381127,1.9801045225886829,-0.5547991550339467
20.0,2.0,0.1,0.05,4.2768729318014934e-14,0.5701623837864175,4.387169694586076,-0.6351500545120301
50.0,2.0,0.1,0.05,4.229038523758448e-14,0.5701623837864256,2.232756503189184,-0.6351500545120481
80.0,2.0,0.1,0.05,1.192049657903432e-13,0.5701623837864206,2.1868351958398677,-0.6351500545120454
20.0,2.1,0.1,0.05,2.7060192331438386e-14,0.012653924585525046,4.022119444171702,-0.7329133324175127
50.0,2.1,0.1,0.05,7.653387728811017e-14,0.012653924585524699,2.547207520162611,-0.7329133324175053
80.0,2.1,0.1,0.05,5.154904823138568e-14,0.012653924585525101,2.924894282570965,-0.7329133324175113
20.0,2.5,0.1,0.05,1.6417445398195127e-14,0.4033779592113118,3.9669663759560563,-0.7367155924958435
50.0,2.5,0.1,0.05,6.53607049203291e-14,0.40337795921131225,2.569239345011384,-0.7367155924958353
80.0,2.5,0.1,0.05,9.451743605425429e-14,0.4033779592113139,2.989630260077453,-0.7367155924958518
20.0,2.6,0.1,0.05,1.8737660994551334e-14,0.012208012122067936,4.152667898160249,-0.8156422822196586
50.0,2.6,0.1,0.05,4.5758695950194516e-14,0.01220801212207155,3.2120639086779494,-0.8156422822196274
80.0,2.6,0.1,0.05,1.5825090423240948e-13,0.012208012122067994,4.00206890313392,-0.8156422822196762
20.0,3.0,0.1,0.05,1.8337263983247524e-14,0.3209493074985829,3.6369396117075183,-0.7953970416372932
50.0,3.0,0.1,0.05,2.1590370572001483e-14,0.32094930749858613,3.14866973455446,-0.7953970416373077
80.0,3.0,0.1,0.05,7.640260587890891e-14,0.3209493074985847,4.131475734093033,-0.7953970416373041
20.0,0.5,0.5,0.001,8.398451164011076e-15,0.00011547073433829483,14028538661626.191,1.0
50.0,0.5,0.5,0.001,1.0706353435562416e-14,0.00011547073430508935,5193840717213.273,1.0
80.0,0.5,0.5,0.001,1.9532009207675274e-14,0.0001154707343382967,4213481784222.7773,1.0000000000000004
20.0,1.0,0.5,0.001,2.825434977779579e-15,0.00011547073576926373,17934071311172.375,1.0000000000000002
50.0,1.0,0.5,0.001,3.231975052115204e-14,0.00011547073649388975,7903279183274.151,1.0000000000000002
80.0,1.0,0.5,0.001,2.803998628033177e-14,0.0001154707357692654,5382709097711.05,1.0000000000000002
20.0,1.5,0.5,0.001,3.1132182061141134e-15,0.00011547073502934749,19480140504599.5,1.0000000000000002
50.0,1.5,0.5,0.001,8.01501301782182e-15,0.00011547073531458666,7469808680902.847,1.0000000000000002
80.0,1.5,0.5,0.001,1.2641775555327257e-14,0.00011547073502934898,5872433802712.2705,1.0000000000000002
20.0,1.6,0.5,0.001,5.8703283477293e-15,0.00026022589911668453,3.8092022457245904,-0.5584021196134092
50.0,1.6,0.5,0.001,6.3201331283580916e-15,0.000260225899192173,1.9443945830985805,-0.5584021196133533
80.0,1.6,0.5,0.001,7.743913303739184e-15,0.00026022589911668567,2.0001074746192185,-0.5584021196134074
20.0,2.0,0.5,0.001,9.174331710574232e-15,0.00024408358931349094,3.4610076070631237,-0.28124694225685765
50.0,2.0,0.5,0.001,4.842201187906317e-15,0.00024408358938869518,1.4953579152020813,-0.2812469422568821
80.0,2.0,0.5,0.001,2.2058660882351242e-14,0.0002440835893134923,1.4183803691988575,-0.2812469422568559
20.0,2.1,0.5,0.001,3.3137203107343038e-15,0.0002557164639158396,3.9964160779000553,-0.734869141273853
50.0,2.1,0.5,0.001,1.1719607420707712e-14,0.00025571646372663534,2.55817400958541,-0.734869141273883
80.0,2.1,0.5,0.001,8.426839335849103e-15,0.0002557164639158407,2.956294736335326,-0.7348691412738522
20.0,2.5,0.5,0.001,3.713433893763226e-15,0.00023950234487157514,2.9468014678248475,-0.49621647423590515
50.0,2.5,0.5,0.001,9.618208191922421e-15,0.00023950234498127513,1.7242530602883723,-0.49621647423579385
80.0,2.5,0.5,0.001,8.714485276313488e-15,0.00023950234487157642,2.116469955698422,-0.4962164742359077
20.0,2.6,0.5,0.001,4.992049154911906e-15,0.0002467587822732479,4.131987645541666,-0.8168026024374422
50.0,2.6,0.5,0.001,5.146948150028146e-15,0.00024675878230010504,3.232390729510539,-0.8168026024373684
80.0,2.6,0.5,0.001,3.186821116543783e-14,0.000246758782273249,4.046666540752515,-0.8168026024374387
20.0,3.0,0.5,0.001,5.325475069401085e-15,0.00022860690584029596,2.5316771269895786,-0.5885182448039974
50.0,3.0,0.5,0.001,6.033900422674337e-15,0.00022860690584343063,2.1326408235788885,-0.588518244803963
80.0,3.0,0.5,0.001,1.438860749643715e-14,0.00022860690584029726,2.9475337906230674,-0.5885182448039967
20.0,0.5,0.5,0.005,8.398451164011076e-15,0.0005775314913811633,inf,1.0
50.0,0.5,0.5,0.005,1.0706353435562416e-14,0.0005775314915232635,61654236115421.7,1.0000000000000002
80.0,0.5,0.5,0.005,1.9532009207675274e-14,0.0005775314913811727,225631562436688.44,1.0000000000000002
20.0,1.0,0.5,0.005,2.825434977779579e-15,0.0005775314919673481,105906259969525.53,1.0000000000000002
50.0,1.0,0.5,0.005,3.231975052115204e-14,0.0005775314919485278,73697657720881.42,1.0000000000000002
80.0,1.0,0.5,0.005,2.803998628033177e-14,0.0005775314919673564,32578642791251.164,1.0000000000000002
20.0,1.5,0.5,0.005,3.1132182061141134e-15,0.0005775314917845555,211088318344975.84,1.0000000000000002
50.0,1.5,0.5,0.005,8.01501301782182e-15,0.0005775314917288116,101929291220488.88,1.0
80.0,1.5,0.5,0.005,1.2641775555327257e-14,0.0005775314917845629,69856533710108.836,1.0
20.0,1.6,0.5,0.005,5.8703283477293e-15,0.001300049452892393,3.811618261189158,-0.558109981801551
50.0,1.6,0.5,0.005,6.3201331283580916e-15,0.0013000494529051888,1.9442464724863797,-0.5581099818015598
80.0,1.6,0.5,0.005,7.743913303739184e-15,0.0013000494528923989,1.998455098451363,-0.5581099818015489
20.0,2.0,0.5,0.005,9.174331710574232e-15,0.0012194002424006597,3.4634445191108787,-0.28082465759665437
50.0,2.0,0.5,0.005,4.842201187906317e-15,0.0012194002423964526,1.495773294631403,-0.2808246575966559
80.0,2.0,0.5,0.005,2.2058660882351242e-14,0.0012194002424006662,1.4171327746108475,-0.28082465759665276
20.0,2.1,0.5,0.005,3.3137203107343038e-15,0.001277498391541311,3.998515633678843,-0.7347106037245673
50.0,2.1,0.5,0.005,1.1719607420707712e-14,0.0012774983915242195,2.55726138047428,-0.734710603724571
80.0,2.1,0.5,0.005,8.426839335849103e-15,0.0012774983915413165,2.953703628957544,-0.7347106037245663
20.0,2.5,0.5,0.005,3.713433893763226e-15,0.0011964782051738653,2.9485887458842104,-0.495960107116996
50.0,2.5,0.5,0.005,9.618208191922421e-15,0.0011964782051991955,1.723596858558127,-0.495960107116965
80.0,2.5,0.5,0.005,8.714485276313488e-15,0.0011964782051738716,2.1145231365477875,-0.4959601071169986
20.0,2.6,0.5,0.005,4.992049154911906e-15,0.0012327262627918098,4.133673737250187,-0.8167085115232704
50.0,2.6,0.5,0.005,5.146948150028146e-15,0.0012327262628060271,3.230708173593272,-0.8167085115232556
80.0,2.6,0.5,0.005,3.186821116543783e-14,0.0012327262627918156,4.042987843160936,-0.8167085115232671
20.0,3.0,0.5,0.005,5.325475069401085e-15,0.0011420171254968787,2.532813685585143,-0.588353114421507
50.0,3.0,0.5,0.005,6.033900422674337e-15,0.001142017125474387,2.1312267423782387,-0.5883531144215288
80.0,3.0,0.5,0.005,1.438860749643715e-14,0.001142017125496885,2.9448043686328473,-0.5883531144215062
20.0,0.5,0.5,0.01,8.398451164011076e-15,0.0011555077496975183,96752542126137.8,1.0
50.0,0.5,0.5,0.01,1.0706353435562416e-14,0.0011555077497268646,37126724946484.71,1.0000000000000002
80.0,0.5,0.5,0.01,1.9532009207675274e-14,0.0011555077496975372,32851680316559.66,1.0000000000000002
20.0,1.0,0.5,0.01,2.825434977779579e-15,0.0011555077499762585,135921405553664.36,1.0000000000000002
50.0,1.0,0.5,0.01,3.231975052115204e-14,0.0011555077499946769,44792235940853.66,0.9999999999999998
80.0,1.0,0.5,0.01,2.803998628033177e-14,0.0011555077499762752,39786594528532.95,1.0
20.0,1.5,0.5,0.01,3.1132182061141134e-15,0.0011555077497325766,108226303954827.42,1.0000000000000002
50.0,1.5,0.5,0.01,8.01501301782182e-15,0.0011555077498354852,92725486313349.34,1.0
80.0,1.5,0.5,0.01,1.2641775555327257e-14,0.0011555077497325914,36257989892959.32,1.0
20.0,1.6,0.5,0.01,5.8703283477293e-15,0.0025974024629244062,3.8146372488871547,-0.5577443144126843
50.0,1.6,0.5,0.01,6.3201331283580916e-15,0.002597402462945244,1.9440646162736483,-0.5577443144126836
80.0,1.6,0.5,0.01,7.743913303739184e-15,0.002597402462924418,1.9963945290698135,-0.5577443144126824
20.0,2.0,0.5,0.01,9.174331710574232e-15,0.002436259720212573,3.466489282792991,-0.2802962790049044
50.0,2.0,0.5,0.01,4.842201187906317e-15,0.0024362597202028644,1.496295263122032,-0.28029627900491544
80.0,2.0,0.5,0.01,2.2058660882351242e-14,0.0024362597202125863,1.4155769368555151,-0.28029627900490284
20.0,2.1,0.5,0.01,3.3137203107343038e-15,0.0025522905859732443,4.001139787909318,-0.7345121521618277
50.0,2.1,0.5,0.01,1.1719607420707712e-14,0.002552290585966933,2.556124984653511,-0.7345121521618282
80.0,2.1,0.5,0.01,8.426839335849103e-15,0.0025522905859732556,2.9504717425815947,-0.7345121521618267
20.0,2.5,0.5,0.01,3.713433893763226e-15,0.0023903760639947813,2.950822292808372,-0.4956392876217581
50.0,2.5,0.5,0.01,9.618208191922421e-15,0.002390376063997592,1.7227804474938795,-0.49563928762173
80.0,2.5,0.5,0.01,8.714485276313488e-15,0.002390376063994794,2.112094647625689,-0.4956392876217606
20.0,2.6,0.5,0.01,4.992049154911906e-15,0.0024627869315620625,4.135781918869355,-0.8165907408098637
50.0,2.6,0.5,0.01,5.146948150028146e-15,0.002462786931571571,3.228610831290079,-0.8165907408098497
80.0,2.6,0.5,0.01,3.186821116543783e-14,0.002462786931562074,4.0383990523517665,-0.8165907408098602
20.0,3.0,0.5,0.01,5.325475069401085e-15,0.0022814940813487097,2.5342348644316126,-0.5881464831582757
50.0,3.0,0.5,0.01,6.033900422674337e-15,0.0022814940813310368,2.1294636128282463,-0.5881464831582922
80.0,3.0,0.5,0.01,1.438860749643715e-14,0.0022814940813487227,2.9413995441332057,-0.5881464831582751
20.0,0.5,0.5,0.02,8.398451164011076e-15,0.002312796106463726,inf,1.0
50.0,0.5,0.5,0.02,1.0706353435562416e-14,0.002312796106486611,165784520687129.1,1.0
80.0,0.5,0.5,0.02,1.9532009207675274e-14,0.002312796106463764,111814481359024.1,1.0
20.0,1.0,0.5,0.02,2.825434977779579e-15,0.0023127961065419846,263160359780359.88,1.0
50.0,1.0,0.5,0.02,3.231975052115204e-14,0.0023127961065715994,158552272153424.94,1.0
80.0,1.0,0.5,0.02,2.803998628033177e-14,0.002312796106542018,86273281599149.44,1.0000000000000002
20.0,1.5,0.5,0.02,3.1132182061141134e-15,0.0023127961064940378,inf,1.0000000000000002
50.0,1.5,0.5,0.02,8.01501301782182e-15,0.0023127961065193257,143152048403340.0,1.0
80.0,1.5,0.5,0.02,1.2641775555327257e-14,0.0023127961064940672,134026471258654.23,1.0
20.0,1.6,0.5,0.02,5.8703283477293e-15,0.005184043518214652,3.8206717299461075,-0.5570113287104841
50.0,1.6,0.5,0.02,6.3201331283580916e-15,0.005184043518209406,1.9437117846115228,-0.5570113287105015
80.0,1.6,0.5,0.02,7.743913303739184e-15,0.005184043518214676,1.9922896782857582,-0.557011328710482
20.0,2.0,0.5,0.02,9.174331710574232e-15,0.00486237963763271,3.4725741754193256,-0.2792377821805601
50.0,2.0,0.5,0.02,4.842201187906317e-15,0.004862379637612256,1.4973482632164972,-0.27923778218057027
80.0,2.0,0.5,0.02,2.2058660882351242e-14,0.004862379637632736,1.4124774211780664,-0.2792377821805585
20.0,2.1,0.5,0.02,3.3137203107343038e-15,0.005093780455072352,4.006387064662261,-0.7341143162267875
50.0,2.1,0.5,0.02,1.1719607420707712e-14,0.005093780455066254,2.5538667660687433,-0.7341143162267859
80.0,2.1,0.5,0.02,8.426839335849103e-15,0.005093780455072374,2.9440312219888596,-0.7341143162267866
20.0,2.5,0.5,0.02,3.713433893763226e-15,0.004770453706769298,2.955287503995349,-0.49499644719194835
50.0,2.5,0.5,0.02,9.618208191922421e-15,0.004770453706763875,1.7211603848686667,-0.49499644719194874
80.0,2.5,0.5,0.02,8.714485276313488e-15,0.004770453706769323,2.107254402255222,-0.49499644719195096
20.0,2.6,0.5,0.02,4.992049154911906e-15,0.004914934946209571,4.140000102325671,-0.8163546754862551
50.0,2.6,0.5,0.02,5.146948150028146e-15,0.004914934946207936,3.2244355812153773,-0.8163546754862506
80.0,2.6,0.5,0.02,3.186821116543783e-14,0.0049149349462095935,4.029253308473868,-0.8163546754862515
20.0,3.0,0.5,0.02,5.325475069401085e-15,0.004552849702941871,2.5370787729225355,-0.5877324934031058
50.0,3.0,0.5,0.02,6.033900422674337e-15,0.004552849702937212,2.125952212657449,-0.5877324934031066
80.0,3.0,0.5,0.02,1.438860749643715e-14,0.004552849702941896,2.934613003475631,-0.587732493403105
20.0,0.5,0.5,0.05,8.398451164011076e-15,0.005795375717883343,inf,1.0
50.0,0.5,0.5,0.05,1.0706353435562416e-14,0.005795375717905086,inf,1.0
80.0,0.5,0.5,0.05,1.9532009207675274e-14,0.005795375717883437,153564154553207.53,1.0000000000000002
20.0,1.0,0.5,0.05,2.825434977779579e-15,0.0057953757179139845,inf,1.0000000000000002
50.0,1.0,0.5,0.05,3.231975052115204e-14,0.005795375717928295,inf,1.0
80.0,1.0,0.5,0.05,2.803998628033177e-14,0.005795375717914069,inf,1.0000000000000002
20.0,1.5,0.5,0.05,3.1132182061141134e-15,1.7760460959181872,7.576067451600823,-0.29802986021970157
50.0,1.5,0.5,0.05,8.01501301782182e-15,1.7760460959182083,3.0613032769440234,-0.2980298602197098
80.0,1.5,0.5,0.05,1.2641775555327257e-14,1.77604609591821,1.9613301521804851,-0.2980298602196939
20.0,1.6,0.5,0.05,5.8703283477293e-15,0.012879882910381068,3.8387461688000144,-0.5547991550339529
50.0,1.6,0.5,0.05,6.3201331283580916e-15,0.012879882910383982,1.9427392116117956,-0.5547991550339602
80.0,1.6,0.5,0.05,7.743913303739184e-15,0.012879882910381127,1.9801045225885927,-0.554799155033951
20.0,2.0,0.5,0.05,9.174331710574232e-15,0.5701623837864175,4.387169694585903,-0.6351500545120219
50.0,2.0,0.5,0.05,4.842201187906317e-15,0.5701623837864256,2.232756503189098,-0.6351500545120238
80.0,2.0,0.5,0.05,2.2058660882351242e-14,0.5701623837864206,2.186835195839847,-0.6351500545120219
20.0,2.1,0.5,0.05,3.3137203107343038e-15,0.012653924585525046,4.022119444171594,-0.7329133324175083
50.0,2.1,0.5,0.05,1.1719607420707712e-14,0.012653924585524699,2.547207520162609,-0.7329133324175053
80.0,2.1,0.5,0.05,8.426839335849103e-15,0.012653924585525101,2.9248942825708606,-0.7329133324175072
20.0,2.5,0.5,0.05,3.713433893763226e-15,0.4033779592113118,3.9669663759560287,-0.7367155924958401
50.0,2.5,0.5,0.05,9.618208191922421e-15,0.40337795921131225,2.569239345011398,-0.7367155924958372
80.0,2.5,0.5,0.05,8.714485276313488e-15,0.4033779592113139,2.9896302600772304,-0.7367155924958402
20.0,2.6,0.5,0.05,4.992049154911906e-15,0.012208012122067936,4.1526678981602,-0.8156422822196523
50.0,2.6,0.5,0.05,5.146948150028146e-15,0.01220801212207155,3.2120639086781413,-0.815642282219647
80.0,2.6,0.5,0.05,3.186821116543783e-14,0.012208012122067994,4.002068903133295,-0.8156422822196487
20.0,3.0,0.5,0.05,5.325475069401085e-15,0.3209493074985829,3.636939611707541,-0.7953970416372982
50.0,3.0,0.5,0.05,6.033900422674337e-15,0.32094930749858613,3.1486697345543995,-0.7953970416373003
80.0,3.0,0.5,0.05,1.438860749643715e-14,0.3209493074985847,4.131475734092703,-0.7953970416372967
20.0,0.5,1.0,0.001,5.367493270416107e-15,0.00011547073433829483,14071212990805.883,1.0
50.0,0.5,1.0,0.001,6.086096674257455e-15,0.00011547073430508935,5154507092833.7,0.9999999999999999
80.0,0.5,1.0,0.001,2.405890309058404e-14,0.0001154707343382967,4236314145673.145,1.0
20.0,1.0,1.0,0.001,3.3096120970132856e-15,0.00011547073576926373,17848963909484.707,1.0000000000000002
50.0,1.0,1.0,0.001,1.634927141399028e-14,0.00011547073649388975,7903500517650.654,1.0
80.0,1.0,1.0,0.001,8.563467173549555e-15,0.0001154707357692654,5397370409162.218,1.0
20.0,1.5,1.0,0.001,2.230749177834077e-15,0.00011547073502934749,19499696243395.625,1.0000000000000002
50.0,1.5,1.0,0.001,8.398111768833349e-15,0.00011547073531458666,7471532104907.934,1.0000000000000002
80.0,1.5,1.0,0.001,1.188550961270387e-14,0.00011547073502934898,5859573993852.0625,1.0000000000000002
20.0,1.6,1.0,0.001,1.6431311776089174e-15,0.00026022589911668453,3.8092022457246117,-0.5584021196134114
50.0,1.6,1.0,0.001,8.716858647519309e-15,0.000260225899192173,1.9443945830985931,-0.5584021196133556
80.0,1.6,1.0,0.001,1.0674512826243792e-14,0.00026022589911668567,2.0001074746192185,-0.558402119613404
20.0,2.0,1.0,0.001,3.5378542237867746e-15,0.00024408358931349094,3.4610076070631055,-0.28124694225685803
50.0,2.0,1.0,0.001,3.985358593464214e-15,0.00024408358938869518,1.4953579152020826,-0.28124694225687974
80.0,2.0,1.0,0.001,1.0000575890725334e-14,0.0002440835893134923,1.418380369198867,-0.2812469422568511
20.0,2.1,1.0,0.001,1.6900480606768597e-15,0.0002557164639158396,3.996416077900037,-0.7348691412738521
50.0,2.1,1.0,0.001,8.506077785472203e-15,0.00025571646372663534,2.5581740095854237,-0.7348691412738854
80.0,2.1,1.0,0.001,6.762799838655024e-15,0.0002557164639158407,2.9562947363353222,-0.73486914127385
20.0,2.5,1.0,0.001,2.338505170726833e-15,0.00023950234487157514,2.946801467824851,-0.49621647423590476
50.0,2.5,1.0,0.001,1.0656787272614684e-14,0.00023950234498127513,1.7242530602883754,-0.4962164742357952
80.0,2.5,1.0,0.001,9.280690419990145e-15,0.00023950234487157642,2.116469955698428,-0.4962164742359037
20.0,2.6,1.0,0.001,5.296165953190083e-15,0.0002467587822732479,4.131987645541654,-0.8168026024374413
50.0,2.6,1.0,0.001,4.454473571803716e-15,0.00024675878230010504,3.2323907295105516,-0.8168026024373699
80.0,2.6,1.0,0.001,2.0232997655859533e-14,0.000246758782273249,4.046666540752534,-0.8168026024374426
20.0,3.0,1.0,0.001,8.638426371236202e-16,0.00022860690584029596,2.531677126989566,-0.5885182448039966
50.0,3.0,1.0,0.001,3.0321120150404452e-15,0.00022860690584343063,2.1326408235788947,-0.5885182448039629
80.0,3.0,1.0,0.001,8.936124248393057e-15,0.00022860690584029726,2.947533790623109,-0.588518244804001
20.0,0.5,1.0,0.005,5.367493270416107e-15,0.0005775314913811633,inf,1.0000000000000002
50.0,0.5,1.0,0.005,6.086096674257455e-15,0.0005775314915232635,58814314790769.65,0.9999999999999999
80.0,0.5,1.0,0.005,2.405890309058404e-14,0.0005775314913811727,232025091057500.72,1.0
20.0,1.0,1.0,0.005,3.3096120970132856e-15,0.0005775314919673481,106202612108687.22,1.0000000000000002
50.0,1.0,1.0,0.005,1.634927141399028e-14,0.0005775314919485278,68488401324892.29,1.0
80.0,1.0,1.0,0.005,8.563467173549555e-15,0.0005775314919673564,33170996446468.914,1.0
20.0,1.5,1.0,0.005,2.230749177834077e-15,0.0005775314917845555,205147589417328.97,1.0000000000000002
50.0,1.5,1.0,0.005,8.398111768833349e-15,0.0005775314917288116,98454501485321.22,1.0
80.0,1.5,1.0,0.005,1.188550961270387e-14,0.0005775314917845629,63712425855292.414,1.0
20.0,1.6,1.0,0.005,1.6431311776089174e-15,0.001300049452892393,3.8116182611891807,-0.5581099818015529
50.0,1.6,1.0,0.005,8.716858647519309e-15,0.0013000494529051888,1.9442464724863928,-0.5581099818015623
80.0,1.6,1.0,0.005,1.0674512826243792e-14,0.0013000494528923989,1.9984550984513612,-0.5581099818015457
20.0,2.0,1.0,0.005,3.5378542237867746e-15,0.0012194002424006597,3.46344451911086,-0.28082465759665476
50.0,2.0,1.0,0.005,3.985358593464214e-15,0.0012194002423964526,1.4957732946314048,-0.2808246575966534
80.0,2.0,1.0,0.005,1.0000575890725334e-14,0.0012194002424006662,1.417132774610857,-0.28082465759664793
20.0,2.1,1.0,0.005,1.6900480606768597e-15,0.001277498391541311,3.998515633678826,-0.7347106037245664
50.0,2.1,1.0,0.005,8.506077785472203e-15,0.0012774983915242195,2.5572613804742956,-0.7347106037245734
80.0,2.1,1.0,0.005,6.762799838655024e-15,0.0012774983915413165,2.953703628957542,-0.7347106037245643
20.0,2.5,1.0,0.005,2.338505170726833e-15,0.0011964782051738653,2.948588745884213,-0.49596010711699573
50.0,2.5,1.0,0.005,1.0656787272614684e-14,0.0011964782051991955,1.7235968585581298,-0.49596010711696625
80.0,2.5,1.0,0.005,9.280690419990145e-15,0.0011964782051738716,2.1145231365477914,-0.49596010711699473
20.0,2.6,1.0,0.005,5.296165953190083e-15,0.0012327262627918098,4.133673737250177,-0.8167085115232695
50.0,2.6,1.0,0.005,4.454473571803716e-15,0.0012327262628060271,3.2307081735932863,-0.8167085115232573
80.0,2.6,1.0,0.005,2.0232997655859533e-14,0.0012327262627918156,4.0429878431609545,-0.8167085115232707
20.0,3.0,1.0,0.005,8.638426371236202e-16,0.0011420171254968787,2.5328136855851304,-0.5883531144215063
50.0,3.0,1.0,0.005,3.0321120150404452e-15,0.001142017125474387,2.131226742378244,-0.5883531144215287
80.0,3.0,1.0,0.005,8.936124248393057e-15,0.001142017125496885,2.9448043686328877,-0.5883531144215107
20.0,0.5,1.0,0.01,5.367493270416107e-15,0.0011555077496975183,95548388531608.39,1.0000000000000002
50.0,0.5,1.0,0.01,6.086096674257455e-15,0.0011555077497268646,35502805613667.72,0.9999999999999999
80.0,0.5,1.0,0.01,2.405890309058404e-14,0.0011555077496975372,28654145611366.36,1.0000000000000002
20.0,1.0,1.0,0.01,3.3096120970132856e-15,0.0011555077499762585,141272502732503.78,1.0
50.0,1.0,1.0,0.01,1.634927141399028e-14,0.0011555077499946769,42603369510105.45,1.0
80.0,1.0,1.0,0.01,8.563467173549555e-15,0.0011555077499762752,38351747296412.63,0.9999999999999999
20.0,1.5,1.0,0.01,2.230749177834077e-15,0.0011555077497325766,106617618699390.86,1.0
50.0,1.5,1.0,0.01,8.398111768833349e-15,0.0011555077498354852,88686431132839.36,1.0
80.0,1.5,1.0,0.01,1.188550961270387e-14,0.0011555077497325914,33523641781237.84,1.0000000000000002
20.0,1.6,1.0,0.01,1.6431311776089174e-15,0.0025974024629244062,3.814637248887176,-0.5577443144126865
50.0,1.6,1.0,0.01,8.716858647519309e-15,0.002597402462945244,1.9440646162736621,-0.557744314412686
80.0,1.6,1.0,0.01,1.0674512826243792e-14,0.002597402462924418,1.9963945290698126,-0.557744314412679
20.0,2.0,1.0,0.01,3.5378542237867746e-15,0.002436259720212573,3.466489282792975,-0.28029627900490495
50.0,2.0,1.0,0.01,3.985358593464214e-15,0.0024362597202028644,1.4962952631220334,-0.28029627900491305
80.0,2.0,1.0,0.01,1.0000575890725334e-14,0.0024362597202125863,1.4155769368555247,-0.28029627900489806
20.0,2.1,1.0,0.01,1.6900480606768597e-15,0.0025522905859732443,4.001139787909302,-0.7345121521618269
50.0,2.1,1.0,0.01,8.506077785472203e-15,0.002552290585966933,2.556124984653525,-0.7345121521618309
80.0,2.1,1.0,0.01,6.762799838655024e-15,0.0025522905859732556,2.950471742581594,-0.7345121521618246
20.0,2.5,1.0,0.01,2.338505170726833e-15,0.0023903760639947813,2.950822292808376,-0.49563928762175774
50.0,2.5,1.0,0.01,1.0656787272614684e-14,0.002390376063997592,1.7227804474938824,-0.4956392876217314
80.0,2.5,1.0,0.01,9.280690419990145e-15,0.002390376063994794,2.1120946476256934,-0.4956392876217567
20.0,2.6,1.0,0.01,5.296165953190083e-15,0.0024627869315620625,4.135781918869346,-0.8165907408098628
50.0,2.6,1.0,0.01,4.454473571803716e-15,0.002462786931571571,3.2286108312900916,-0.8165907408098514
80.0,2.6,1.0,0.01,2.0232997655859533e-14,0.002462786931562074,4.038399052351786,-0.816590740809864
20.0,3.0,1.0,0.01,8.638426371236202e-16,0.0022814940813487097,2.5342348644315997,-0.5881464831582751
50.0,3.0,1.0,0.01,3.0321120150404452e-15,0.0022814940813310368,2.129463612828252,-0.5881464831582922
80.0,3.0,1.0,0.01,8.936124248393057e-15,0.0022814940813487227,2.9413995441332474,-0.5881464831582793
20.0,0.5,1.0,0.02,5.367493270416107e-15,0.002312796106463726,inf,1.0
50.0,0.5,1.0,0.02,6.086096674257455e-15,0.002312796106486611,142887092901649.7,0.9999999999999999
80.0,0.5,1.0,0.02,2.405890309058404e-14,0.002312796106463764,232024683211888.22,0.9999999999999998
20.0,1.0,1.0,0.02,3.3096120970132856e-15,0.0023127961065419846,255947153945281.7,1.0000000000000002
50.0,1.0,1.0,0.02,1.634927141399028e-14,0.0023127961065715994,136258288603605.23,1.0
80.0,1.0,1.0,0.02,8.563467173549555e-15,0.002312796106542018,90903174571366.16,0.9999999999999999
20.0,1.5,1.0,0.02,2.230749177834077e-15,0.0023127961064940378,inf,1.0
50.0,1.5,1.0,0.02,8.398111768833349e-15,0.0023127961065193257,137097744264363.92,1.0
80.0,1.5,1.0,0.02,1.188550961270387e-14,0.0023127961064940672,169406412438444.84,1.0
20.0,1.6,1.0,0.02,1.6431311776089174e-15,0.005184043518214652,3.82067172994613,-0.5570113287104861
50.0,1.6,1.0,0.02,8.716858647519309e-15,0.005184043518209406,1.9437117846115362,-0.5570113287105039
80.0,1.6,1.0,0.02,1.0674512826243792e-14,0.005184043518214676,1.9922896782857573,-0.5570113287104786
20.0,2.0,1.0,0.02,3.5378542237867746e-15,0.00486237963763271,3.472574175419307,-0.2792377821805605
50.0,2.0,1.0,0.02,3.985358593464214e-15,0.004862379637612256,1.4973482632164985,-0.27923778218056783
80.0,2.0,1.0,0.02,1.0000575890725334e-14,0.004862379637632736,1.4124774211780748,-0.27923778218055356
20.0,2.1,1.0,0.02,1.6900480606768597e-15,0.005093780455072352,4.0063870646622455,-0.7341143162267865
50.0,2.1,1.0,0.02,8.506077785472203e-15,0.005093780455066254,2.5538667660687584,-0.7341143162267886
80.0,2.1,1.0,0.02,6.762799838655024e-15,0.005093780455072374,2.9440312219888565,-0.7341143162267841
20.0,2.5,1.0,0.02,2.338505170726833e-15,0.004770453706769298,2.955287503995352,-0.49499644719194796
50.0,2.5,1.0,0.02,1.0656787272614684e-14,0.004770453706763875,1.72116038486867,-0.49499644719195013
80.0,2.5,1.0,0.02,9.280690419990145e-15,0.004770453706769323,2.1072544022552275,-0.49499644719194696
20.0,2.6,1.0,0.02,5.296165953190083e-15,0.004914934946209571,4.140000102325661,-0.8163546754862541
50.0,2.6,1.0,0.02,4.454473571803716e-15,0.004914934946207936,3.2244355812153898,-0.8163546754862521
80.0,2.6,1.0,0.02,2.0232997655859533e-14,0.0049149349462095935,4.029253308473887,-0.8163546754862555
20.0,3.0,1.0,0.02,8.638426371236202e-16,0.004552849702941871,2.5370787729225235,-0.5877324934031051
50.0,3.0,1.0,0.02,3.0321120150404452e-15,0.004552849702937212,2.1259522126574546,-0.5877324934031064
80.0,3.0,1.0,0.02,8.936124248393057e-15,0.004552849702941896,2.934613003475671,-0.5877324934031094
20.0,0.5,1.0,0.05,5.367493270416107e-15,0.005795375717883343,inf,1.0
50.0,0.5,1.0,0.05,6.086096674257455e-15,0.005795375717905086,inf,0.9999999999999999
80.0,0.5,1.0,0.05,2.405890309058404e-14,0.005795375717883437,305903512026037.25,0.9999999999999998
20.0,1.0,1.0,0.05,3.3096120970132856e-15,0.0057953757179139845,inf,1.0000000000000002
50.0,1.0,1.0,0.05,1.634927141399028e-14,0.005795375717928295,inf,0.9999999999999999
80.0,1.0,1.0,0.05,8.563467173549555e-15,0.005795375717914069,287892438538718.1,1.0000000000000002
20.0,1.5,1.0,0.05,2.230749177834077e-15,1.7760460959181872,7.576067451600817,-0.29802986021970174
50.0,1.5,1.0,0.05,8.398111768833349e-15,1.7760460959182083,3.0613032769440243,-0.29802986021970895
80.0,1.5,1.0,0.05,1.188550961270387e-14,1.77604609591821,1.9613301521804622,-0.2980298602196983
20.0,1.6,1.0,0.05,1.6431311776089174e-15,0.012879882910381068,3.838746168800037,-0.5547991550339549
50.0,1.6,1.0,0.05,8.716858647519309e-15,0.012879882910383982,1.94273921161181,-0.5547991550339626
80.0,1.6,1.0,0.05,1.0674512826243792e-14,0.012879882910381127,1.9801045225885918,-0.5547991550339478
20.0,2.0,1.0,0.05,3.5378542237867746e-15,0.5701623837864175,4.38716969458588,-0.6351500545120212
50.0,2.0,1.0,0.05,3.985358593464214e-15,0.5701623837864256,2.232756503189099,-0.6351500545120229
80.0,2.0,1.0,0.05,1.0000575890725334e-14,0.5701623837864206,2.186835195839847,-0.6351500545120187
20.0,2.1,1.0,0.05,1.6900480606768597e-15,0.012653924585525046,4.022119444171576,-0.7329133324175074
50.0,2.1,1.0,0.05,8.506077785472203e-15,0.012653924585524699,2.547207520162622,-0.7329133324175079
80.0,2.1,1.0,0.05,6.762799838655024e-15,0.012653924585525101,2.924894282570858,-0.732913332417505
20.0,2.5,1.0,0.05,2.338505170726833e-15,0.4033779592113118,3.9669663759560336,-0.7367155924958397
50.0,2.5,1.0,0.05,1.0656787272614684e-14,0.40337795921131225,2.5692393450114035,-0.736715592495838
80.0,2.5,1.0,0.05,9.280690419990145e-15,0.4033779592113139,2.9896302600772366,-0.7367155924958386
20.0,2.6,1.0,0.05,5.296165953190083e-15,0.012208012122067936,4.152667898160191,-0.8156422822196514
50.0,2.6,1.0,0.05,4.454473571803716e-15,0.01220801212207155,3.2120639086781533,-0.8156422822196485
80.0,2.6,1.0,0.05,2.0232997655859533e-14,0.012208012122067994,4.002068903133314,-0.8156422822196525
20.0,3.0,1.0,0.05,8.638426371236202e-16,0.3209493074985829,3.636939611707525,-0.795397041637298
50.0,3.0,1.0,0.05,3.0321120150404452e-15,0.32094930749858613,3.1486697345544044,-0.7953970416373
80.0,3.0,1.0,0.05,8.936124248393057e-15,0.3209493074985847,4.131475734092772,-0.7953970416373004
20.0,0.5,2.0,0.001,3.872407036640818e-15,0.00011547073433829483,14086229730335.414,1.0
50.0,0.5,2.0,0.001,4.295927742393479e-15,0.00011547073430508935,5140996376334.1455,0.9999999999999999
80.0,0.5,2.0,0.001,8.398451164011076e-15,0.0001154707343382967,4199392946274.0815,1.0
20.0,1.0,2.0,0.001,1.5294537971090056e-15,0.00011547073576926373,17882874113186.098,1.0
50.0,1.0,2.0,0.001,8.638027752530822e-15,0.00011547073649388975,7897985698494.155,1.0
80.0,1.0,2.0,0.001,2.825434977779579e-15,0.0001154707357692654,5368500196542.801,1.0000000000000002
20.0,1.5,2.0,0.001,3.775025445371759e-15,0.00011547073502934749,19499082657419.957,1.0000000000000004
50.0,1.5,2.0,0.001,6.776951934570823e-15,0.00011547073531458666,7481569826444.478,1.0000000000000002
80.0,1.5,2.0,0.001,3.1132182061141134e-15,0.00011547073502934898,5831310487900.714,1.0000000000000002
20.0,1.6,2.0,0.001,3.609193607146847e-15,0.00026022589911668453,3.8092022457246024,-0.5584021196134105
50.0,1.6,2.0,0.001,4.249359365645262e-15,0.000260225899192173,1.9443945830985836,-0.5584021196133532
80.0,1.6,2.0,0.001,5.8703283477293e-15,0.00026022589911668567,2.0001074746192313,-0.5584021196134092
20.0,2.0,2.0,0.001,5.007429422152812e-16,0.00024408358931349094,3.4610076070630926,-0.2812469422568574
50.0,2.0,2.0,0.001,3.0563692475526775e-15,0.00024408358938869518,1.4953579152020824,-0.2812469422568801
80.0,2.0,2.0,0.001,9.174331710574232e-15,0.0002440835893134923,1.4183803691988688,-0.28124694225685765
20.0,2.1,2.0,0.001,2.3348623941467895e-15,0.0002557164639158396,3.996416077900034,-0.7348691412738523
50.0,2.1,2.0,0.001,6.177607945003769e-15,0.00025571646372663534,2.5581740095854237,-0.7348691412738855
80.0,2.1,2.0,0.001,3.3137203107343038e-15,0.0002557164639158407,2.9562947363353387,-0.734869141273853
20.0,2.5,2.0,0.001,2.875859996537474e-15,0.00023950234487157514,2.9468014678248493,-0.49621647423590515
50.0,2.5,2.0,0.001,5.9825896592045925e-15,0.00023950234498127513,1.7242530602883794,-0.49621647423579723
80.0,2.5,2.0,0.001,3.713433893763226e-15,0.00023950234487157642,2.116469955698423,-0.49621647423590515
20.0,2.6,2.0,0.001,4.075491282481314e-15,0.0002467587822732479,4.131987645541658,-0.8168026024374414
50.0,2.6,2.0,0.001,2.187439868495434e-15,0.00024675878230010504,3.2323907295105596,-0.8168026024373705
80.0,2.6,2.0,0.001,4.992049154911906e-15,0.000246758782273249,4.046666540752491,-0.8168026024374422
20.0,3.0,2.0,0.001,8.638426371236202e-16,0.00022860690584029596,2.531677126989566,-0.5885182448039966
50.0,3.0,2.0,0.001,5.296038234854862e-15,0.00022860690584343063,2.132640823578879,-0.5885182448039602
80.0,3.0,2.0,0.001,5.325475069401085e-15,0.00022860690584029726,2.9475337906230776,-0.5885182448039974
20.0,0.5,2.0,0.005,3.872407036640818e-15,0.0005775314913811633,inf,1.0
50.0,0.5,2.0,0.005,4.295927742393479e-15,0.0005775314915232635,55961189521600.12,1.0
80.0,0.5,2.0,0.005,8.398451164011076e-15,0.0005775314913811727,inf,1.0
20.0,1.0,2.0,0.005,1.5294537971090056e-15,0.0005775314919673481,104376935503277.78,1.0
50.0,1.0,2.0,0.005,8.638027752530822e-15,0.0005775314919485278,67432317257604.77,1.0
80.0,1.0,2.0,0.005,2.825434977779579e-15,0.0005775314919673564,31707427171847.78,1.0000000000000002
20.0,1.5,2.0,0.005,3.775025445371759e-15,0.0005775314917845555,201686884850781.7,1.0
50.0,1.5,2.0,0.005,6.776951934570823e-15,0.0005775314917288116,93666807464346.02,1.0000000000000002
80.0,1.5,2.0,0.005,3.1132182061141134e-15,0.0005775314917845629,63198034589047.664,1.0000000000000002
20.0,1.6,2.0,0.005,3.609193607146847e-15,0.001300049452892393,3.811618261189169,-0.5581099818015521
50.0,1.6,2.0,0.005,4.249359365645262e-15,0.0013000494529051888,1.944246472486383,-0.5581099818015597
80.0,1.6,2.0,0.005,5.8703283477293e-15,0.0013000494528923989,1.9984550984513754,-0.558109981801551
20.0,2.0,2.0,0.005,5.007429422152812e-16,0.0012194002424006597,3.4634445191108494,-0.28082465759665426
50.0,2.0,2.0,0.005,3.0563692475526775e-15,0.0012194002423964526,1.4957732946314042,-0.2808246575966537
80.0,2.0,2.0,0.005,9.174331710574232e-15,0.0012194002424006662,1.417132774610858,-0.28082465759665437
20.0,2.1,2.0,0.005,2.3348623941467895e-15,0.001277498391541311,3.9985156336788217,-0.7347106037245666
50.0,2.1,2.0,0.005,6.177607945003769e-15,0.0012774983915242195,2.5572613804742943,-0.734710603724573
80.0,2.1,2.0,0.005,3.3137203107343038e-15,0.0012774983915413165,2.9537036289575584,-0.7347106037245673
20.0,2.5,2.0,0.005,2.875859996537474e-15,0.0011964782051738653,2.9485887458842117,-0.4959601071169961
50.0,2.5,2.0,0.005,5.9825896592045925e-15,0.0011964782051991955,1.7235968585581336,-0.49596010711696836
80.0,2.5,2.0,0.005,3.713433893763226e-15,0.0011964782051738716,2.1145231365477866,-0.495960107116996
20.0,2.6,2.0,0.005,4.075491282481314e-15,0.0012327262627918098,4.133673737250182,-0.8167085115232695
50.0,2.6,2.0,0.005,2.187439868495434e-15,0.0012327262628060271,3.2307081735932925,-0.8167085115232579
80.0,2.6,2.0,0.005,4.992049154911906e-15,0.0012327262627918156,4.042987843160911,-0.8167085115232704
20.0,3.0,2.0,0.005,8.638426371236202e-16,0.0011420171254968787,2.5328136855851304,-0.5883531144215063
50.0,3.0,2.0,0.005,5.296038234854862e-15,0.001142017125474387,2.131226742378229,-0.588353114421526
80.0,3.0,2.0,0.005,5.325475069401085e-15,0.001142017125496885,2.944804368632857,-0.588353114421507
20.0,0.5,2.0,0.01,3.872407036640818e-15,0.0011555077496975183,95083170333611.73,1.0000000000000002
50.0,0.5,2.0,0.01,4.295927742393479e-15,0.0011555077497268646,34473770253720.32,1.0
80.0,0.5,2.0,0.01,8.398451164011076e-15,0.0011555077496975372,28972332040763.676,1.0
20.0,1.0,2.0,0.01,1.5294537971090056e-15,0.0011555077499762585,140022295743271.97,1.0
50.0,1.0,2.0,0.01,8.638027752530822e-15,0.0011555077499946769,40608328451334.11,1.0
80.0,1.0,2.0,0.01,2.825434977779579e-15,0.0011555077499762752,40701360466729.945,1.0000000000000002
20.0,1.5,2.0,0.01,3.775025445371759e-15,0.0011555077497325766,105712723064812.97,1.0000000000000002
50.0,1.5,2.0,0.01,6.776951934570823e-15,0.0011555077498354852,87884964678884.95,1.0
80.0,1.5,2.0,0.01,3.1132182061141134e-15,0.0011555077497325914,32408124322315.11,1.0000000000000002
20.0,1.6,2.0,0.01,3.609193607146847e-15,0.0025974024629244062,3.814637248887166,-0.5577443144126856
50.0,1.6,2.0,0.01,4.249359365645262e-15,0.002597402462945244,1.9440646162736528,-0.5577443144126836
80.0,1.6,2.0,0.01,5.8703283477293e-15,0.002597402462924418,1.9963945290698268,-0.5577443144126843
20.0,2.0,2.0,0.01,5.007429422152812e-16,0.002436259720212573,3.4664892827929616,-0.2802962790049044
50.0,2.0,2.0,0.01,3.0563692475526775e-15,0.0024362597202028644,1.4962952631220332,-0.28029627900491333
80.0,2.0,2.0,0.01,9.174331710574232e-15,0.0024362597202125863,1.4155769368555258,-0.2802962790049044
20.0,2.1,2.0,0.01,2.3348623941467895e-15,0.0025522905859732443,4.001139787909297,-0.7345121521618271
50.0,2.1,2.0,0.01,6.177607945003769e-15,0.002552290585966933,2.556124984653524,-0.7345121521618306
80.0,2.1,2.0,0.01,3.3137203107343038e-15,0.0025522905859732556,2.95047174258161,-0.7345121521618277
20.0,2.5,2.0,0.01,2.875859996537474e-15,0.0023903760639947813,2.9508222928083727,-0.4956392876217582
50.0,2.5,2.0,0.01,5.9825896592045925e-15,0.002390376063997592,1.7227804474938866,-0.4956392876217333
80.0,2.5,2.0,0.01,3.713433893763226e-15,0.002390376063994794,2.112094647625689,-0.4956392876217581
20.0,2.6,2.0,0.01,4.075491282481314e-15,0.0024627869315620625,4.135781918869347,-0.8165907408098628
50.0,2.6,2.0,0.01,2.187439868495434e-15,0.002462786931571571,3.2286108312900983,-0.8165907408098517
80.0,2.6,2.0,0.01,4.992049154911906e-15,0.002462786931562074,4.0383990523517435,-0.8165907408098637
20.0,3.0,2.0,0.01,8.638426371236202e-16,0.0022814940813487097,2.5342348644315997,-0.5881464831582751
50.0,3.0,2.0,0.01,5.296038234854862e-15,0.0022814940813310368,2.1294636128282356,-0.5881464831582897
80.0,3.0,2.0,0.01,5.325475069401085e-15,0.0022814940813487227,2.9413995441332164,-0.5881464831582757
20.0,0.5,2.0,0.02,3.872407036640818e-15,0.002312796106463726,inf,1.0
50.0,0.5,2.0,0.02,4.295927742393479e-15,0.002312796106486611,141960696144515.06,0.9999999999999997
80.0,0.5,2.0,0.02,8.398451164011076e-15,0.002312796106463764,152128957157363.84,1.0
20.0,1.0,2.0,0.02,1.5294537971090056e-15,0.0023127961065419846,250171650599647.28,1.0
50.0,1.0,2.0,0.02,8.638027752530822e-15,0.0023127961065715994,124386970407489.02,1.0
80.0,1.0,2.0,0.02,2.825434977779579e-15,0.002312796106542018,78832483999059.62,1.0
20.0,1.5,2.0,0.02,3.775025445371759e-15,0.0023127961064940378,inf,1.0000000000000002
50.0,1.5,2.0,0.02,6.776951934570823e-15,0.0023127961065193257,130531021732412.0,1.0
80.0,1.5,2.0,0.02,3.1132182061141134e-15,0.0023127961064940672,209867966036311.12,1.0000000000000002
20.0,1.6,2.0,0.02,3.609193607146847e-15,0.005184043518214652,3.820671729946118,-0.5570113287104852
50.0,1.6,2.0,0.02,4.249359365645262e-15,0.005184043518209406,1.9437117846115266,-0.5570113287105013
80.0,1.6,2.0,0.02,5.8703283477293e-15,0.005184043518214676,1.992289678285771,-0.5570113287104841
20.0,2.0,2.0,0.02,5.007429422152812e-16,0.00486237963763271,3.4725741754192945,-0.27923778218055995
50.0,2.0,2.0,0.02,3.0563692475526775e-15,0.004862379637612256,1.497348263216498,-0.2792377821805682
80.0,2.0,2.0,0.02,9.174331710574232e-15,0.004862379637632736,1.4124774211780762,-0.2792377821805601
20.0,2.1,2.0,0.02,2.3348623941467895e-15,0.005093780455072352,4.00638706466224,-0.7341143162267867
50.0,2.1,2.0,0.02,6.177607945003769e-15,0.005093780455066254,2.5538667660687566,-0.7341143162267884
80.0,2.1,2.0,0.02,3.3137203107343038e-15,0.005093780455072374,2.9440312219888733,-0.7341143162267875
20.0,2.5,2.0,0.02,2.875859996537474e-15,0.004770453706769298,2.9552875039953497,-0.49499644719194846
50.0,2.5,2.0,0.02,5.9825896592045925e-15,0.004770453706763875,1.7211603848686738,-0.4949964471919521
80.0,2.5,2.0,0.02,3.713433893763226e-15,0.004770453706769323,2.107254402255223,-0.49499644719194835
20.0,2.6,2.0,0.02,4.075491282481314e-15,0.004914934946209571,4.140000102325665,-0.8163546754862543
50.0,2.6,2.0,0.02,2.187439868495434e-15,0.004914934946207936,3.2244355812153955,-0.8163546754862526
80.0,2.6,2.0,0.02,4.992049154911906e-15,0.0049149349462095935,4.029253308473843,-0.8163546754862551
20.0,3.0,2.0,0.02,8.638426371236202e-16,0.004552849702941871,2.5370787729225235,-0.5877324934031051
50.0,3.0,2.0,0.02,5.296038234854862e-15,0.004552849702937212,2.12595221265744,-0.5877324934031037
80.0,3.0,2.0,0.02,5.325475069401085e-15,0.004552849702941896,2.9346130034756404,-0.5877324934031058
20.0,0.5,2.0,0.05,3.872407036640818e-15,0.005795375717883343,inf,1.0000000000000002
50.0,0.5,2.0,0.05,4.295927742393479e-15,0.005795375717905086,258129740917909.53,1.0
80.0,0.5,2.0,0.05,8.398451164011076e-15,0.005795375717883437,185023470197652.66,1.0
20.0,1.0,2.0,0.05,1.5294537971090056e-15,0.0057953757179139845,inf,1.0
50.0,1.0,2.0,0.05,8.638027752530822e-15,0.005795375717928295,inf,0.9999999999999999
80.0,1.0,2.0,0.05,2.825434977779579e-15,0.005795375717914069,inf,1.0000000000000002
20.0,1.5,2.0,0.05,3.775025445371759e-15,1.7760460959181872,7.576067451600807,-0.29802986021970235
50.0,1.5,2.0,0.05,6.776951934570823e-15,1.7760460959182083,3.061303276944016,-0.29802986021970723
80.0,1.5,2.0,0.05,3.1132182061141134e-15,1.77604609591821,1.9613301521804825,-0.29802986021970157
20.0,1.6,2.0,0.05,3.609193607146847e-15,0.012879882910381068,3.8387461688000264,-0.5547991550339542
50.0,1.6,2.0,0.05,4.249359365645262e-15,0.012879882910383982,1.9427392116118003,-0.55479915503396
80.0,1.6,2.0,0.05,5.8703283477293e-15,0.012879882910381127,1.9801045225886058,-0.5547991550339529
20.0,2.0,2.0,0.05,5.007429422152812e-16,0.5701623837864175,4.38716969458586,-0.6351500545120206
50.0,2.0,2.0,0.05,3.0563692475526775e-15,0.5701623837864256,2.2327565031891003,-0.6351500545120234
80.0,2.0,2.0,0.05,9.174331710574232e-15,0.5701623837864206,2.186835195839853,-0.6351500545120219
20.0,2.1,2.0,0.05,2.3348623941467895e-15,0.012653924585525046,4.0221194441715715,-0.7329133324175074
50.0,2.1,2.0,0.05,6.177607945003769e-15,0.012653924585524699,2.5472075201626225,-0.7329133324175074
80.0,2.1,2.0,0.05,3.3137203107343038e-15,0.012653924585525101,2.924894282570875,-0.7329133324175083
20.0,2.5,2.0,0.05,2.875859996537474e-15,0.4033779592113118,3.966966375956032,-0.7367155924958401
50.0,2.5,2.0,0.05,5.9825896592045925e-15,0.40337795921131225,2.5692393450114124,-0.7367155924958398
80.0,2.5,2.0,0.05,3.713433893763226e-15,0.4033779592113139,2.9896302600772358,-0.7367155924958401
20.0,2.6,2.0,0.05,4.075491282481314e-15,0.012208012122067936,4.152667898160193,-0.8156422822196514
50.0,2.6,2.0,0.05,2.187439868495434e-15,0.01220801212207155,3.2120639086781604,-0.815642282219649
80.0,2.6,2.0,0.05,4.992049154911906e-15,0.012208012122067994,4.002068903133271,-0.8156422822196523
20.0,3.0,2.0,0.05,8.638426371236202e-16,0.3209493074985829,3.636939611707525,-0.795397041637298
50.0,3.0,2.0,0.05,5.296038234854862e-15,0.32094930749858613,3.148669734554382,-0.7953970416372982
80.0,3.0,2.0,0.05,5.325475069401085e-15,0.3209493074985847,4.131475734092728,-0.7953970416372982
