Model,SNR,CBF_RMSE_mean,CBF_RMSE_std,CBF_MAE_mean,CBF_MAE_std,CBF_R2_mean,CBF_CCC_mean,ATT_RMSE_mean,ATT_RMSE_std,ATT_MAE_mean,ATT_MAE_std,ATT_R2_mean,ATT_CCC_mean,CBF RMSE,CBF MAE,CBF R2,CBF CCC,ATT RMSE,ATT MAE,ATT R2,ATT CCC
Ablation,5.0,7.6219097455121,0.2639662466361112,5.875560789720715,0.2133707695567362,0.930247298468951,0.9623672708936226,0.4961978240935954,0.0026884822740739,0.3405493962883949,0.0008349277436087,0.5362069096730673,0.7340229905222057,,,,,,,,
Ablation,10.0,4.279754970603927,0.1135728286609751,3.3343381297672785,0.0426446983050951,0.9780149246834052,0.9887958599661246,0.3812442108000242,0.0038607443555379,0.2505536684234937,0.0026779277473197,0.7261944359958998,0.8454794233288087,,,,,,,,
Ablation,15.0,3.5654336537351328,0.192180671061613,2.7205678607230386,0.1065608306431174,0.9847190137580024,0.992286346241472,0.3348826693601195,0.0065732503682406,0.2177735734939575,0.0051690467595946,0.7886983226734096,0.8819591601135403,,,,,,,,
Ablation,20.0,3.2868150419579933,0.2216036515295849,2.461710892987748,0.1384696013294784,0.9869997720987852,0.9934574867966268,0.3109494219975042,0.0076649272369867,0.2017937788526217,0.0066588520863657,0.8177945086820154,0.8987885730371458,,,,,,,,
Ablation,50.0,2.9696815047659317,0.2503776838601357,2.1253657742266854,0.1844620021615767,0.9893693632199082,0.9946673496009172,0.2714026392527885,0.0079563367694904,0.1776445790727933,0.0088682937212779,0.8611701197342123,0.9235011020660292,,,,,,,,
Ablation,inf,2.9194489561201933,0.2514578356398722,2.049402730568747,0.1858271204310511,0.9897238433079588,0.9948491326025994,0.2577087682573564,0.007576984950962,0.1700661135117213,0.0098781894078508,0.8748258466077079,0.9311664407969824,,,,,,,,
Architecture01,5.0,7.695562135796432,0.1791710456383365,5.906915279492239,0.1542914103727625,0.9289238464621054,0.9624916274538944,0.4914556636388591,0.0055484850540122,0.3357684401114781,0.0035464546457997,0.5449997296007311,0.7361964188478892,,,,,,,,
Architecture01,10.0,4.392884025898431,0.150684500769539,3.4231937603399154,0.1150228707211402,0.9768299851870168,0.9883920441504168,0.3752340815461708,0.0067129028896079,0.2455831473787625,0.0023391030434342,0.7347207554565601,0.8487148394229447,,,,,,,,
Architecture01,15.0,3.650931786922981,0.1383582066270886,2.8029071950202185,0.0986868138308462,0.983993021895038,0.9920469356892586,0.328367254255171,0.0075831168661404,0.2129469739596049,0.0022171500716719,0.7968203878913122,0.8852977291604338,,,,,,,,
Architecture01,20.0,3.3561379497351536,0.1462193675778951,2.5364504297499857,0.1044038646821468,0.9864694599256792,0.9932948630815174,0.305202231235038,0.006905838672678,0.197540155061086,0.0023113155566909,0.8244787585998284,0.901493495657211,,,,,,,,
Architecture01,50.0,3.0148155052391203,0.170404765519915,2.192110535089672,0.1574241689652548,0.9890722239980996,0.9945994975031912,0.2701067129700299,0.0071109575293044,0.175602993830045,0.0046628519332829,0.8625079962623272,0.923533082315635,,,,,,,,
Architecture01,inf,2.958070937848368,0.1782687663779768,2.1204456114058696,0.1789324216808314,0.9894766566260426,0.99480256240904,0.2593496531959056,0.0089748494800774,0.1699951282739639,0.0057968358634697,0.8731986181934941,0.92967001797099,,,,,,,,
Baseline,5.0,7.682994979434835,0.4367202475406695,5.954791568510235,0.3289924470790097,0.9290288433349082,0.9621403424228866,0.4964817901249744,0.0059439049932083,0.3388870697895685,0.0013424619061167,0.5356406354034332,0.7339300311546507,,,,,,,,
Baseline,10.0,4.356507636463971,0.10473916701916,3.424049465283255,0.1156804084321004,0.9772212136030044,0.9885270078336348,0.3755224615653054,0.0088250805014404,0.246761550951004,0.0014994039901429,0.7342717201954199,0.8498392839527744,,,,,,,,
Baseline,15.0,3.6789156562127703,0.0439481045043305,2.8567618486012023,0.0545170842068634,0.9837607009446172,0.9919070911604316,0.329145457875823,0.0068593372486142,0.2151499343792597,0.0053508858360958,0.7958696780781253,0.885840297962975,,,,,,,,
Baseline,20.0,3.4237365996709244,0.0587895641317197,2.629211372924348,0.0674782301320891,0.9859339436845516,0.9930153131870086,0.3073136350453544,0.0062163033206034,0.2008684872865677,0.0078368512917901,0.8220540234242733,0.9010736560366684,,,,,,,,
Baseline,50.0,3.138608434373509,0.0854902331251086,2.3552461685900887,0.1193903380369909,0.9881757029294422,0.994151854741277,0.2748034489553771,0.0086816476415901,0.1808653325716654,0.0133035809295636,0.8576559573339654,0.921574090591008,,,,,,,,
Baseline,inf,3.094912972570047,0.0894890256183968,2.3040413790151475,0.1337018431991198,0.9885019237553756,0.9943184984869636,0.2642435769280093,0.0112764151778395,0.1751591878294944,0.0160426099219483,0.868313309061865,0.927640830349426,,,,,,,,
Ablation,5.0,,,,,,,,,,,,,7.312519850639775,5.637349834387005,0.9357357146421933,0.9661901974893947,0.4944293624369404,0.33607103095849356,0.5393849791102093,0.740340855034439
Ablation,10.0,,,,,,,,,,,,,4.607041076829755,3.5893529055203004,0.9745181736771288,0.9872976730236082,0.37823789305985644,0.24408516438007355,0.730443923085824,0.852161496761727
Ablation,15.0,,,,,,,,,,,,,3.989143329219495,3.1154276673719288,0.9808734716675714,0.9905415252235027,0.33031147458956406,0.21055821907520297,0.7944082912063476,0.8888487482284303
Ablation,20.0,,,,,,,,,,,,,3.736081805092516,2.9178742358212673,0.9832073447724862,0.9917143980610595,0.30599454317370695,0.19439017061789832,0.8235581807193406,0.905296669788553
Ablation,50.0,,,,,,,,,,,,,3.436588450475773,2.6790515934005383,0.985765024755799,0.9929905934312444,0.26700724758528055,0.1703086830218633,0.865657951237539,0.9285614613167384
Ablation,inf,,,,,,,,,,,,,3.382669324640226,2.6290550969943403,0.9862019066774033,0.9932071593413224,0.25354510975957456,0.1628645956714948,0.8788771773440999,0.9357396226871929
Architecture02,5.0,,,,,,,,,,,,,7.557419921585686,5.8128655847315995,0.9314106154159721,0.9632949387481013,0.4959378229407454,0.338486299498876,0.5365811589424597,0.7318643247282107
Architecture02,10.0,,,,,,,,,,,,,4.303365867485712,3.362018613060812,0.9777778245321299,0.9888056472199821,0.37426350388987784,0.2465946450948715,0.7361172559870012,0.8504753846258883
Architecture02,15.0,,,,,,,,,,,,,3.592615872308388,2.791455453710258,0.9844986240188005,0.9922752372880121,0.32514053584294017,0.214158614218235,0.8008455817140302,0.8885580923961302
Architecture02,20.0,,,,,,,,,,,,,3.31050460093919,2.5552765803342066,0.9868278260586196,0.9934584885094074,0.30153715537643855,0.1993775634209315,0.8287088393913615,0.9048234730632507
Architecture02,50.0,,,,,,,,,,,,,2.9860463193988327,2.258564167203009,0.9892711614302635,0.9946900675063638,0.2672879473146101,0.1792850868741671,0.8653999725975887,0.9259894036864668
Architecture02,inf,,,,,,,,,,,,,2.93143038364434,2.1946687961444256,0.9896587802956424,0.9948846631755924,0.2569571614638401,0.17452733172972998,0.8755913684059028,0.9318072769567182
