Model,Seed,Best epoch,Best validation loss,Loss at epoch 30,Final epoch loss,Improvement after epoch 30,Stopped early?,Reason for stopping
arch05,42,91,0.22934523010253907,0.23984207739830016,0.23496809203624724,0.010496847295761086,True,Patience reached
arch05,123,67,0.22919204487800598,0.2341898703098297,0.238468204665184,0.004997825431823727,True,Patience reached
arch05,2024,93,0.22798578622341156,0.259132994890213,0.23298250949382782,0.031147208666801457,True,Patience reached
fixed_alpha_a0.00,42,55,0.23006428525447845,0.23912291419506074,0.23091989212036132,0.009058628940582292,True,Patience reached
fixed_alpha_a0.00,123,22,0.2315979397535324,0.23819862992763519,0.24304953861236572,0.0,True,Patience reached
fixed_alpha_a0.00,2024,41,0.23123120546340942,0.2470490479707718,0.24277330183982848,0.015817842507362373,True,Patience reached
fixed_alpha_a0.25,42,61,0.22754561393260955,0.2356299112558365,0.2300406034708023,0.008084297323226936,True,Patience reached
fixed_alpha_a0.25,123,70,0.22900826711654662,0.24228812577724457,0.23781459877490999,0.013279858660697946,True,Patience reached
fixed_alpha_a0.25,2024,38,0.23042279930114745,0.24108138740062712,0.23309914860725403,0.010658588099479671,True,Patience reached
fixed_alpha_a0.50,42,60,0.23034253151416778,0.24856761589050294,0.2358392115831375,0.01822508437633516,True,Patience reached
fixed_alpha_a0.50,123,68,0.22993403568267823,0.23613198845386504,0.2420157493829727,0.006197952771186815,True,Patience reached
fixed_alpha_a0.50,2024,40,0.23076477677822113,0.24041391561031342,0.23698157789707183,0.009649138832092286,True,Patience reached
fixed_alpha_a0.75,42,83,0.22914031784534455,0.25629006662368775,0.23092361285686494,0.027149748778343197,True,Patience reached
fixed_alpha_a0.75,123,34,0.23094135553836823,0.23304980998039246,0.23730043423175812,0.0021084544420242324,True,Patience reached
fixed_alpha_a0.75,2024,39,0.23064387726783753,0.24789983625411988,0.24000192534923553,0.01725595898628235,True,Patience reached
fixed_alpha_a1.00,42,38,0.22985749912261963,0.24483723373413085,0.23444057126045226,0.014979734611511225,True,Patience reached
fixed_alpha_a1.00,123,78,0.23035182712078095,0.23458751084804536,0.2392253862142563,0.0042356837272644055,True,Patience reached
fixed_alpha_a1.00,2024,40,0.23030105843544008,0.24103575224876403,0.24178331236839296,0.010734693813323953,True,Patience reached
