Model,SNR,CBF RMSE,CBF MAE,CBF R2,CBF CCC,ATT RMSE,ATT MAE,ATT R2,ATT CCC
Ablation,5.0,7.312519850639775,5.637349834387005,0.9357357146421933,0.9661901974893947,0.4944293624369404,0.33607103095849356,0.5393849791102093,0.740340855034439
Ablation,10.0,4.607041076829755,3.5893529055203004,0.9745181736771288,0.9872976730236082,0.37823789305985644,0.24408516438007355,0.730443923085824,0.852161496761727
Ablation,15.0,3.989143329219495,3.1154276673719288,0.9808734716675714,0.9905415252235027,0.33031147458956406,0.21055821907520297,0.7944082912063476,0.8888487482284303
Ablation,20.0,3.736081805092516,2.9178742358212673,0.9832073447724862,0.9917143980610595,0.30599454317370695,0.19439017061789832,0.8235581807193406,0.905296669788553
Ablation,50.0,3.436588450475773,2.6790515934005383,0.985765024755799,0.9929905934312444,0.26700724758528055,0.1703086830218633,0.865657951237539,0.9285614613167384
Ablation,inf,3.382669324640226,2.6290550969943403,0.9862019066774033,0.9932071593413224,0.25354510975957456,0.1628645956714948,0.8788771773440999,0.9357396226871929
Architecture02,5.0,7.557419921585686,5.8128655847315995,0.9314106154159721,0.9632949387481013,0.4959378229407454,0.338486299498876,0.5365811589424597,0.7318643247282107
Architecture02,10.0,4.303365867485712,3.362018613060812,0.9777778245321299,0.9888056472199821,0.37426350388987784,0.2465946450948715,0.7361172559870012,0.8504753846258883
Architecture02,15.0,3.592615872308388,2.791455453710258,0.9844986240188005,0.9922752372880121,0.32514053584294017,0.214158614218235,0.8008455817140302,0.8885580923961302
Architecture02,20.0,3.31050460093919,2.5552765803342066,0.9868278260586196,0.9934584885094074,0.30153715537643855,0.1993775634209315,0.8287088393913615,0.9048234730632507
Architecture02,50.0,2.9860463193988327,2.258564167203009,0.9892711614302635,0.9946900675063638,0.2672879473146101,0.1792850868741671,0.8653999725975887,0.9259894036864668
Architecture02,inf,2.93143038364434,2.1946687961444256,0.9896587802956424,0.9948846631755924,0.2569571614638401,0.17452733172972998,0.8755913684059028,0.9318072769567182
