Model,ATT_bin,CBF_RMSE_mean,CBF_RMSE_std,ATT_RMSE_mean,ATT_RMSE_std
Ablation,0.5-1.0,3.9053825710558807,1.0181187038235329,0.43472917025743363,0.04318042147843482
Ablation,1.0-1.5,3.3690906906345766,0.7447470842002686,0.29300838664594947,0.01723652940698404
Ablation,1.5-2.0,2.4824574840820204,0.26423797193609533,0.21722367116318364,0.012447265399565184
Ablation,2.0-2.5,1.3534765397031145,0.2573332895992416,0.04759292927941505,0.008769771234918497
Ablation,2.5-3.0,2.423769363399975,1.0848219263986938,0.134181228482003,0.028692123596369523
Architecture02,0.5-1.0,3.685306791963272,0.08834704307352315,0.42902690315016295,0.06082706054655732
Architecture02,1.0-1.5,3.752769698830184,0.3042045405059005,0.24353882573181718,0.032348134613640035
Architecture02,1.5-2.0,2.7508624977089475,0.18266983668818623,0.20143792464044852,0.01967640564556925
Architecture02,2.0-2.5,1.3216911160550993,0.2728312214850824,0.07508787897401588,0.02045917153354561
Architecture02,2.5-3.0,1.7486780654928984,0.2969556935671447,0.18005184607206584,0.036698350522496447
