Seed,Model,SNR,CBF RMSE,CBF MAE,CBF R2,CBF CCC,ATT RMSE,ATT MAE,ATT R2,ATT CCC
42,Architecture02,inf,3.117233641373438,2.4380472887590527,0.9883419742349432,0.9943404875780796,0.2605228403622873,0.18530178257226945,0.8721509007587605,0.9308408526502333
42,Ablation,inf,3.2637024258545244,2.578009644372761,0.9872206898543725,0.9937242732937048,0.24994316829987365,0.1641133621096611,0.8823238083155255,0.937553434392801
42,Architecture02,50.0,3.174429531570511,2.4957084120348094,0.987910239898664,0.9941294450912104,0.26898321192239555,0.18833719135522842,0.8637123779455076,0.9259167501391623
42,Ablation,50.0,3.3156119564824125,2.62132692835778,0.9868109444958642,0.9935233921259808,0.2619327254647008,0.17030815832614898,0.8707633810988072,0.9311916349488744
42,Architecture02,20.0,3.479240894942649,2.70718627602309,0.9854770346726326,0.9929261004895709,0.3010511487566584,0.20499136679172517,0.8292791198285017,0.9056998670088865
42,Ablation,20.0,3.6218636437379206,2.8538980943605305,0.9842619654782819,0.9922672079129455,0.29885839035917494,0.19334386435747147,0.8317570132017453,0.9093259378454968
42,Architecture02,15.0,3.738836475845073,2.8909253476664425,0.9832289890023715,0.9918033494187833,0.3247426818125511,0.21861991106271744,0.8013517198297677,0.889169210485659
42,Ablation,15.0,3.8772031603328356,3.0436323769018054,0.9819646980444113,0.9911258528968615,0.3225593356019396,0.20869260120391847,0.8040138888851707,0.8933685853976021
42,Architecture02,10.0,4.3875756160007855,3.3899634624883532,0.9769040659795634,0.9885885193501769,0.3736535716499818,0.24939890528917313,0.7370069089672586,0.8506580131737254
42,Ablation,10.0,4.484011555478175,3.4940520861551168,0.9758776425857695,0.9880479661411552,0.37007324003690517,0.24140680439472198,0.7420227383492339,0.8570395482991614
42,Architecture02,5.0,7.444381622823149,5.713528419725597,0.9335119557308407,0.9650140804162392,0.4857598044819849,0.33416097106933595,0.5555230808222096,0.7376451315860947
42,Ablation,5.0,7.088610305468463,5.4523196892187,0.9397151054868049,0.9683519784666271,0.4829599136169709,0.3312661882519722,0.5606321914559682,0.7480987165233693
123,Architecture02,inf,2.722198955330318,1.8995228414937855,0.9911095032460677,0.9954438941457958,0.2508710842860118,0.16442621570825577,0.8814484388362693,0.9353163832103984
123,Ablation,inf,3.719813017743235,2.9836125921800734,0.9833992189504551,0.9919310486964501,0.2591634603876122,0.16158793090581894,0.8734816254044976,0.9325080140567954
123,Architecture02,50.0,2.7793588841123995,1.9895150724813342,0.9907322233498483,0.9952471051974205,0.26223686727379736,0.17017220734357835,0.8704630820114554,0.9291865893365153
123,Ablation,50.0,3.7643270379586387,3.0048973320320247,0.9829995273454292,0.9917346042456352,0.27402152843756306,0.1702673266649246,0.8585589627736216,0.9244230188699211
123,Architecture02,20.0,3.135019058189007,2.396316643278301,0.9882085646994077,0.993933708418884,0.2979522127904199,0.19238937250375748,0.8327757357095189,0.9079512080072311
123,Ablation,20.0,4.01265220267865,3.1549801121398806,0.9806825703465597,0.9905825219413021,0.313585035218497,0.1954711303114891,0.8147676987634315,0.9001629944859384
123,Architecture02,15.0,3.4517710273292956,2.695469023744762,0.9857054575059061,0.9926240983531385,0.3214550132196958,0.20781271861791611,0.8053535578047248,0.8922935891709195
123,Ablation,15.0,4.2297563717371816,3.3064294592306016,0.9785356862263898,0.9895097954254336,0.33769427234776656,0.21214190577268602,0.785190515504947,0.8834142659256008
123,Architecture02,10.0,4.267388266416169,3.374561071150005,0.9781520537217498,0.9886190588751247,0.3696799751694823,0.24068737227916717,0.7425707352158566,0.8561849845761239
123,Ablation,10.0,4.771772611631241,3.701139610616863,0.9726821961690912,0.9865468061901681,0.3847375156228504,0.24625355392694473,0.7211728008518312,0.846550646203287
123,Architecture02,5.0,7.885967126315022,6.065724893514812,0.9253901397691803,0.9588206338390752,0.49673171888923234,0.3366447314620018,0.5352174125595498,0.7368636294647869
123,Ablation,5.0,7.106828969758598,5.509013836328685,0.9394048269953416,0.9686882589801052,0.4977871281975993,0.33790872764587404,0.5332402608176742,0.7354030220392528
2024,Architecture02,inf,2.954858554229265,2.2464362581804393,0.9895248634059162,0.9948696078029019,0.2594775597432213,0.1738539969086647,0.8731747656226785,0.9292645950095227
2024,Ablation,inf,3.16449253032292,2.3255430544301867,0.9879858112273823,0.9939661560338124,0.2515287005912379,0.16289249399900435,0.8808260983122764,0.9371574196119823
2024,Architecture02,50.0,3.004350542513588,2.2904690170928834,0.9891710210422782,0.9946936522304601,0.27064376274763735,0.17934586192369462,0.8620244578358032,0.9228648715837227
2024,Ablation,50.0,3.2298263569862695,2.410930519811809,0.9874846024261037,0.9937137839221173,0.2650674888535779,0.1703505640745163,0.8676515098401879,0.9300697301314199
2024,Architecture02,20.0,3.3172538496859136,2.5623268217012285,0.9867978788038186,0.9935156566197674,0.3056081045822373,0.20075195096731185,0.8240716626360642,0.9008193441736346
2024,Ablation,20.0,3.573729568860977,2.7447445009633897,0.9846774984926169,0.992293464328931,0.30554020394344894,0.19435551718473434,0.824149830192845,0.906401077034224
2024,Architecture02,15.0,3.5872401137507968,2.7879719897195696,0.9845614255481238,0.9923982640921146,0.32922391249657357,0.2160432129740715,0.7958314675075981,0.8842114775318123
2024,Ablation,15.0,3.8604704555884686,2.996221165983379,0.9821200307319131,0.9909889273482128,0.33068081581898595,0.21084015024900438,0.7940204692289249,0.8897633933620882
2024,Architecture02,10.0,4.255133720040183,3.3215313055440783,0.9782773538950766,0.9892093634346447,0.3794569648501695,0.24969765771627425,0.7287741237778884,0.8445831561278156
2024,Ablation,10.0,4.565339063379849,3.5728670197889207,0.9749946822765257,0.9872982467395011,0.3799029235198137,0.2445951348185539,0.7281362300564065,0.8528942957827326
2024,Architecture02,5.0,7.341911015618886,5.6593434409543875,0.9353297507478957,0.9660501019889896,0.505321945451019,0.3446531959652901,0.51900298344562,0.7210842131337506
2024,Ablation,5.0,7.742120276692264,5.950715977613628,0.9280872114444334,0.9615303550214516,0.502541045496251,0.33903817697763444,0.5242824850569857,0.7375208265406948
