Model,SNR,ATT Regime,Seed,CBF RMSE,ATT RMSE
arch02,5.0,0.5-1.0,729.6666666666666,28.161418914794922,0.8521162470181783
arch02,5.0,1.0-1.5,729.6666666666666,32.24678738911947,0.5000819762547811
arch02,5.0,1.5-2.0,729.6666666666666,33.179368336995445,0.30588992436726886
arch02,5.0,2.0-2.5,729.6666666666666,31.046147028605144,0.3088084359963735
arch02,5.0,2.5-3.0,729.6666666666666,29.74766794840495,0.4159592886765798
arch02,10.0,0.5-1.0,729.6666666666666,27.518434524536133,0.7649587790171305
arch02,10.0,1.0-1.5,729.6666666666666,31.853674570719402,0.4381188253561656
arch02,10.0,1.5-2.0,729.6666666666666,32.40522702534994,0.25471856196721393
arch02,10.0,2.0-2.5,729.6666666666666,30.38741683959961,0.2615348349014918
arch02,10.0,2.5-3.0,729.6666666666666,29.85122553507487,0.37028565009435016
arch02,15.0,0.5-1.0,729.6666666666666,27.605459849039715,0.7391284108161926
arch02,15.0,1.0-1.5,729.6666666666666,31.85023562113444,0.42123715082804364
arch02,15.0,1.5-2.0,729.6666666666666,32.2269229888916,0.2455186347166697
arch02,15.0,2.0-2.5,729.6666666666666,30.313912709554035,0.24081048866113028
arch02,15.0,2.5-3.0,729.6666666666666,29.836924235026043,0.34851595759391785
arch02,20.0,0.5-1.0,729.6666666666666,27.635204315185547,0.7198817729949951
arch02,20.0,1.0-1.5,729.6666666666666,31.948624928792317,0.4183877607186635
arch02,20.0,1.5-2.0,729.6666666666666,32.21315383911133,0.22665844857692719
arch02,20.0,2.0-2.5,729.6666666666666,30.294877370198567,0.23292500774065653
arch02,20.0,2.5-3.0,729.6666666666666,29.89770444234212,0.33855215708414715
arch02,50.0,0.5-1.0,729.6666666666666,27.634313583374023,0.69549560546875
arch02,50.0,1.0-1.5,729.6666666666666,31.92975107828776,0.40121735135714215
arch02,50.0,1.5-2.0,729.6666666666666,32.164411544799805,0.22162766754627228
arch02,50.0,2.0-2.5,729.6666666666666,30.26374626159668,0.2205782731374105
arch02,50.0,2.5-3.0,729.6666666666666,29.90735689798991,0.32631545265515643
arch02,inf,0.5-1.0,729.6666666666666,4.730111598968506,0.36425715684890747
arch02,inf,1.0-1.5,729.6666666666666,2.6044793923695884,0.24449984232584634
arch02,inf,1.5-2.0,729.6666666666666,1.9913062651952107,0.2437117596467336
arch02,inf,2.0-2.5,729.6666666666666,1.2609159350395203,0.08982643236716588
arch02,inf,2.5-3.0,729.6666666666666,1.6922030051549275,0.18707444767157236
arch03,5.0,0.5-1.0,729.6666666666666,27.600337982177734,0.8029536803563436
arch03,5.0,1.0-1.5,729.6666666666666,31.527095794677734,0.5525166789690653
arch03,5.0,1.5-2.0,729.6666666666666,34.487997690836586,0.42081143458684284
arch03,5.0,2.0-2.5,729.6666666666666,32.905439376831055,0.44556671380996704
arch03,5.0,2.5-3.0,729.6666666666666,30.307039896647137,0.537732352813085
arch03,10.0,0.5-1.0,729.6666666666666,27.015240987141926,0.7083766659100851
arch03,10.0,1.0-1.5,729.6666666666666,31.178436915079754,0.5016377369562784
arch03,10.0,1.5-2.0,729.6666666666666,33.729620615641274,0.3791495164235433
arch03,10.0,2.0-2.5,729.6666666666666,32.17940902709961,0.40946531295776367
arch03,10.0,2.5-3.0,729.6666666666666,30.34118398030599,0.5020788510640463
arch03,15.0,0.5-1.0,729.6666666666666,27.128604253133137,0.6793688933054606
arch03,15.0,1.0-1.5,729.6666666666666,31.199958165486652,0.4889762004216512
arch03,15.0,1.5-2.0,729.6666666666666,33.551472981770836,0.3721966395775477
arch03,15.0,2.0-2.5,729.6666666666666,32.06176249186198,0.3956216375033061
arch03,15.0,2.5-3.0,729.6666666666666,30.2845884958903,0.4855246941248576
arch03,20.0,0.5-1.0,729.6666666666666,27.179452260335285,0.6595832208792368
arch03,20.0,1.0-1.5,729.6666666666666,31.303273518880207,0.4882457156976064
arch03,20.0,1.5-2.0,729.6666666666666,33.53253936767578,0.35799990594387054
arch03,20.0,2.0-2.5,729.6666666666666,32.051656087239586,0.3925662736097972
arch03,20.0,2.5-3.0,729.6666666666666,30.336214701334637,0.4793982406457265
arch03,50.0,0.5-1.0,729.6666666666666,27.184223810831707,0.6341071824232737
arch03,50.0,1.0-1.5,729.6666666666666,31.290838877360027,0.47754647334416706
arch03,50.0,1.5-2.0,729.6666666666666,33.48602294921875,0.3561866730451584
arch03,50.0,2.0-2.5,729.6666666666666,32.0106086730957,0.3850543399651845
arch03,50.0,2.5-3.0,729.6666666666666,30.33754603068034,0.46971507867177326
arch03,inf,0.5-1.0,729.6666666666666,4.024118979771932,0.3527941405773163
arch03,inf,1.0-1.5,729.6666666666666,3.297447760899862,0.26615777611732483
arch03,inf,1.5-2.0,729.6666666666666,2.4748337268829346,0.24975167711575827
arch03,inf,2.0-2.5,729.6666666666666,1.5145817200342815,0.0882391482591629
arch03,inf,2.5-3.0,729.6666666666666,1.7296812931696575,0.18638187646865845
arch04,5.0,0.5-1.0,729.6666666666666,27.89686457316081,0.8059196670850118
arch04,5.0,1.0-1.5,729.6666666666666,32.19235293070475,0.4479961891969045
arch04,5.0,1.5-2.0,729.6666666666666,33.99417813618978,0.2985231975714366
arch04,5.0,2.0-2.5,729.6666666666666,31.461594263712566,0.30396145582199097
arch04,5.0,2.5-3.0,729.6666666666666,29.132443110148113,0.41479141513506573
arch04,10.0,0.5-1.0,729.6666666666666,27.236100514729817,0.7177321314811707
arch04,10.0,1.0-1.5,729.6666666666666,31.75839678446452,0.390111376841863
arch04,10.0,1.5-2.0,729.6666666666666,33.20292409261068,0.2448802043994268
arch04,10.0,2.0-2.5,729.6666666666666,30.738324483235676,0.2514922271172206
arch04,10.0,2.5-3.0,729.6666666666666,29.114330927530926,0.36409975091616315
arch04,15.0,0.5-1.0,729.6666666666666,27.320749918619793,0.691264013449351
arch04,15.0,1.0-1.5,729.6666666666666,31.773520787556965,0.3777518371740977
arch04,15.0,1.5-2.0,729.6666666666666,33.00998306274414,0.23207800090312958
arch04,15.0,2.0-2.5,729.6666666666666,30.643224080403645,0.23259511093298593
arch04,15.0,2.5-3.0,729.6666666666666,29.071894963582356,0.33933329582214355
arch04,20.0,0.5-1.0,729.6666666666666,27.35157521565755,0.6753649711608887
arch04,20.0,1.0-1.5,729.6666666666666,31.88805643717448,0.37506933013598126
arch04,20.0,1.5-2.0,729.6666666666666,33.00865236918131,0.2109310726324717
arch04,20.0,2.0-2.5,729.6666666666666,30.631175359090168,0.22635615368684134
arch04,20.0,2.5-3.0,729.6666666666666,29.105074564615887,0.32840849955876666
arch04,50.0,0.5-1.0,729.6666666666666,27.34596125284831,0.6486918131510416
arch04,50.0,1.0-1.5,729.6666666666666,31.877438227335613,0.358650267124176
arch04,50.0,1.5-2.0,729.6666666666666,32.94785944620768,0.201625128587087
arch04,50.0,2.0-2.5,729.6666666666666,30.591951370239258,0.21489350497722626
arch04,50.0,2.5-3.0,729.6666666666666,29.099416097005207,0.31619172791639966
arch04,inf,0.5-1.0,729.6666666666666,4.407559156417847,0.38447051246960956
arch04,inf,1.0-1.5,729.6666666666666,3.0070295333862305,0.2803148726622264
arch04,inf,1.5-2.0,729.6666666666666,2.1691396236419678,0.22710717221101126
arch04,inf,2.0-2.5,729.6666666666666,1.101511041323344,0.04963008562723795
arch04,inf,2.5-3.0,729.6666666666666,1.4917349815368652,0.1375244657198588
arch05,5.0,0.5-1.0,729.6666666666666,27.795034408569336,0.7955011129379272
arch05,5.0,1.0-1.5,729.6666666666666,31.792787551879883,0.5290021101633707
arch05,5.0,1.5-2.0,729.6666666666666,31.91694513956706,0.47736941774686176
arch05,5.0,2.0-2.5,729.6666666666666,29.449330012003582,0.41892029841740924
arch05,5.0,2.5-3.0,729.6666666666666,28.224097569783527,0.4482049544652303
arch05,10.0,0.5-1.0,729.6666666666666,27.136590321858723,0.7048110961914062
arch05,10.0,1.0-1.5,729.6666666666666,31.4204839070638,0.471962034702301
arch05,10.0,1.5-2.0,729.6666666666666,31.092280705769856,0.4266505440076192
arch05,10.0,2.0-2.5,729.6666666666666,28.70676549275716,0.3667876174052556
arch05,10.0,2.5-3.0,729.6666666666666,28.214951197306316,0.40035316348075867
arch05,15.0,0.5-1.0,729.6666666666666,27.249400456746418,0.6763466993967692
arch05,15.0,1.0-1.5,729.6666666666666,31.42013676961263,0.45659591754277545
arch05,15.0,1.5-2.0,729.6666666666666,30.93944549560547,0.4155874898036321
arch05,15.0,2.0-2.5,729.6666666666666,28.617066701253254,0.3437083413203557
arch05,15.0,2.5-3.0,729.6666666666666,28.15891710917155,0.3706834961970647
arch05,20.0,0.5-1.0,729.6666666666666,27.287206013997395,0.6585356195767721
arch05,20.0,1.0-1.5,729.6666666666666,31.527699152628582,0.4547844926516215
arch05,20.0,1.5-2.0,729.6666666666666,30.909048716227215,0.39911526441574097
arch05,20.0,2.0-2.5,729.6666666666666,28.588198979695637,0.33774687349796295
arch05,20.0,2.5-3.0,729.6666666666666,28.216386795043945,0.35826735695203143
arch05,50.0,0.5-1.0,729.6666666666666,27.285341262817383,0.6273114184538523
arch05,50.0,1.0-1.5,729.6666666666666,31.498586654663086,0.4400390684604645
arch05,50.0,1.5-2.0,729.6666666666666,30.842665990193684,0.3919183959563573
arch05,50.0,2.0-2.5,729.6666666666666,28.545634587605793,0.32272863388061523
arch05,50.0,2.5-3.0,729.6666666666666,28.233112335205078,0.34150764842828113
arch05,inf,0.5-1.0,729.6666666666666,4.367244561513265,0.3593666950861613
arch05,inf,1.0-1.5,729.6666666666666,2.953091621398926,0.2625966966152191
arch05,inf,1.5-2.0,729.6666666666666,2.1533292531967163,0.22523494561513266
arch05,inf,2.0-2.5,729.6666666666666,1.1882859071095784,0.06709104279677074
arch05,inf,2.5-3.0,729.6666666666666,1.5219732125600178,0.15812955300013223
fixed_alpha_a0.00,5.0,0.5-1.0,729.6666666666666,27.600337982177734,0.8029536803563436
fixed_alpha_a0.00,5.0,1.0-1.5,729.6666666666666,31.527095794677734,0.5525166789690653
fixed_alpha_a0.00,5.0,1.5-2.0,729.6666666666666,34.487997690836586,0.42081143458684284
fixed_alpha_a0.00,5.0,2.0-2.5,729.6666666666666,32.905439376831055,0.44556671380996704
fixed_alpha_a0.00,5.0,2.5-3.0,729.6666666666666,30.307039896647137,0.537732352813085
fixed_alpha_a0.00,10.0,0.5-1.0,729.6666666666666,27.015240987141926,0.7083766659100851
fixed_alpha_a0.00,10.0,1.0-1.5,729.6666666666666,31.178436915079754,0.5016377369562784
fixed_alpha_a0.00,10.0,1.5-2.0,729.6666666666666,33.729620615641274,0.3791495164235433
fixed_alpha_a0.00,10.0,2.0-2.5,729.6666666666666,32.17940902709961,0.40946531295776367
fixed_alpha_a0.00,10.0,2.5-3.0,729.6666666666666,30.34118398030599,0.5020788510640463
fixed_alpha_a0.00,15.0,0.5-1.0,729.6666666666666,27.128604253133137,0.6793688933054606
fixed_alpha_a0.00,15.0,1.0-1.5,729.6666666666666,31.199958165486652,0.4889762004216512
fixed_alpha_a0.00,15.0,1.5-2.0,729.6666666666666,33.551472981770836,0.3721966395775477
fixed_alpha_a0.00,15.0,2.0-2.5,729.6666666666666,32.06176249186198,0.3956216375033061
fixed_alpha_a0.00,15.0,2.5-3.0,729.6666666666666,30.2845884958903,0.4855246941248576
fixed_alpha_a0.00,20.0,0.5-1.0,729.6666666666666,27.179452260335285,0.6595832208792368
fixed_alpha_a0.00,20.0,1.0-1.5,729.6666666666666,31.303273518880207,0.4882457156976064
fixed_alpha_a0.00,20.0,1.5-2.0,729.6666666666666,33.53253936767578,0.35799990594387054
fixed_alpha_a0.00,20.0,2.0-2.5,729.6666666666666,32.051656087239586,0.3925662736097972
fixed_alpha_a0.00,20.0,2.5-3.0,729.6666666666666,30.336214701334637,0.4793982406457265
fixed_alpha_a0.00,50.0,0.5-1.0,729.6666666666666,27.184223810831707,0.6341071824232737
fixed_alpha_a0.00,50.0,1.0-1.5,729.6666666666666,31.290838877360027,0.47754647334416706
fixed_alpha_a0.00,50.0,1.5-2.0,729.6666666666666,33.48602294921875,0.3561866730451584
fixed_alpha_a0.00,50.0,2.0-2.5,729.6666666666666,32.0106086730957,0.3850543399651845
fixed_alpha_a0.00,50.0,2.5-3.0,729.6666666666666,30.33754603068034,0.46971507867177326
fixed_alpha_a0.00,inf,0.5-1.0,729.6666666666666,4.024118979771932,0.3527941405773163
fixed_alpha_a0.00,inf,1.0-1.5,729.6666666666666,3.297447760899862,0.26615777611732483
fixed_alpha_a0.00,inf,1.5-2.0,729.6666666666666,2.4748337268829346,0.24975167711575827
fixed_alpha_a0.00,inf,2.0-2.5,729.6666666666666,1.5145817200342815,0.0882391482591629
fixed_alpha_a0.00,inf,2.5-3.0,729.6666666666666,1.7296812931696575,0.18638187646865845
fixed_alpha_a0.25,5.0,0.5-1.0,729.6666666666666,27.99059232076009,0.8005282481511434
fixed_alpha_a0.25,5.0,1.0-1.5,729.6666666666666,31.943402608235676,0.4388323326905568
fixed_alpha_a0.25,5.0,1.5-2.0,729.6666666666666,32.862754821777344,0.40621410806973773
fixed_alpha_a0.25,5.0,2.0-2.5,729.6666666666666,30.759171803792317,0.33336005608240765
fixed_alpha_a0.25,5.0,2.5-3.0,729.6666666666666,29.022384643554688,0.3977724313735962
fixed_alpha_a0.25,10.0,0.5-1.0,729.6666666666666,27.433238983154297,0.709049383799235
fixed_alpha_a0.25,10.0,1.0-1.5,729.6666666666666,31.65087381998698,0.3781850536664327
fixed_alpha_a0.25,10.0,1.5-2.0,729.6666666666666,32.113014221191406,0.3636320233345032
fixed_alpha_a0.25,10.0,2.0-2.5,729.6666666666666,30.169679005940754,0.28326287865638733
fixed_alpha_a0.25,10.0,2.5-3.0,729.6666666666666,29.13528060913086,0.35075128078460693
fixed_alpha_a0.25,15.0,0.5-1.0,729.6666666666666,27.547740300496418,0.682355006535848
fixed_alpha_a0.25,15.0,1.0-1.5,729.6666666666666,31.68067995707194,0.3624810576438904
fixed_alpha_a0.25,15.0,1.5-2.0,729.6666666666666,31.95635477701823,0.3554371694723765
fixed_alpha_a0.25,15.0,2.0-2.5,729.6666666666666,30.096975326538086,0.26184991498788196
fixed_alpha_a0.25,15.0,2.5-3.0,729.6666666666666,29.09741973876953,0.32539568344751996
fixed_alpha_a0.25,20.0,0.5-1.0,729.6666666666666,27.58457628885905,0.6667755047480265
fixed_alpha_a0.25,20.0,1.0-1.5,729.6666666666666,31.78874333699544,0.36085455616315204
fixed_alpha_a0.25,20.0,1.5-2.0,729.6666666666666,31.94530423482259,0.3401778886715571
fixed_alpha_a0.25,20.0,2.0-2.5,729.6666666666666,30.09161122639974,0.25715406735738117
fixed_alpha_a0.25,20.0,2.5-3.0,729.6666666666666,29.148284912109375,0.3128432830174764
fixed_alpha_a0.25,50.0,0.5-1.0,729.6666666666666,27.589168548583984,0.6385891834894816
fixed_alpha_a0.25,50.0,1.0-1.5,729.6666666666666,31.771991729736328,0.34455127517382306
fixed_alpha_a0.25,50.0,1.5-2.0,729.6666666666666,31.88547643025716,0.3334531436363856
fixed_alpha_a0.25,50.0,2.0-2.5,729.6666666666666,30.053195317586262,0.24507513145605722
fixed_alpha_a0.25,50.0,2.5-3.0,729.6666666666666,29.14984067281087,0.29676392674446106
fixed_alpha_a0.25,inf,0.5-1.0,729.6666666666666,4.157182534535726,0.38067928949991864
fixed_alpha_a0.25,inf,1.0-1.5,729.6666666666666,3.070364316304525,0.2543223202228546
fixed_alpha_a0.25,inf,1.5-2.0,729.6666666666666,2.2378307580947876,0.2134612649679184
fixed_alpha_a0.25,inf,2.0-2.5,729.6666666666666,1.1537235577901204,0.05908866971731186
fixed_alpha_a0.25,inf,2.5-3.0,729.6666666666666,1.552634874979655,0.1564382960398992
fixed_alpha_a0.50,5.0,0.5-1.0,729.6666666666666,27.89686457316081,0.8059196670850118
fixed_alpha_a0.50,5.0,1.0-1.5,729.6666666666666,32.19235293070475,0.4479961891969045
fixed_alpha_a0.50,5.0,1.5-2.0,729.6666666666666,33.99417813618978,0.2985231975714366
fixed_alpha_a0.50,5.0,2.0-2.5,729.6666666666666,31.461594263712566,0.30396145582199097
fixed_alpha_a0.50,5.0,2.5-3.0,729.6666666666666,29.132443110148113,0.41479141513506573
fixed_alpha_a0.50,10.0,0.5-1.0,729.6666666666666,27.236100514729817,0.7177321314811707
fixed_alpha_a0.50,10.0,1.0-1.5,729.6666666666666,31.75839678446452,0.390111376841863
fixed_alpha_a0.50,10.0,1.5-2.0,729.6666666666666,33.20292409261068,0.2448802043994268
fixed_alpha_a0.50,10.0,2.0-2.5,729.6666666666666,30.738324483235676,0.2514922271172206
fixed_alpha_a0.50,10.0,2.5-3.0,729.6666666666666,29.114330927530926,0.36409975091616315
fixed_alpha_a0.50,15.0,0.5-1.0,729.6666666666666,27.320749918619793,0.691264013449351
fixed_alpha_a0.50,15.0,1.0-1.5,729.6666666666666,31.773520787556965,0.3777518371740977
fixed_alpha_a0.50,15.0,1.5-2.0,729.6666666666666,33.00998306274414,0.23207800090312958
fixed_alpha_a0.50,15.0,2.0-2.5,729.6666666666666,30.643224080403645,0.23259511093298593
fixed_alpha_a0.50,15.0,2.5-3.0,729.6666666666666,29.071894963582356,0.33933329582214355
fixed_alpha_a0.50,20.0,0.5-1.0,729.6666666666666,27.35157521565755,0.6753649711608887
fixed_alpha_a0.50,20.0,1.0-1.5,729.6666666666666,31.88805643717448,0.37506933013598126
fixed_alpha_a0.50,20.0,1.5-2.0,729.6666666666666,33.00865236918131,0.2109310726324717
fixed_alpha_a0.50,20.0,2.0-2.5,729.6666666666666,30.631175359090168,0.22635615368684134
fixed_alpha_a0.50,20.0,2.5-3.0,729.6666666666666,29.105074564615887,0.32840849955876666
fixed_alpha_a0.50,50.0,0.5-1.0,729.6666666666666,27.34596125284831,0.6486918131510416
fixed_alpha_a0.50,50.0,1.0-1.5,729.6666666666666,31.877438227335613,0.358650267124176
fixed_alpha_a0.50,50.0,1.5-2.0,729.6666666666666,32.94785944620768,0.201625128587087
fixed_alpha_a0.50,50.0,2.0-2.5,729.6666666666666,30.591951370239258,0.21489350497722626
fixed_alpha_a0.50,50.0,2.5-3.0,729.6666666666666,29.099416097005207,0.31619172791639966
fixed_alpha_a0.50,inf,0.5-1.0,729.6666666666666,4.407559156417847,0.38447051246960956
fixed_alpha_a0.50,inf,1.0-1.5,729.6666666666666,3.0070295333862305,0.2803148726622264
fixed_alpha_a0.50,inf,1.5-2.0,729.6666666666666,2.1691396236419678,0.22710717221101126
fixed_alpha_a0.50,inf,2.0-2.5,729.6666666666666,1.101511041323344,0.04963008562723795
fixed_alpha_a0.50,inf,2.5-3.0,729.6666666666666,1.4917349815368652,0.1375244657198588
fixed_alpha_a0.75,5.0,0.5-1.0,729.6666666666666,29.483652114868164,0.7761572599411011
fixed_alpha_a0.75,5.0,1.0-1.5,729.6666666666666,33.96019999186198,0.41743652025858563
fixed_alpha_a0.75,5.0,1.5-2.0,729.6666666666666,35.89654668172201,0.3097572823365529
fixed_alpha_a0.75,5.0,2.0-2.5,729.6666666666666,32.35617319742838,0.2909497022628784
fixed_alpha_a0.75,5.0,2.5-3.0,729.6666666666666,28.38754145304362,0.3720679779847463
fixed_alpha_a0.75,10.0,0.5-1.0,729.6666666666666,28.875004450480144,0.6807191769282023
fixed_alpha_a0.75,10.0,1.0-1.5,729.6666666666666,33.62639490763346,0.34578221042950946
fixed_alpha_a0.75,10.0,1.5-2.0,729.6666666666666,35.163716634114586,0.2592187076807022
fixed_alpha_a0.75,10.0,2.0-2.5,729.6666666666666,31.57784589131673,0.23412581781546274
fixed_alpha_a0.75,10.0,2.5-3.0,729.6666666666666,28.445258458455402,0.3174822926521301
fixed_alpha_a0.75,15.0,0.5-1.0,729.6666666666666,28.99566141764323,0.6514723102251688
fixed_alpha_a0.75,15.0,1.0-1.5,729.6666666666666,33.6338144938151,0.3290135860443115
fixed_alpha_a0.75,15.0,1.5-2.0,729.6666666666666,34.98154067993164,0.24749725560347238
fixed_alpha_a0.75,15.0,2.0-2.5,729.6666666666666,31.502024968465168,0.21348977088928223
fixed_alpha_a0.75,15.0,2.5-3.0,729.6666666666666,28.404781341552734,0.28994912405808765
fixed_alpha_a0.75,20.0,0.5-1.0,729.6666666666666,29.035472234090168,0.633705755074819
fixed_alpha_a0.75,20.0,1.0-1.5,729.6666666666666,33.74633661905924,0.32519692679246265
fixed_alpha_a0.75,20.0,1.5-2.0,729.6666666666666,34.975504557291664,0.22796582182248434
fixed_alpha_a0.75,20.0,2.0-2.5,729.6666666666666,31.4907283782959,0.20593997836112976
fixed_alpha_a0.75,20.0,2.5-3.0,729.6666666666666,28.443451563517254,0.27735371390978497
fixed_alpha_a0.75,50.0,0.5-1.0,729.6666666666666,29.04029719034831,0.6034619410832723
fixed_alpha_a0.75,50.0,1.0-1.5,729.6666666666666,33.72284825642904,0.30497221648693085
fixed_alpha_a0.75,50.0,1.5-2.0,729.6666666666666,34.91956456502279,0.22158790131409964
fixed_alpha_a0.75,50.0,2.0-2.5,729.6666666666666,31.451276779174805,0.19313682615756989
fixed_alpha_a0.75,50.0,2.5-3.0,729.6666666666666,28.444652557373047,0.260140135884285
fixed_alpha_a0.75,inf,0.5-1.0,729.6666666666666,3.6418532530466714,0.3983842929204305
fixed_alpha_a0.75,inf,1.0-1.5,729.6666666666666,3.5519654750823975,0.24518824617067972
fixed_alpha_a0.75,inf,1.5-2.0,729.6666666666666,2.573374032974243,0.2060939222574234
fixed_alpha_a0.75,inf,2.0-2.5,729.6666666666666,1.4701577027638753,0.061126296718915306
fixed_alpha_a0.75,inf,2.5-3.0,729.6666666666666,2.23335870107015,0.15985188881556192
fixed_alpha_a1.00,5.0,0.5-1.0,729.6666666666666,28.161418914794922,0.8521162470181783
fixed_alpha_a1.00,5.0,1.0-1.5,729.6666666666666,32.24678738911947,0.5000819762547811
fixed_alpha_a1.00,5.0,1.5-2.0,729.6666666666666,33.179368336995445,0.30588992436726886
fixed_alpha_a1.00,5.0,2.0-2.5,729.6666666666666,31.046147028605144,0.3088084359963735
fixed_alpha_a1.00,5.0,2.5-3.0,729.6666666666666,29.74766794840495,0.4159592886765798
fixed_alpha_a1.00,10.0,0.5-1.0,729.6666666666666,27.518434524536133,0.7649587790171305
fixed_alpha_a1.00,10.0,1.0-1.5,729.6666666666666,31.853674570719402,0.4381188253561656
fixed_alpha_a1.00,10.0,1.5-2.0,729.6666666666666,32.40522702534994,0.25471856196721393
fixed_alpha_a1.00,10.0,2.0-2.5,729.6666666666666,30.38741683959961,0.2615348349014918
fixed_alpha_a1.00,10.0,2.5-3.0,729.6666666666666,29.85122553507487,0.37028565009435016
fixed_alpha_a1.00,15.0,0.5-1.0,729.6666666666666,27.605459849039715,0.7391284108161926
fixed_alpha_a1.00,15.0,1.0-1.5,729.6666666666666,31.85023562113444,0.42123715082804364
fixed_alpha_a1.00,15.0,1.5-2.0,729.6666666666666,32.2269229888916,0.2455186347166697
fixed_alpha_a1.00,15.0,2.0-2.5,729.6666666666666,30.313912709554035,0.24081048866113028
fixed_alpha_a1.00,15.0,2.5-3.0,729.6666666666666,29.836924235026043,0.34851595759391785
fixed_alpha_a1.00,20.0,0.5-1.0,729.6666666666666,27.635204315185547,0.7198817729949951
fixed_alpha_a1.00,20.0,1.0-1.5,729.6666666666666,31.948624928792317,0.4183877607186635
fixed_alpha_a1.00,20.0,1.5-2.0,729.6666666666666,32.21315383911133,0.22665844857692719
fixed_alpha_a1.00,20.0,2.0-2.5,729.6666666666666,30.294877370198567,0.23292500774065653
fixed_alpha_a1.00,20.0,2.5-3.0,729.6666666666666,29.89770444234212,0.33855215708414715
fixed_alpha_a1.00,50.0,0.5-1.0,729.6666666666666,27.634313583374023,0.69549560546875
fixed_alpha_a1.00,50.0,1.0-1.5,729.6666666666666,31.92975107828776,0.40121735135714215
fixed_alpha_a1.00,50.0,1.5-2.0,729.6666666666666,32.164411544799805,0.22162766754627228
fixed_alpha_a1.00,50.0,2.0-2.5,729.6666666666666,30.26374626159668,0.2205782731374105
fixed_alpha_a1.00,50.0,2.5-3.0,729.6666666666666,29.90735689798991,0.32631545265515643
fixed_alpha_a1.00,inf,0.5-1.0,729.6666666666666,4.730111598968506,0.36425715684890747
fixed_alpha_a1.00,inf,1.0-1.5,729.6666666666666,2.6044793923695884,0.24449984232584634
fixed_alpha_a1.00,inf,1.5-2.0,729.6666666666666,1.9913062651952107,0.2437117596467336
fixed_alpha_a1.00,inf,2.0-2.5,729.6666666666666,1.2609159350395203,0.08982643236716588
fixed_alpha_a1.00,inf,2.5-3.0,729.6666666666666,1.6922030051549275,0.18707444767157236
