Model,SNR,CBF Regime,Seed,CBF RMSE,ATT RMSE
arch02,5.0,0-33,729.6666666666666,22.241130828857422,0.5686147411664327
arch02,5.0,33-66,729.6666666666666,41.44818623860677,0.33233986298243207
arch02,5.0,66-100,729.6666666666666,26.136648813883465,0.6073542237281799
arch02,10.0,0-33,729.6666666666666,19.838741938273113,0.42847517132759094
arch02,10.0,33-66,729.6666666666666,41.61170959472656,0.30360474189122516
arch02,10.0,66-100,729.6666666666666,26.233374913533527,0.5987785657246908
arch02,15.0,0-33,729.6666666666666,19.63503138224284,0.3762582143147786
arch02,15.0,33-66,729.6666666666666,41.61897532145182,0.2960173984368642
arch02,15.0,66-100,729.6666666666666,26.24342155456543,0.5970216393470764
arch02,20.0,0-33,729.6666666666666,19.72918192545573,0.3392872214317322
arch02,20.0,33-66,729.6666666666666,41.64083735148112,0.29269955555597943
arch02,20.0,66-100,729.6666666666666,26.24514643351237,0.5972160299619039
arch02,50.0,0-33,729.6666666666666,19.66629409790039,0.2857174277305603
arch02,50.0,33-66,729.6666666666666,41.628824869791664,0.2906019886334737
arch02,50.0,66-100,729.6666666666666,26.249245325724285,0.5958122412363688
arch02,inf,0-33,729.6666666666666,1.4379294713338215,0.3085910181204478
arch02,inf,33-66,729.6666666666666,2.522120555241903,0.21486987173557281
arch02,inf,66-100,729.6666666666666,3.7880640824635825,0.18242911994457245
arch03,5.0,0-33,729.6666666666666,22.208276112874348,0.5694212118784586
arch03,5.0,33-66,729.6666666666666,41.88705571492513,0.32435667514801025
arch03,5.0,66-100,729.6666666666666,27.395140329996746,0.7445988059043884
arch03,10.0,0-33,729.6666666666666,19.873071670532227,0.42693477869033813
arch03,10.0,33-66,729.6666666666666,42.08871205647787,0.2967470983664195
arch03,10.0,66-100,729.6666666666666,27.335073471069336,0.736761748790741
arch03,15.0,0-33,729.6666666666666,19.708717346191406,0.3748822013537089
arch03,15.0,33-66,729.6666666666666,42.08812459309896,0.2903823455174764
arch03,15.0,66-100,729.6666666666666,27.29601542154948,0.7348451018333435
arch03,20.0,0-33,729.6666666666666,19.808985392252605,0.34182177980740863
arch03,20.0,33-66,729.6666666666666,42.110705057779946,0.2875239948431651
arch03,20.0,66-100,729.6666666666666,27.304320017496746,0.7350581884384155
arch03,50.0,0-33,729.6666666666666,19.75244394938151,0.2912267247835795
arch03,50.0,33-66,729.6666666666666,42.098148345947266,0.28589631120363873
arch03,50.0,66-100,729.6666666666666,27.300827026367188,0.7344942490259806
arch03,inf,0-33,729.6666666666666,1.7762116591135662,0.31457042694091797
arch03,inf,33-66,729.6666666666666,2.7056371370951333,0.21558488408724466
arch03,inf,66-100,729.6666666666666,3.655100425084432,0.1813867042462031
arch04,5.0,0-33,729.6666666666666,22.649072647094727,0.573248008886973
arch04,5.0,33-66,729.6666666666666,41.14607238769531,0.33080071210861206
arch04,5.0,66-100,729.6666666666666,26.550787607828777,0.5306979119777679
arch04,10.0,0-33,729.6666666666666,20.077810287475586,0.43529800573984784
arch04,10.0,33-66,729.6666666666666,41.3502451578776,0.3008502622445424
arch04,10.0,66-100,729.6666666666666,26.57116953531901,0.5265808006127676
arch04,15.0,0-33,729.6666666666666,19.855712890625,0.3869086007277171
arch04,15.0,33-66,729.6666666666666,41.36699422200521,0.292343149582545
arch04,15.0,66-100,729.6666666666666,26.548454920450848,0.5254666606585184
arch04,20.0,0-33,729.6666666666666,19.949370702107746,0.3559099535147349
arch04,20.0,33-66,729.6666666666666,41.39074198404948,0.28934286038080853
arch04,20.0,66-100,729.6666666666666,26.554030736287434,0.5253567000230154
arch04,50.0,0-33,729.6666666666666,19.858386993408203,0.3022808035214742
arch04,50.0,33-66,729.6666666666666,41.37778981526693,0.2866291006406148
arch04,50.0,66-100,729.6666666666666,26.559886296590168,0.525128165880839
arch04,inf,0-33,729.6666666666666,1.553674578666687,0.3142762283484141
arch04,inf,33-66,729.6666666666666,2.563408454259237,0.21737495064735413
arch04,inf,66-100,729.6666666666666,3.713651657104492,0.17818778256575266
arch05,5.0,0-33,729.6666666666666,22.195362091064453,0.569708247979482
arch05,5.0,33-66,729.6666666666666,40.7139040629069,0.321593056122462
arch05,5.0,66-100,729.6666666666666,23.084155718485516,0.713204820950826
arch05,10.0,0-33,729.6666666666666,19.670700073242188,0.43320252497990924
arch05,10.0,33-66,729.6666666666666,40.9069569905599,0.2892044385274251
arch05,10.0,66-100,729.6666666666666,23.133324305216473,0.6988599201043447
arch05,15.0,0-33,729.6666666666666,19.462403615315754,0.38132594029108685
arch05,15.0,33-66,729.6666666666666,40.92704391479492,0.2788747350374858
arch05,15.0,66-100,729.6666666666666,23.132019360860188,0.6943552096684774
arch05,20.0,0-33,729.6666666666666,19.544143676757812,0.34775495529174805
arch05,20.0,33-66,729.6666666666666,40.943321228027344,0.2756374577681224
arch05,20.0,66-100,729.6666666666666,23.14220650990804,0.6945631802082062
arch05,50.0,0-33,729.6666666666666,19.479337692260742,0.28811580936113995
arch05,50.0,33-66,729.6666666666666,40.92913818359375,0.2721529205640157
arch05,50.0,66-100,729.6666666666666,23.129748662312824,0.6921973725159963
arch05,inf,0-33,729.6666666666666,1.3201456467310588,0.2967262069384257
arch05,inf,33-66,729.6666666666666,2.661048650741577,0.21361889441808066
arch05,inf,66-100,729.6666666666666,3.6656829516092935,0.17983195185661316
fixed_alpha_a0.00,5.0,0-33,729.6666666666666,22.208276112874348,0.5694212118784586
fixed_alpha_a0.00,5.0,33-66,729.6666666666666,41.88705571492513,0.32435667514801025
fixed_alpha_a0.00,5.0,66-100,729.6666666666666,27.395140329996746,0.7445988059043884
fixed_alpha_a0.00,10.0,0-33,729.6666666666666,19.873071670532227,0.42693477869033813
fixed_alpha_a0.00,10.0,33-66,729.6666666666666,42.08871205647787,0.2967470983664195
fixed_alpha_a0.00,10.0,66-100,729.6666666666666,27.335073471069336,0.736761748790741
fixed_alpha_a0.00,15.0,0-33,729.6666666666666,19.708717346191406,0.3748822013537089
fixed_alpha_a0.00,15.0,33-66,729.6666666666666,42.08812459309896,0.2903823455174764
fixed_alpha_a0.00,15.0,66-100,729.6666666666666,27.29601542154948,0.7348451018333435
fixed_alpha_a0.00,20.0,0-33,729.6666666666666,19.808985392252605,0.34182177980740863
fixed_alpha_a0.00,20.0,33-66,729.6666666666666,42.110705057779946,0.2875239948431651
fixed_alpha_a0.00,20.0,66-100,729.6666666666666,27.304320017496746,0.7350581884384155
fixed_alpha_a0.00,50.0,0-33,729.6666666666666,19.75244394938151,0.2912267247835795
fixed_alpha_a0.00,50.0,33-66,729.6666666666666,42.098148345947266,0.28589631120363873
fixed_alpha_a0.00,50.0,66-100,729.6666666666666,27.300827026367188,0.7344942490259806
fixed_alpha_a0.00,inf,0-33,729.6666666666666,1.7762116591135662,0.31457042694091797
fixed_alpha_a0.00,inf,33-66,729.6666666666666,2.7056371370951333,0.21558488408724466
fixed_alpha_a0.00,inf,66-100,729.6666666666666,3.655100425084432,0.1813867042462031
fixed_alpha_a0.25,5.0,0-33,729.6666666666666,22.23124059041341,0.5689410169919332
fixed_alpha_a0.25,5.0,33-66,729.6666666666666,41.2914924621582,0.3495112160841624
fixed_alpha_a0.25,5.0,66-100,729.6666666666666,25.207888921101887,0.5656361182530721
fixed_alpha_a0.25,10.0,0-33,729.6666666666666,19.904966990152996,0.4310167928536733
fixed_alpha_a0.25,10.0,33-66,729.6666666666666,41.54260126749674,0.32422908147176105
fixed_alpha_a0.25,10.0,66-100,729.6666666666666,25.317500432332356,0.556690514087677
fixed_alpha_a0.25,15.0,0-33,729.6666666666666,19.71599833170573,0.3796846667925517
fixed_alpha_a0.25,15.0,33-66,729.6666666666666,41.57283020019531,0.3169248600800832
fixed_alpha_a0.25,15.0,66-100,729.6666666666666,25.325050989786785,0.5552809635798136
fixed_alpha_a0.25,20.0,0-33,729.6666666666666,19.806925455729168,0.34741368889808655
fixed_alpha_a0.25,20.0,33-66,729.6666666666666,41.60114034016927,0.3144036531448364
fixed_alpha_a0.25,20.0,66-100,729.6666666666666,25.335102081298828,0.5562671422958374
fixed_alpha_a0.25,50.0,0-33,729.6666666666666,19.729813893636067,0.2892754872639974
fixed_alpha_a0.25,50.0,33-66,729.6666666666666,41.58858998616537,0.3123092254002889
fixed_alpha_a0.25,50.0,66-100,729.6666666666666,25.337324778238933,0.5552918712298075
fixed_alpha_a0.25,inf,0-33,729.6666666666666,1.4712915817896526,0.2988498310248057
fixed_alpha_a0.25,inf,33-66,729.6666666666666,2.5615620613098145,0.21051523089408875
fixed_alpha_a0.25,inf,66-100,729.6666666666666,3.5994416077931723,0.1852861096461614
fixed_alpha_a0.50,5.0,0-33,729.6666666666666,22.649072647094727,0.573248008886973
fixed_alpha_a0.50,5.0,33-66,729.6666666666666,41.14607238769531,0.33080071210861206
fixed_alpha_a0.50,5.0,66-100,729.6666666666666,26.550787607828777,0.5306979119777679
fixed_alpha_a0.50,10.0,0-33,729.6666666666666,20.077810287475586,0.43529800573984784
fixed_alpha_a0.50,10.0,33-66,729.6666666666666,41.3502451578776,0.3008502622445424
fixed_alpha_a0.50,10.0,66-100,729.6666666666666,26.57116953531901,0.5265808006127676
fixed_alpha_a0.50,15.0,0-33,729.6666666666666,19.855712890625,0.3869086007277171
fixed_alpha_a0.50,15.0,33-66,729.6666666666666,41.36699422200521,0.292343149582545
fixed_alpha_a0.50,15.0,66-100,729.6666666666666,26.548454920450848,0.5254666606585184
fixed_alpha_a0.50,20.0,0-33,729.6666666666666,19.949370702107746,0.3559099535147349
fixed_alpha_a0.50,20.0,33-66,729.6666666666666,41.39074198404948,0.28934286038080853
fixed_alpha_a0.50,20.0,66-100,729.6666666666666,26.554030736287434,0.5253567000230154
fixed_alpha_a0.50,50.0,0-33,729.6666666666666,19.858386993408203,0.3022808035214742
fixed_alpha_a0.50,50.0,33-66,729.6666666666666,41.37778981526693,0.2866291006406148
fixed_alpha_a0.50,50.0,66-100,729.6666666666666,26.559886296590168,0.525128165880839
fixed_alpha_a0.50,inf,0-33,729.6666666666666,1.553674578666687,0.3142762283484141
fixed_alpha_a0.50,inf,33-66,729.6666666666666,2.563408454259237,0.21737495064735413
fixed_alpha_a0.50,inf,66-100,729.6666666666666,3.713651657104492,0.17818778256575266
fixed_alpha_a0.75,5.0,0-33,729.6666666666666,22.40387026468913,0.5698755979537964
fixed_alpha_a0.75,5.0,33-66,729.6666666666666,41.781899770100914,0.32562848925590515
fixed_alpha_a0.75,5.0,66-100,729.6666666666666,29.636483510335285,0.4690341353416443
fixed_alpha_a0.75,10.0,0-33,729.6666666666666,20.03437614440918,0.43082236250241596
fixed_alpha_a0.75,10.0,33-66,729.6666666666666,41.980551401774086,0.29569952686627704
fixed_alpha_a0.75,10.0,66-100,729.6666666666666,29.558608373006184,0.45838497082392377
fixed_alpha_a0.75,15.0,0-33,729.6666666666666,19.843651453653973,0.3799529771010081
fixed_alpha_a0.75,15.0,33-66,729.6666666666666,42.00922393798828,0.28763115406036377
fixed_alpha_a0.75,15.0,66-100,729.6666666666666,29.53306833902995,0.45707621177037555
fixed_alpha_a0.75,20.0,0-33,729.6666666666666,19.954922358194988,0.34733279546101886
fixed_alpha_a0.75,20.0,33-66,729.6666666666666,42.02881113688151,0.2850049634774526
fixed_alpha_a0.75,20.0,66-100,729.6666666666666,29.540279388427734,0.4565453032652537
fixed_alpha_a0.75,50.0,0-33,729.6666666666666,19.870018005371094,0.29167139530181885
fixed_alpha_a0.75,50.0,33-66,729.6666666666666,42.02264531453451,0.28211615482966107
fixed_alpha_a0.75,50.0,66-100,729.6666666666666,29.532626469930012,0.45540817578633624
fixed_alpha_a0.75,inf,0-33,729.6666666666666,1.7758602301279705,0.3044174015522003
fixed_alpha_a0.75,inf,33-66,729.6666666666666,2.8131601015726724,0.2120258609453837
fixed_alpha_a0.75,inf,66-100,729.6666666666666,3.6137759685516357,0.18644340336322784
fixed_alpha_a1.00,5.0,0-33,729.6666666666666,22.241130828857422,0.5686147411664327
fixed_alpha_a1.00,5.0,33-66,729.6666666666666,41.44818623860677,0.33233986298243207
fixed_alpha_a1.00,5.0,66-100,729.6666666666666,26.136648813883465,0.6073542237281799
fixed_alpha_a1.00,10.0,0-33,729.6666666666666,19.838741938273113,0.42847517132759094
fixed_alpha_a1.00,10.0,33-66,729.6666666666666,41.61170959472656,0.30360474189122516
fixed_alpha_a1.00,10.0,66-100,729.6666666666666,26.233374913533527,0.5987785657246908
fixed_alpha_a1.00,15.0,0-33,729.6666666666666,19.63503138224284,0.3762582143147786
fixed_alpha_a1.00,15.0,33-66,729.6666666666666,41.61897532145182,0.2960173984368642
fixed_alpha_a1.00,15.0,66-100,729.6666666666666,26.24342155456543,0.5970216393470764
fixed_alpha_a1.00,20.0,0-33,729.6666666666666,19.72918192545573,0.3392872214317322
fixed_alpha_a1.00,20.0,33-66,729.6666666666666,41.64083735148112,0.29269955555597943
fixed_alpha_a1.00,20.0,66-100,729.6666666666666,26.24514643351237,0.5972160299619039
fixed_alpha_a1.00,50.0,0-33,729.6666666666666,19.66629409790039,0.2857174277305603
fixed_alpha_a1.00,50.0,33-66,729.6666666666666,41.628824869791664,0.2906019886334737
fixed_alpha_a1.00,50.0,66-100,729.6666666666666,26.249245325724285,0.5958122412363688
fixed_alpha_a1.00,inf,0-33,729.6666666666666,1.4379294713338215,0.3085910181204478
fixed_alpha_a1.00,inf,33-66,729.6666666666666,2.522120555241903,0.21486987173557281
fixed_alpha_a1.00,inf,66-100,729.6666666666666,3.7880640824635825,0.18242911994457245
