Model,SNR,CBF_RMSE_mean,CBF_RMSE_std,ATT_RMSE_mean,ATT_RMSE_std,CBF_MAE_mean,CBF_MAE_std
arch02,5.0,30.91012700398763,1.6288073541119907,0.5201952954133352,0.031930219552508216,28.375162760416668,1.948615608629913
arch02,10.0,30.439743677775066,1.6118343162045503,0.4613355298837026,0.03499770596053924,27.531704584757488,1.9061331799565813
arch02,15.0,30.400590260823567,1.6053975734170534,0.4428813358147939,0.037148143012965325,27.433293024698894,1.9095954854177268
arch02,20.0,30.431821823120117,1.5964891912444152,0.43174641331036884,0.03874985400168928,27.476771036783855,1.9009074935638313
arch02,50.0,30.413605372111004,1.5908352643206625,0.4169353246688843,0.04017498056667754,27.46229362487793,1.891861790738857
arch02,inf,2.7476512591044107,0.06773885856324924,0.2424296091000239,0.000785033760513691,1.8704721132914226,0.12327297256028685
arch03,5.0,31.434176127115887,1.0884705508125456,0.5747276743253072,0.014537465954950615,28.91617774963379,1.327268370089618
arch03,10.0,30.958388646443684,1.0435553017615162,0.5214795072873434,0.014915946885253323,28.04393196105957,1.2976935684639817
arch03,15.0,30.909735361735027,1.060654154302592,0.5053912798563639,0.01423106140075674,27.940486272176106,1.3217931320515974
arch03,20.0,30.94393539428711,1.0657436733923251,0.4968223770459493,0.013811271950101756,27.985188166300457,1.3387612177665928
arch03,50.0,30.924419403076172,1.078174137774068,0.48500322302182514,0.013445011637963212,27.963411331176758,1.3675111774632425
arch03,inf,2.8167308966318765,0.129120366606908,0.2450473258892695,0.005779314428399727,2.0065561532974243,0.17945505854843094
arch04,5.0,31.002377192179363,2.0007834758424172,0.49274147550264996,0.02856255878534433,28.53338686625163,2.1670181265976214
arch04,10.0,30.47947883605957,1.9931623642460228,0.4327934185663859,0.03498305112748873,27.573802312215168,2.1057730340163237
arch04,15.0,30.43024190266927,1.98968700603623,0.4141703248023987,0.03800622194160271,27.44457244873047,2.105691628423923
arch04,20.0,30.463505427042644,1.9916451494744711,0.4037240942319234,0.03874193206099249,27.48038609822591,2.1178309170148455
arch04,50.0,30.438695271809895,1.9859559027600493,0.38749781250953674,0.04016942362989639,27.441299438476562,2.12524971869063
arch04,inf,2.748594125111898,0.0997348368903627,0.24461926519870758,0.0021284876066776964,1.8547588189442952,0.0882958557362678
arch05,5.0,29.858790079752605,2.75714960318297,0.5667959352334341,0.100050461737887,26.98937161763509,3.467173075601835
arch05,10.0,29.339168548583984,2.710988102655318,0.5098055005073547,0.10701531145675057,26.075961430867512,3.3788422930037925
arch05,15.0,29.299774805704754,2.6803445978683498,0.49080902338027954,0.10942247960627709,25.986805597941082,3.345624861812885
arch05,20.0,29.329119364420574,2.675538562834285,0.4813031554222107,0.11251174157598919,26.032439549763996,3.3418247668376804
arch05,50.0,29.304110209147137,2.667231882637985,0.4652172029018402,0.11494759395625659,26.02553939819336,3.3241659238612358
arch05,inf,2.714736541112264,0.05776767117990232,0.236335555712382,0.006138736470948329,1.8488893111546834,0.0556944958074444
fixed_alpha_a0.00,5.0,31.434176127115887,1.0884705508125456,0.5747276743253072,0.014537465954950615,28.91617774963379,1.327268370089618
fixed_alpha_a0.00,10.0,30.958388646443684,1.0435553017615162,0.5214795072873434,0.014915946885253323,28.04393196105957,1.2976935684639817
fixed_alpha_a0.00,15.0,30.909735361735027,1.060654154302592,0.5053912798563639,0.01423106140075674,27.940486272176106,1.3217931320515974
fixed_alpha_a0.00,20.0,30.94393539428711,1.0657436733923251,0.4968223770459493,0.013811271950101756,27.985188166300457,1.3387612177665928
fixed_alpha_a0.00,50.0,30.924419403076172,1.078174137774068,0.48500322302182514,0.013445011637963212,27.963411331176758,1.3675111774632425
fixed_alpha_a0.00,inf,2.8167308966318765,0.129120366606908,0.2450473258892695,0.005779314428399727,2.0065561532974243,0.17945505854843094
fixed_alpha_a0.25,5.0,30.537896474202473,0.9150221966877796,0.507677435874939,0.018343347595428192,28.05180486043294,0.861057532143746
fixed_alpha_a0.25,10.0,30.122638702392578,0.8213323720703296,0.44872058431307477,0.017133813893225387,27.252833048502605,0.7215538717814589
fixed_alpha_a0.25,15.0,30.09542401631673,0.7907614103353373,0.4300880928834279,0.017802174989081713,27.15812619527181,0.6751934627461464
fixed_alpha_a0.25,20.0,30.131480534871418,0.7782543923239801,0.4204040765762329,0.017902792881192037,27.19796880086263,0.6561941849982562
fixed_alpha_a0.25,50.0,30.109160741170246,0.7662336618927188,0.4039793908596039,0.018414967198919687,27.171072642008465,0.6372350061454057
fixed_alpha_a0.25,inf,2.686103661855062,0.09639482325173258,0.2377005616823832,0.0062239128641981166,1.8182721138000488,0.1308662777222789
fixed_alpha_a0.50,5.0,31.002377192179363,2.0007834758424172,0.49274147550264996,0.02856255878534433,28.53338686625163,2.1670181265976214
fixed_alpha_a0.50,10.0,30.47947883605957,1.9931623642460228,0.4327934185663859,0.03498305112748873,27.573802312215168,2.1057730340163237
fixed_alpha_a0.50,15.0,30.43024190266927,1.98968700603623,0.4141703248023987,0.03800622194160271,27.44457244873047,2.105691628423923
fixed_alpha_a0.50,20.0,30.463505427042644,1.9916451494744711,0.4037240942319234,0.03874193206099249,27.48038609822591,2.1178309170148455
fixed_alpha_a0.50,50.0,30.438695271809895,1.9859559027600493,0.38749781250953674,0.04016942362989639,27.441299438476562,2.12524971869063
fixed_alpha_a0.50,inf,2.748594125111898,0.0997348368903627,0.24461926519870758,0.0021284876066776964,1.8547588189442952,0.0882958557362678
fixed_alpha_a0.75,5.0,32.09986941019694,0.46467491653712756,0.47005542119344074,0.034478043841447786,29.61839993794759,0.8304958924913688
fixed_alpha_a0.75,10.0,31.613745371500652,0.4628100833011093,0.4044774075349172,0.041558461074275084,28.686641057332356,0.8226889507741453
fixed_alpha_a0.75,15.0,31.576104482014973,0.45106922788787995,0.38390878836313885,0.043439945299230426,28.57891082763672,0.810206728131602
fixed_alpha_a0.75,20.0,31.61078707377116,0.45437180978721264,0.37218823035558063,0.04447833771360796,28.625502904256184,0.82042532747063
fixed_alpha_a0.75,50.0,31.58721351623535,0.4673170722367102,0.3540014326572418,0.04643940144548636,28.603226979573567,0.845685801003852
fixed_alpha_a0.75,inf,2.831242799758911,0.16001248492505776,0.24088621139526367,0.006000044876816933,2.0374046166737876,0.16238035626397365
fixed_alpha_a1.00,5.0,30.91012700398763,1.6288073541119907,0.5201952954133352,0.031930219552508216,28.375162760416668,1.948615608629913
fixed_alpha_a1.00,10.0,30.439743677775066,1.6118343162045503,0.4613355298837026,0.03499770596053924,27.531704584757488,1.9061331799565813
fixed_alpha_a1.00,15.0,30.400590260823567,1.6053975734170534,0.4428813358147939,0.037148143012965325,27.433293024698894,1.9095954854177268
fixed_alpha_a1.00,20.0,30.431821823120117,1.5964891912444152,0.43174641331036884,0.03874985400168928,27.476771036783855,1.9009074935638313
fixed_alpha_a1.00,50.0,30.413605372111004,1.5908352643206625,0.4169353246688843,0.04017498056667754,27.46229362487793,1.891861790738857
fixed_alpha_a1.00,inf,2.7476512591044107,0.06773885856324924,0.2424296091000239,0.000785033760513691,1.8704721132914226,0.12327297256028685
