Model,Seed,SNR,CBF RMSE,ATT RMSE,CBF MAE,ATT MAE,CBF Bias,ATT Bias
arch02,42,inf,2.760683536529541,0.24215294420719147,1.7888449430465698,0.1611512154340744,-0.6928144097328186,-0.031248627230525017
arch02,42,50.0,32.09759521484375,0.46313655376434326,29.432952880859375,0.3185395300388336,29.429025650024414,0.0926695391535759
arch02,42,20.0,32.121131896972656,0.47638627886772156,29.454330444335938,0.3315001428127289,29.443212509155273,0.10091312229633331
arch02,42,15.0,32.09758758544922,0.4856666326522827,29.416059494018555,0.34221479296684265,29.406993865966797,0.10470384359359741
arch02,42,10.0,32.152835845947266,0.5016813278198242,29.525150299072266,0.3576524257659912,29.50670051574707,0.1142696812748909
arch02,42,5.0,32.64471435546875,0.556779146194458,30.41994285583496,0.4076051115989685,30.407381057739258,0.14568383991718292
arch02,123,inf,2.807927131652832,0.24182036519050598,2.0122756958007812,0.15569061040878296,-0.8865851759910583,-0.024615781381726265
arch02,123,50.0,28.936086654663086,0.39021340012550354,25.660558700561523,0.28577348589897156,25.551759719848633,-0.013083433732390404
arch02,123,20.0,28.94806480407715,0.4067782759666443,25.663131713867188,0.3002360463142395,25.552339553833008,-0.0045076049864292145
arch02,123,15.0,28.905986785888672,0.41883382201194763,25.606426239013672,0.31009364128112793,25.495779037475586,0.0008510373299941421
arch02,123,10.0,28.953121185302734,0.43916216492652893,25.726913452148438,0.3272841274738312,25.599424362182617,0.009745117276906967
arch02,123,5.0,29.41321563720703,0.4979340732097626,26.539594650268555,0.3799486756324768,26.39911651611328,0.03302628919482231
arch02,2024,inf,2.6743431091308594,0.24331551790237427,1.8102957010269165,0.15491515398025513,-0.09110869467258453,-0.0009009016794152558
arch02,2024,50.0,30.207134246826172,0.39745602011680603,27.29336929321289,0.2738480865955353,27.29336929321289,0.07822652906179428
arch02,2024,20.0,30.226268768310547,0.4120746850967407,27.312850952148438,0.2870929539203644,27.31264305114746,0.08610273152589798
arch02,2024,15.0,30.198196411132812,0.42414355278015137,27.277393341064453,0.297579824924469,27.277393341064453,0.09028207510709763
arch02,2024,10.0,30.213274002075195,0.44316309690475464,27.343050003051758,0.31467074155807495,27.340993881225586,0.09960241615772247
arch02,2024,5.0,30.67245101928711,0.5058726668357849,28.165950775146484,0.3698909282684326,28.163471221923828,0.12518620491027832
arch03,42,inf,2.6678364276885986,0.2384537309408188,1.8202604055404663,0.15291282534599304,0.26673489809036255,-0.020642178133130074
arch03,42,50.0,32.16122817993164,0.4957720935344696,29.53271484375,0.3522768020629883,29.53271484375,0.0221625454723835
arch03,42,20.0,32.16663360595703,0.5082428455352783,29.518274307250977,0.36635860800743103,29.51611328125,0.030912106856703758
arch03,42,15.0,32.1262092590332,0.5174370408058167,29.452547073364258,0.3764933943748474,29.452327728271484,0.03495530039072037
arch03,42,10.0,32.15488815307617,0.5336860418319702,29.525409698486328,0.39331772923469543,29.51687240600586,0.045501530170440674
arch03,42,5.0,32.68479919433594,0.5862398147583008,30.431791305541992,0.4468431770801544,30.424625396728516,0.07905630022287369
arch03,123,inf,2.897878646850586,0.24745313823223114,2.1782822608947754,0.15773437917232513,-0.5785737633705139,-0.01136027742177248
arch03,123,50.0,30.182777404785156,0.4699341654777527,27.33058738708496,0.3315955698490143,27.329256057739258,0.07083432376384735
arch03,123,20.0,30.211894989013672,0.48147207498550415,27.39044952392578,0.3440352976322174,27.388858795166016,0.07877132296562195
arch03,123,15.0,30.178491592407227,0.4896886348724365,27.364431381225586,0.35360589623451233,27.362462997436523,0.08168377727270126
arch03,123,10.0,30.236448287963867,0.5048531293869019,27.497940063476562,0.369615375995636,27.49593734741211,0.08953750133514404
arch03,123,5.0,30.700584411621094,0.5583913922309875,28.355419158935547,0.4206129312515259,28.351871490478516,0.11534298956394196
arch03,2024,inf,2.8844776153564453,0.2492351084947586,2.0211257934570312,0.1604999601840973,-0.5888848900794983,-0.03546958044171333
arch03,2024,50.0,30.42925262451172,0.4893034100532532,27.026931762695312,0.3435481786727905,27.025482177734375,-0.18523001670837402
arch03,2024,20.0,30.453277587890625,0.5007522106170654,27.04684066772461,0.3566375970840454,27.029306411743164,-0.17758342623710632
arch03,2024,15.0,30.42450523376465,0.5090481638908386,27.004480361938477,0.3658924698829651,26.990127563476562,-0.1721794158220291
arch03,2024,10.0,30.483829498291016,0.525899350643158,27.10844612121582,0.3832281529903412,27.082569122314453,-0.1632373034954071
arch03,2024,5.0,30.917144775390625,0.5795518159866333,27.961322784423828,0.4371470808982849,27.939912796020508,-0.13908180594444275
arch04,42,inf,2.651543140411377,0.2422982156276703,1.7539924383163452,0.15726406872272491,0.052784740924835205,-0.020349277183413506
arch04,42,50.0,32.257999420166016,0.34190618991851807,29.436925888061523,0.2507581114768982,29.435453414916992,-0.030574558302760124
arch04,42,20.0,32.281803131103516,0.3593451678752899,29.45853042602539,0.26471152901649475,29.451486587524414,-0.025448178872466087
arch04,42,15.0,32.23251724243164,0.37060531973838806,29.393213272094727,0.2743549942970276,29.38758659362793,-0.022263066843152046
arch04,42,10.0,32.27799987792969,0.39271843433380127,29.509017944335938,0.29097044467926025,29.498506546020508,-0.0147604551166296
arch04,42,5.0,32.768043518066406,0.46030357480049133,30.478681564331055,0.3432069420814514,30.473825454711914,0.014260903932154179
arch04,123,inf,2.743427276611328,0.246479794383049,1.8916972875595093,0.14571791887283325,-0.8748282194137573,0.01925469934940338
arch04,123,50.0,28.320068359375,0.4029020369052887,25.20663833618164,0.2762009799480438,25.199569702148438,0.09888436645269394
arch04,123,20.0,28.334932327270508,0.42103293538093567,25.246156692504883,0.2927016019821167,25.23714828491211,0.10804761946201324
arch04,123,15.0,28.295124053955078,0.43136581778526306,25.210872650146484,0.30226433277130127,25.20159912109375,0.10974038392305374
arch04,123,10.0,28.336559295654297,0.44843652844429016,25.331249237060547,0.31984421610832214,25.31647300720215,0.11787194758653641
arch04,123,5.0,28.829214096069336,0.5037974119186401,26.19771385192871,0.3697112798690796,26.182472229003906,0.13928039371967316
arch04,2024,inf,2.8508119583129883,0.24507978558540344,1.9185867309570312,0.15709859132766724,-0.6405732035636902,-0.015093359164893627
arch04,2024,50.0,30.738018035888672,0.41768521070480347,27.680334091186523,0.3000684678554535,27.680089950561523,0.05184246972203255
arch04,2024,20.0,30.773780822753906,0.4307941794395447,27.73647117614746,0.31274789571762085,27.734006881713867,0.05874413996934891
arch04,2024,15.0,30.763084411621094,0.4405398368835449,27.729631423950195,0.3221573829650879,27.727243423461914,0.06202220544219017
arch04,2024,10.0,30.823877334594727,0.4572252929210663,27.881139755249023,0.33702656626701355,27.87803077697754,0.07033800333738327
arch04,2024,5.0,31.409873962402344,0.5141234397888184,28.923765182495117,0.3882274329662323,28.9198055267334,0.09382259100675583
arch05,42,inf,2.77838397026062,0.23531831800937653,1.793341040611267,0.15032975375652313,-0.7903497219085693,-0.02208702079951763
arch05,42,50.0,26.299386978149414,0.5712059140205383,22.362043380737305,0.3748699724674225,19.754600524902344,-0.1950460970401764
arch05,42,20.0,26.315401077270508,0.5849851965904236,22.35079002380371,0.39166420698165894,19.72323989868164,-0.18904878199100494
arch05,42,15.0,26.28093719482422,0.5911614298820496,22.300914764404297,0.40035581588745117,19.678991317749023,-0.18518765270709991
arch05,42,10.0,26.283405303955078,0.6086846590042114,22.34865951538086,0.4194828271865845,19.69686508178711,-0.17989100515842438
arch05,42,5.0,26.74466323852539,0.6603540778160095,23.14265251159668,0.47671762108802795,20.44148063659668,-0.15891103446483612
arch05,123,inf,2.700200319290161,0.24291937053203583,1.904728889465332,0.15252390503883362,-0.339702844619751,0.0017247901996597648
arch05,123,50.0,31.392009735107422,0.34302932024002075,28.84934425354004,0.2321651428937912,28.84934425354004,0.07255946844816208
arch05,123,20.0,31.424734115600586,0.3616652488708496,28.87420654296875,0.24704113602638245,28.868513107299805,0.0789857804775238
arch05,123,15.0,31.400135040283203,0.37414729595184326,28.831680297851562,0.2584109902381897,28.82874298095703,0.07997994124889374
arch05,123,10.0,31.455429077148438,0.3961828947067261,28.938106536865234,0.2766658067703247,28.92891502380371,0.08659829199314117
arch05,123,5.0,31.989032745361328,0.4613206088542938,29.87364387512207,0.33018216490745544,29.86577796936035,0.1053803563117981
arch05,2024,inf,2.6656253337860107,0.23076897859573364,1.8485980033874512,0.1469748467206955,-0.7560110092163086,-0.023963160812854767
arch05,2024,50.0,30.22093391418457,0.48141637444496155,26.865230560302734,0.32153236865997314,26.85841178894043,0.12459495663642883
arch05,2024,20.0,30.247222900390625,0.4972590208053589,26.87232208251953,0.3384481370449066,26.857322692871094,0.1344379484653473
arch05,2024,15.0,30.218252182006836,0.5071183443069458,26.827821731567383,0.3497562110424042,26.814537048339844,0.13799050450325012
arch05,2024,10.0,30.278671264648438,0.5245489478111267,26.941118240356445,0.36744993925094604,26.925193786621094,0.14796464145183563
arch05,2024,5.0,30.842674255371094,0.5787131190299988,27.951818466186523,0.4208281338214874,27.93597412109375,0.1754349172115326
fixed_alpha_a0.00,42,inf,2.6678364276885986,0.2384537309408188,1.8202604055404663,0.15291282534599304,0.26673489809036255,-0.020642178133130074
fixed_alpha_a0.00,42,50.0,32.16122817993164,0.4957720935344696,29.53271484375,0.3522768020629883,29.53271484375,0.0221625454723835
fixed_alpha_a0.00,42,20.0,32.16663360595703,0.5082428455352783,29.518274307250977,0.36635860800743103,29.51611328125,0.030912106856703758
fixed_alpha_a0.00,42,15.0,32.1262092590332,0.5174370408058167,29.452547073364258,0.3764933943748474,29.452327728271484,0.03495530039072037
fixed_alpha_a0.00,42,10.0,32.15488815307617,0.5336860418319702,29.525409698486328,0.39331772923469543,29.51687240600586,0.045501530170440674
fixed_alpha_a0.00,42,5.0,32.68479919433594,0.5862398147583008,30.431791305541992,0.4468431770801544,30.424625396728516,0.07905630022287369
fixed_alpha_a0.00,123,inf,2.897878646850586,0.24745313823223114,2.1782822608947754,0.15773437917232513,-0.5785737633705139,-0.01136027742177248
fixed_alpha_a0.00,123,50.0,30.182777404785156,0.4699341654777527,27.33058738708496,0.3315955698490143,27.329256057739258,0.07083432376384735
fixed_alpha_a0.00,123,20.0,30.211894989013672,0.48147207498550415,27.39044952392578,0.3440352976322174,27.388858795166016,0.07877132296562195
fixed_alpha_a0.00,123,15.0,30.178491592407227,0.4896886348724365,27.364431381225586,0.35360589623451233,27.362462997436523,0.08168377727270126
fixed_alpha_a0.00,123,10.0,30.236448287963867,0.5048531293869019,27.497940063476562,0.369615375995636,27.49593734741211,0.08953750133514404
fixed_alpha_a0.00,123,5.0,30.700584411621094,0.5583913922309875,28.355419158935547,0.4206129312515259,28.351871490478516,0.11534298956394196
fixed_alpha_a0.00,2024,inf,2.8844776153564453,0.2492351084947586,2.0211257934570312,0.1604999601840973,-0.5888848900794983,-0.03546958044171333
fixed_alpha_a0.00,2024,50.0,30.42925262451172,0.4893034100532532,27.026931762695312,0.3435481786727905,27.025482177734375,-0.18523001670837402
fixed_alpha_a0.00,2024,20.0,30.453277587890625,0.5007522106170654,27.04684066772461,0.3566375970840454,27.029306411743164,-0.17758342623710632
fixed_alpha_a0.00,2024,15.0,30.42450523376465,0.5090481638908386,27.004480361938477,0.3658924698829651,26.990127563476562,-0.1721794158220291
fixed_alpha_a0.00,2024,10.0,30.483829498291016,0.525899350643158,27.10844612121582,0.3832281529903412,27.082569122314453,-0.1632373034954071
fixed_alpha_a0.00,2024,5.0,30.917144775390625,0.5795518159866333,27.961322784423828,0.4371470808982849,27.939912796020508,-0.13908180594444275
fixed_alpha_a0.25,42,inf,2.576876640319824,0.23389148712158203,1.68662691116333,0.14859750866889954,-0.03177972510457039,-0.014030992053449154
fixed_alpha_a0.25,42,50.0,30.618370056152344,0.38340431451797485,27.613059997558594,0.27842089533805847,27.610553741455078,0.004413306713104248
fixed_alpha_a0.25,42,20.0,30.640094757080078,0.40072378516197205,27.633155822753906,0.2946769893169403,27.6253719329834,0.011133595369756222
fixed_alpha_a0.25,42,15.0,30.610233306884766,0.41051679849624634,27.600486755371094,0.30394384264945984,27.594165802001953,0.014198489487171173
fixed_alpha_a0.25,42,10.0,30.657238006591797,0.43045735359191895,27.721580505371094,0.32147401571273804,27.710363388061523,0.020886264741420746
fixed_alpha_a0.25,42,5.0,31.115951538085938,0.49111610651016235,28.612150192260742,0.3724747598171234,28.6032657623291,0.050449125468730927
fixed_alpha_a0.25,123,inf,2.759265899658203,0.2343272864818573,1.819844126701355,0.15058550238609314,-0.9722511768341064,-0.00666110310703516
fixed_alpha_a0.25,123,50.0,29.227943420410156,0.41891565918922424,26.440614700317383,0.30038464069366455,26.439552307128906,-0.07886362075805664
fixed_alpha_a0.25,123,20.0,29.235563278198242,0.4357236921787262,26.443206787109375,0.315508097410202,26.435274124145508,-0.07174932211637497
fixed_alpha_a0.25,123,15.0,29.184925079345703,0.4453180730342865,26.380956649780273,0.3252272605895996,26.374500274658203,-0.06918030977249146
fixed_alpha_a0.25,123,10.0,29.176929473876953,0.4644407033920288,26.42193031311035,0.3429867625236511,26.409149169921875,-0.06007520854473114
fixed_alpha_a0.25,123,5.0,29.482934951782227,0.5273935794830322,27.060344696044922,0.3991944193840027,27.044368743896484,-0.03590049222111702
fixed_alpha_a0.25,2024,inf,2.722168445587158,0.24488291144371033,1.9483453035354614,0.1564365178346634,-0.31063300371170044,0.004234633408486843
fixed_alpha_a0.25,2024,50.0,30.481168746948242,0.40961819887161255,27.459543228149414,0.28333398699760437,27.458744049072266,0.08281151205301285
fixed_alpha_a0.25,2024,20.0,30.518783569335938,0.4247647523880005,27.51754379272461,0.2970396876335144,27.51523208618164,0.09047327190637589
fixed_alpha_a0.25,2024,15.0,30.491113662719727,0.434429407119751,27.492935180664062,0.30610430240631104,27.490875244140625,0.09301508963108063
fixed_alpha_a0.25,2024,10.0,30.533748626708984,0.4512636959552765,27.614988327026367,0.3222143054008484,27.610441207885742,0.10034140944480896
fixed_alpha_a0.25,2024,5.0,31.014802932739258,0.5045226216316223,28.482919692993164,0.36997050046920776,28.478891372680664,0.12346982210874557
fixed_alpha_a0.50,42,inf,2.651543140411377,0.2422982156276703,1.7539924383163452,0.15726406872272491,0.052784740924835205,-0.020349277183413506
fixed_alpha_a0.50,42,50.0,32.257999420166016,0.34190618991851807,29.436925888061523,0.2507581114768982,29.435453414916992,-0.030574558302760124
fixed_alpha_a0.50,42,20.0,32.281803131103516,0.3593451678752899,29.45853042602539,0.26471152901649475,29.451486587524414,-0.025448178872466087
fixed_alpha_a0.50,42,15.0,32.23251724243164,0.37060531973838806,29.393213272094727,0.2743549942970276,29.38758659362793,-0.022263066843152046
fixed_alpha_a0.50,42,10.0,32.27799987792969,0.39271843433380127,29.509017944335938,0.29097044467926025,29.498506546020508,-0.0147604551166296
fixed_alpha_a0.50,42,5.0,32.768043518066406,0.46030357480049133,30.478681564331055,0.3432069420814514,30.473825454711914,0.014260903932154179
fixed_alpha_a0.50,123,inf,2.743427276611328,0.246479794383049,1.8916972875595093,0.14571791887283325,-0.8748282194137573,0.01925469934940338
fixed_alpha_a0.50,123,50.0,28.320068359375,0.4029020369052887,25.20663833618164,0.2762009799480438,25.199569702148438,0.09888436645269394
fixed_alpha_a0.50,123,20.0,28.334932327270508,0.42103293538093567,25.246156692504883,0.2927016019821167,25.23714828491211,0.10804761946201324
fixed_alpha_a0.50,123,15.0,28.295124053955078,0.43136581778526306,25.210872650146484,0.30226433277130127,25.20159912109375,0.10974038392305374
fixed_alpha_a0.50,123,10.0,28.336559295654297,0.44843652844429016,25.331249237060547,0.31984421610832214,25.31647300720215,0.11787194758653641
fixed_alpha_a0.50,123,5.0,28.829214096069336,0.5037974119186401,26.19771385192871,0.3697112798690796,26.182472229003906,0.13928039371967316
fixed_alpha_a0.50,2024,inf,2.8508119583129883,0.24507978558540344,1.9185867309570312,0.15709859132766724,-0.6405732035636902,-0.015093359164893627
fixed_alpha_a0.50,2024,50.0,30.738018035888672,0.41768521070480347,27.680334091186523,0.3000684678554535,27.680089950561523,0.05184246972203255
fixed_alpha_a0.50,2024,20.0,30.773780822753906,0.4307941794395447,27.73647117614746,0.31274789571762085,27.734006881713867,0.05874413996934891
fixed_alpha_a0.50,2024,15.0,30.763084411621094,0.4405398368835449,27.729631423950195,0.3221573829650879,27.727243423461914,0.06202220544219017
fixed_alpha_a0.50,2024,10.0,30.823877334594727,0.4572252929210663,27.881139755249023,0.33702656626701355,27.87803077697754,0.07033800333738327
fixed_alpha_a0.50,2024,5.0,31.409873962402344,0.5141234397888184,28.923765182495117,0.3882274329662323,28.9198055267334,0.09382259100675583
fixed_alpha_a0.75,42,inf,2.6492085456848145,0.2354264110326767,1.8556005954742432,0.15170106291770935,-0.1562255173921585,0.005266652442514896
fixed_alpha_a0.75,42,50.0,31.720027923583984,0.33358216285705566,29.256900787353516,0.24906013906002045,29.228986740112305,-0.027514250949025154
fixed_alpha_a0.75,42,20.0,31.749263763427734,0.35427072644233704,29.261768341064453,0.26487597823143005,29.242212295532227,-0.019862238317728043
fixed_alpha_a0.75,42,15.0,31.717227935791016,0.3666806221008301,29.214941024780273,0.27587804198265076,29.199188232421875,-0.017525961622595787
fixed_alpha_a0.75,42,10.0,31.785005569458008,0.38752391934394836,29.34757423400879,0.2921282649040222,29.328365325927734,-0.009451000951230526
fixed_alpha_a0.75,42,5.0,32.37350845336914,0.454614520072937,30.378219604492188,0.3450401723384857,30.370237350463867,0.017527295276522636
fixed_alpha_a0.75,123,inf,2.949676036834717,0.2473098188638687,2.0885844230651855,0.15382114052772522,-0.4070659875869751,0.007629030384123325
fixed_alpha_a0.75,123,50.0,31.97374725341797,0.32127031683921814,28.90465545654297,0.22033843398094177,28.844738006591797,0.060163065791130066
fixed_alpha_a0.75,123,20.0,31.979808807373047,0.33946311473846436,28.915212631225586,0.23376499116420746,28.848861694335938,0.06795510649681091
fixed_alpha_a0.75,123,15.0,31.939739227294922,0.3517255485057831,28.85506248474121,0.243644118309021,28.793500900268555,0.0701930820941925
fixed_alpha_a0.75,123,10.0,31.966516494750977,0.37407562136650085,28.947099685668945,0.2598441541194916,28.861228942871094,0.07976033538579941
fixed_alpha_a0.75,123,5.0,32.362754821777344,0.44599664211273193,29.745174407958984,0.3155805170536041,29.65462875366211,0.10871313512325287
fixed_alpha_a0.75,2024,inf,2.894843816757202,0.2399224042892456,2.1680288314819336,0.15576086938381195,-0.4391525387763977,-0.011166654527187347
fixed_alpha_a0.75,2024,50.0,31.0678653717041,0.40715181827545166,27.64812469482422,0.2820686995983124,27.554431915283203,0.08605961501598358
fixed_alpha_a0.75,2024,20.0,31.103288650512695,0.42283084988594055,27.699527740478516,0.29569077491760254,27.59632110595703,0.09552601724863052
fixed_alpha_a0.75,2024,15.0,31.071346282958984,0.43332019448280334,27.666728973388672,0.30623283982276917,27.558940887451172,0.09884406626224518
fixed_alpha_a0.75,2024,10.0,31.08971405029297,0.45183268189430237,27.765249252319336,0.3226180672645569,27.656490325927734,0.10838525742292404
fixed_alpha_a0.75,2024,5.0,31.563344955444336,0.5095551013946533,28.7318058013916,0.37416180968284607,28.610637664794922,0.1327376663684845
fixed_alpha_a1.00,42,inf,2.760683536529541,0.24215294420719147,1.7888449430465698,0.1611512154340744,-0.6928144097328186,-0.031248627230525017
fixed_alpha_a1.00,42,50.0,32.09759521484375,0.46313655376434326,29.432952880859375,0.3185395300388336,29.429025650024414,0.0926695391535759
fixed_alpha_a1.00,42,20.0,32.121131896972656,0.47638627886772156,29.454330444335938,0.3315001428127289,29.443212509155273,0.10091312229633331
fixed_alpha_a1.00,42,15.0,32.09758758544922,0.4856666326522827,29.416059494018555,0.34221479296684265,29.406993865966797,0.10470384359359741
fixed_alpha_a1.00,42,10.0,32.152835845947266,0.5016813278198242,29.525150299072266,0.3576524257659912,29.50670051574707,0.1142696812748909
fixed_alpha_a1.00,42,5.0,32.64471435546875,0.556779146194458,30.41994285583496,0.4076051115989685,30.407381057739258,0.14568383991718292
fixed_alpha_a1.00,123,inf,2.807927131652832,0.24182036519050598,2.0122756958007812,0.15569061040878296,-0.8865851759910583,-0.024615781381726265
fixed_alpha_a1.00,123,50.0,28.936086654663086,0.39021340012550354,25.660558700561523,0.28577348589897156,25.551759719848633,-0.013083433732390404
fixed_alpha_a1.00,123,20.0,28.94806480407715,0.4067782759666443,25.663131713867188,0.3002360463142395,25.552339553833008,-0.0045076049864292145
fixed_alpha_a1.00,123,15.0,28.905986785888672,0.41883382201194763,25.606426239013672,0.31009364128112793,25.495779037475586,0.0008510373299941421
fixed_alpha_a1.00,123,10.0,28.953121185302734,0.43916216492652893,25.726913452148438,0.3272841274738312,25.599424362182617,0.009745117276906967
fixed_alpha_a1.00,123,5.0,29.41321563720703,0.4979340732097626,26.539594650268555,0.3799486756324768,26.39911651611328,0.03302628919482231
fixed_alpha_a1.00,2024,inf,2.6743431091308594,0.24331551790237427,1.8102957010269165,0.15491515398025513,-0.09110869467258453,-0.0009009016794152558
fixed_alpha_a1.00,2024,50.0,30.207134246826172,0.39745602011680603,27.29336929321289,0.2738480865955353,27.29336929321289,0.07822652906179428
fixed_alpha_a1.00,2024,20.0,30.226268768310547,0.4120746850967407,27.312850952148438,0.2870929539203644,27.31264305114746,0.08610273152589798
fixed_alpha_a1.00,2024,15.0,30.198196411132812,0.42414355278015137,27.277393341064453,0.297579824924469,27.277393341064453,0.09028207510709763
fixed_alpha_a1.00,2024,10.0,30.213274002075195,0.44316309690475464,27.343050003051758,0.31467074155807495,27.340993881225586,0.09960241615772247
fixed_alpha_a1.00,2024,5.0,30.67245101928711,0.5058726668357849,28.165950775146484,0.3698909282684326,28.163471221923828,0.12518620491027832
