Comparison,Seed,SNR,Delta CBF RMSE,Delta ATT RMSE
arch02 - arch05,42,inf,-0.0177004337310791,0.006834626197814941
arch02 - arch05,42,50.0,5.798208236694336,-0.10806936025619507
arch02 - arch05,42,20.0,5.805730819702148,-0.10859891772270203
arch02 - arch05,42,15.0,5.816650390625,-0.10549479722976685
arch02 - arch05,42,10.0,5.8694305419921875,-0.10700333118438721
arch02 - arch05,42,5.0,5.900051116943359,-0.10357493162155151
arch02 - arch05,123,inf,0.1077268123626709,-0.0010990053415298462
arch02 - arch05,123,50.0,-2.455923080444336,0.04718407988548279
arch02 - arch05,123,20.0,-2.4766693115234375,0.04511302709579468
arch02 - arch05,123,15.0,-2.4941482543945312,0.04468652606010437
arch02 - arch05,123,10.0,-2.502307891845703,0.042979270219802856
arch02 - arch05,123,5.0,-2.575817108154297,0.03661346435546875
arch02 - arch05,2024,inf,0.008717775344848633,0.012546539306640625
arch02 - arch05,2024,50.0,-0.013799667358398438,-0.08396035432815552
arch02 - arch05,2024,20.0,-0.020954132080078125,-0.08518433570861816
arch02 - arch05,2024,15.0,-0.020055770874023438,-0.08297479152679443
arch02 - arch05,2024,10.0,-0.06539726257324219,-0.08138585090637207
arch02 - arch05,2024,5.0,-0.17022323608398438,-0.07284045219421387
arch03 - arch05,42,inf,-0.11054754257202148,0.0031354129314422607
arch03 - arch05,42,50.0,5.861841201782227,-0.07543382048606873
arch03 - arch05,42,20.0,5.851232528686523,-0.07674235105514526
arch03 - arch05,42,15.0,5.845272064208984,-0.07372438907623291
arch03 - arch05,42,10.0,5.871482849121094,-0.07499861717224121
arch03 - arch05,42,5.0,5.940135955810547,-0.07411426305770874
arch03 - arch05,123,inf,0.1976783275604248,0.0045337677001953125
arch03 - arch05,123,50.0,-1.2092323303222656,0.12690484523773193
arch03 - arch05,123,20.0,-1.212839126586914,0.11980682611465454
arch03 - arch05,123,15.0,-1.2216434478759766,0.11554133892059326
arch03 - arch05,123,10.0,-1.2189807891845703,0.10867023468017578
arch03 - arch05,123,5.0,-1.2884483337402344,0.09707078337669373
arch03 - arch05,2024,inf,0.21885228157043457,0.018466129899024963
arch03 - arch05,2024,50.0,0.20831871032714844,0.007887035608291626
arch03 - arch05,2024,20.0,0.2060546875,0.003493189811706543
arch03 - arch05,2024,15.0,0.2062530517578125,0.0019298195838928223
arch03 - arch05,2024,10.0,0.20515823364257812,0.00135040283203125
arch03 - arch05,2024,5.0,0.07447052001953125,0.0008386969566345215
arch04 - arch05,42,inf,-0.12684082984924316,0.006979897618293762
arch04 - arch05,42,50.0,5.958612442016602,-0.22929972410202026
arch04 - arch05,42,20.0,5.966402053833008,-0.22564002871513367
arch04 - arch05,42,15.0,5.951580047607422,-0.2205561101436615
arch04 - arch05,42,10.0,5.994594573974609,-0.21596622467041016
arch04 - arch05,42,5.0,6.023380279541016,-0.2000505030155182
arch04 - arch05,123,inf,0.04322695732116699,0.0035604238510131836
arch04 - arch05,123,50.0,-3.071941375732422,0.059872716665267944
arch04 - arch05,123,20.0,-3.089801788330078,0.05936768651008606
arch04 - arch05,123,15.0,-3.105010986328125,0.0572185218334198
arch04 - arch05,123,10.0,-3.1188697814941406,0.05225363373756409
arch04 - arch05,123,5.0,-3.159818649291992,0.042476803064346313
arch04 - arch05,2024,inf,0.18518662452697754,0.0143108069896698
arch04 - arch05,2024,50.0,0.5170841217041016,-0.06373116374015808
arch04 - arch05,2024,20.0,0.5265579223632812,-0.06646484136581421
arch04 - arch05,2024,15.0,0.5448322296142578,-0.06657850742340088
arch04 - arch05,2024,10.0,0.5452060699462891,-0.06732365489006042
arch04 - arch05,2024,5.0,0.56719970703125,-0.06458967924118042
fixed_alpha_a0.00 - arch05,42,inf,-0.11054754257202148,0.0031354129314422607
fixed_alpha_a0.00 - arch05,42,50.0,5.861841201782227,-0.07543382048606873
fixed_alpha_a0.00 - arch05,42,20.0,5.851232528686523,-0.07674235105514526
fixed_alpha_a0.00 - arch05,42,15.0,5.845272064208984,-0.07372438907623291
fixed_alpha_a0.00 - arch05,42,10.0,5.871482849121094,-0.07499861717224121
fixed_alpha_a0.00 - arch05,42,5.0,5.940135955810547,-0.07411426305770874
fixed_alpha_a0.00 - arch05,123,inf,0.1976783275604248,0.0045337677001953125
fixed_alpha_a0.00 - arch05,123,50.0,-1.2092323303222656,0.12690484523773193
fixed_alpha_a0.00 - arch05,123,20.0,-1.212839126586914,0.11980682611465454
fixed_alpha_a0.00 - arch05,123,15.0,-1.2216434478759766,0.11554133892059326
fixed_alpha_a0.00 - arch05,123,10.0,-1.2189807891845703,0.10867023468017578
fixed_alpha_a0.00 - arch05,123,5.0,-1.2884483337402344,0.09707078337669373
fixed_alpha_a0.00 - arch05,2024,inf,0.21885228157043457,0.018466129899024963
fixed_alpha_a0.00 - arch05,2024,50.0,0.20831871032714844,0.007887035608291626
fixed_alpha_a0.00 - arch05,2024,20.0,0.2060546875,0.003493189811706543
fixed_alpha_a0.00 - arch05,2024,15.0,0.2062530517578125,0.0019298195838928223
fixed_alpha_a0.00 - arch05,2024,10.0,0.20515823364257812,0.00135040283203125
fixed_alpha_a0.00 - arch05,2024,5.0,0.07447052001953125,0.0008386969566345215
fixed_alpha_a0.25 - arch05,42,inf,-0.2015073299407959,-0.0014268308877944946
fixed_alpha_a0.25 - arch05,42,50.0,4.31898307800293,-0.18780159950256348
fixed_alpha_a0.25 - arch05,42,20.0,4.32469367980957,-0.18426141142845154
fixed_alpha_a0.25 - arch05,42,15.0,4.329296112060547,-0.18064463138580322
fixed_alpha_a0.25 - arch05,42,10.0,4.373832702636719,-0.17822730541229248
fixed_alpha_a0.25 - arch05,42,5.0,4.371288299560547,-0.16923797130584717
fixed_alpha_a0.25 - arch05,123,inf,0.05906558036804199,-0.008592084050178528
fixed_alpha_a0.25 - arch05,123,50.0,-2.1640663146972656,0.07588633894920349
fixed_alpha_a0.25 - arch05,123,20.0,-2.1891708374023438,0.07405844330787659
fixed_alpha_a0.25 - arch05,123,15.0,-2.2152099609375,0.07117077708244324
fixed_alpha_a0.25 - arch05,123,10.0,-2.2784996032714844,0.06825780868530273
fixed_alpha_a0.25 - arch05,123,5.0,-2.5060977935791016,0.0660729706287384
fixed_alpha_a0.25 - arch05,2024,inf,0.05654311180114746,0.014113932847976685
fixed_alpha_a0.25 - arch05,2024,50.0,0.2602348327636719,-0.071798175573349
fixed_alpha_a0.25 - arch05,2024,20.0,0.2715606689453125,-0.0724942684173584
fixed_alpha_a0.25 - arch05,2024,15.0,0.2728614807128906,-0.07268893718719482
fixed_alpha_a0.25 - arch05,2024,10.0,0.2550773620605469,-0.07328525185585022
fixed_alpha_a0.25 - arch05,2024,5.0,0.17212867736816406,-0.07419049739837646
fixed_alpha_a0.50 - arch05,42,inf,-0.12684082984924316,0.006979897618293762
fixed_alpha_a0.50 - arch05,42,50.0,5.958612442016602,-0.22929972410202026
fixed_alpha_a0.50 - arch05,42,20.0,5.966402053833008,-0.22564002871513367
fixed_alpha_a0.50 - arch05,42,15.0,5.951580047607422,-0.2205561101436615
fixed_alpha_a0.50 - arch05,42,10.0,5.994594573974609,-0.21596622467041016
fixed_alpha_a0.50 - arch05,42,5.0,6.023380279541016,-0.2000505030155182
fixed_alpha_a0.50 - arch05,123,inf,0.04322695732116699,0.0035604238510131836
fixed_alpha_a0.50 - arch05,123,50.0,-3.071941375732422,0.059872716665267944
fixed_alpha_a0.50 - arch05,123,20.0,-3.089801788330078,0.05936768651008606
fixed_alpha_a0.50 - arch05,123,15.0,-3.105010986328125,0.0572185218334198
fixed_alpha_a0.50 - arch05,123,10.0,-3.1188697814941406,0.05225363373756409
fixed_alpha_a0.50 - arch05,123,5.0,-3.159818649291992,0.042476803064346313
fixed_alpha_a0.50 - arch05,2024,inf,0.18518662452697754,0.0143108069896698
fixed_alpha_a0.50 - arch05,2024,50.0,0.5170841217041016,-0.06373116374015808
fixed_alpha_a0.50 - arch05,2024,20.0,0.5265579223632812,-0.06646484136581421
fixed_alpha_a0.50 - arch05,2024,15.0,0.5448322296142578,-0.06657850742340088
fixed_alpha_a0.50 - arch05,2024,10.0,0.5452060699462891,-0.06732365489006042
fixed_alpha_a0.50 - arch05,2024,5.0,0.56719970703125,-0.06458967924118042
fixed_alpha_a0.75 - arch05,42,inf,-0.12917542457580566,0.0001080930233001709
fixed_alpha_a0.75 - arch05,42,50.0,5.42064094543457,-0.23762375116348267
fixed_alpha_a0.75 - arch05,42,20.0,5.433862686157227,-0.23071447014808655
fixed_alpha_a0.75 - arch05,42,15.0,5.436290740966797,-0.22448080778121948
fixed_alpha_a0.75 - arch05,42,10.0,5.50160026550293,-0.22116073966026306
fixed_alpha_a0.75 - arch05,42,5.0,5.62884521484375,-0.2057395577430725
fixed_alpha_a0.75 - arch05,123,inf,0.24947571754455566,0.004390448331832886
fixed_alpha_a0.75 - arch05,123,50.0,0.5817375183105469,-0.021759003400802612
fixed_alpha_a0.75 - arch05,123,20.0,0.5550746917724609,-0.022202134132385254
fixed_alpha_a0.75 - arch05,123,15.0,0.5396041870117188,-0.02242174744606018
fixed_alpha_a0.75 - arch05,123,10.0,0.5110874176025391,-0.02210727334022522
fixed_alpha_a0.75 - arch05,123,5.0,0.3737220764160156,-0.01532396674156189
fixed_alpha_a0.75 - arch05,2024,inf,0.2292184829711914,0.009153425693511963
fixed_alpha_a0.75 - arch05,2024,50.0,0.8469314575195312,-0.07426455616950989
fixed_alpha_a0.75 - arch05,2024,20.0,0.8560657501220703,-0.07442817091941833
fixed_alpha_a0.75 - arch05,2024,15.0,0.8530941009521484,-0.07379814982414246
fixed_alpha_a0.75 - arch05,2024,10.0,0.8110427856445312,-0.07271626591682434
fixed_alpha_a0.75 - arch05,2024,5.0,0.7206707000732422,-0.06915801763534546
fixed_alpha_a1.00 - arch05,42,inf,-0.0177004337310791,0.006834626197814941
fixed_alpha_a1.00 - arch05,42,50.0,5.798208236694336,-0.10806936025619507
fixed_alpha_a1.00 - arch05,42,20.0,5.805730819702148,-0.10859891772270203
fixed_alpha_a1.00 - arch05,42,15.0,5.816650390625,-0.10549479722976685
fixed_alpha_a1.00 - arch05,42,10.0,5.8694305419921875,-0.10700333118438721
fixed_alpha_a1.00 - arch05,42,5.0,5.900051116943359,-0.10357493162155151
fixed_alpha_a1.00 - arch05,123,inf,0.1077268123626709,-0.0010990053415298462
fixed_alpha_a1.00 - arch05,123,50.0,-2.455923080444336,0.04718407988548279
fixed_alpha_a1.00 - arch05,123,20.0,-2.4766693115234375,0.04511302709579468
fixed_alpha_a1.00 - arch05,123,15.0,-2.4941482543945312,0.04468652606010437
fixed_alpha_a1.00 - arch05,123,10.0,-2.502307891845703,0.042979270219802856
fixed_alpha_a1.00 - arch05,123,5.0,-2.575817108154297,0.03661346435546875
fixed_alpha_a1.00 - arch05,2024,inf,0.008717775344848633,0.012546539306640625
fixed_alpha_a1.00 - arch05,2024,50.0,-0.013799667358398438,-0.08396035432815552
fixed_alpha_a1.00 - arch05,2024,20.0,-0.020954132080078125,-0.08518433570861816
fixed_alpha_a1.00 - arch05,2024,15.0,-0.020055770874023438,-0.08297479152679443
fixed_alpha_a1.00 - arch05,2024,10.0,-0.06539726257324219,-0.08138585090637207
fixed_alpha_a1.00 - arch05,2024,5.0,-0.17022323608398438,-0.07284045219421387
