Comparison,SNR,mean_delta_cbf,std_delta_cbf,mean_delta_att,std_delta_att,95CI_CBF
arch02 - arch05,5.0,1.0513369242350261,4.367979219417599,-0.04660063982009888,0.07368576800661052,4.942833797165067
arch02 - arch05,10.0,1.1005751291910808,4.305940061695829,-0.04846997062365214,0.08022647045758527,4.872629881319583
arch02 - arch05,15.0,1.1008154551188152,4.267271699629476,-0.047927687565485634,0.08099279034784697,4.828872510393246
arch02 - arch05,20.0,1.1027024586995442,4.253997071453301,-0.049556742111841835,0.08281808114230815,4.813850854497469
arch02 - arch05,50.0,1.1094951629638672,4.240166789999409,-0.04828187823295593,0.08355012215019907,4.798200417725537
arch02 - arch05,inf,0.03291471799214681,0.06612198984281258,0.006094053387641907,0.006852850374236923,0.07482407532479902
arch03 - arch05,5.0,1.5753860473632812,3.8409202377752223,0.007931739091873169,0.08581266494950693,4.346410413102196
arch03 - arch05,10.0,1.6192200978597004,3.750779501438148,0.011674006779988607,0.0922685991226267,4.24440656745944
arch03 - arch05,15.0,1.6099605560302734,3.7367258103719463,0.01458225647608439,0.09526511464342714,4.228503318911889
arch03 - arch05,20.0,1.6148160298665364,3.7368079262278355,0.015519221623738607,0.09882491508920888,4.2285962417504335
arch03 - arch05,50.0,1.6203091939290364,3.74103034850613,0.019786020119984944,0.10169278876119547,4.233374362362885
arch03 - arch05,inf,0.10199435551961263,0.18437089769104134,0.008711770176887512,0.008476408390731693,0.2086353113288051
arch04 - arch05,5.0,1.1435871124267578,4.618652668522915,-0.0740544597307841,0.12154036408072981,5.2264975084715735
arch04 - arch05,10.0,1.140310287475586,4.5857845470421665,-0.07701208194096883,0.13437214117940896,5.189303727653626
arch04 - arch05,15.0,1.1304670969645183,4.556609094204012,-0.07663869857788086,0.13916031089017172,5.156288594775943
arch04 - arch05,20.0,1.1343860626220703,4.558596088026467,-0.07757906119028728,0.14282854702826397,5.158537089955757
arch04 - arch05,50.0,1.1345850626627605,4.546834736701895,-0.07771939039230347,0.14509282542042368,5.145227868023338
arch04 - arch05,inf,0.03385758399963379,0.15622458813661444,0.008283709486325582,0.005492506572357796,0.176784763708837
fixed_alpha_a0.00 - arch05,5.0,1.5753860473632812,3.8409202377752223,0.007931739091873169,0.08581266494950693,4.346410413102196
fixed_alpha_a0.00 - arch05,10.0,1.6192200978597004,3.750779501438148,0.011674006779988607,0.0922685991226267,4.24440656745944
fixed_alpha_a0.00 - arch05,15.0,1.6099605560302734,3.7367258103719463,0.01458225647608439,0.09526511464342714,4.228503318911889
fixed_alpha_a0.00 - arch05,20.0,1.6148160298665364,3.7368079262278355,0.015519221623738607,0.09882491508920888,4.2285962417504335
fixed_alpha_a0.00 - arch05,50.0,1.6203091939290364,3.74103034850613,0.019786020119984944,0.10169278876119547,4.233374362362885
fixed_alpha_a0.00 - arch05,inf,0.10199435551961263,0.18437089769104134,0.008711770176887512,0.008476408390731693,0.2086353113288051
fixed_alpha_a0.25 - arch05,5.0,0.6791063944498698,3.466609247195405,-0.05911849935849508,0.1183772938203147,3.9228376528052853
fixed_alpha_a0.25 - arch05,10.0,0.7834701538085938,3.357496162892217,-0.06108491619427999,0.1236946401854881,3.799364574359956
fixed_alpha_a0.25 - arch05,15.0,0.7956492106119791,3.3034255240245485,-0.0607209304968516,0.1263335856912663,3.738177886465169
fixed_alpha_a0.25 - arch05,20.0,0.8023611704508463,3.289212613445199,-0.06089907884597778,0.1295496937613,3.722094464077217
fixed_alpha_a0.25 - arch05,50.0,0.8050505320231119,3.2756832060910983,-0.06123781204223633,0.13216078533236572,3.706784498400599
fixed_alpha_a0.25 - arch05,inf,-0.02863287925720215,0.14971897837710307,0.0013650059700012207,0.01160760809233485,0.1694229732388798
fixed_alpha_a0.50 - arch05,5.0,1.1435871124267578,4.618652668522915,-0.0740544597307841,0.12154036408072981,5.2264975084715735
fixed_alpha_a0.50 - arch05,10.0,1.140310287475586,4.5857845470421665,-0.07701208194096883,0.13437214117940896,5.189303727653626
fixed_alpha_a0.50 - arch05,15.0,1.1304670969645183,4.556609094204012,-0.07663869857788086,0.13916031089017172,5.156288594775943
fixed_alpha_a0.50 - arch05,20.0,1.1343860626220703,4.558596088026467,-0.07757906119028728,0.14282854702826397,5.158537089955757
fixed_alpha_a0.50 - arch05,50.0,1.1345850626627605,4.546834736701895,-0.07771939039230347,0.14509282542042368,5.145227868023338
fixed_alpha_a0.50 - arch05,inf,0.03385758399963379,0.15622458813661444,0.008283709486325582,0.005492506572357796,0.176784763708837
fixed_alpha_a0.75 - arch05,5.0,2.241079330444336,2.939015413789084,-0.09674051403999329,0.09815864661377494,3.3258090269950302
fixed_alpha_a0.75 - arch05,10.0,2.2745768229166665,2.7987056883415367,-0.10532809297243755,0.10345636307851987,3.1670336257911855
fixed_alpha_a0.75 - arch05,15.0,2.276329676310221,2.7410918315782005,-0.1069002350171407,0.10501798416926157,3.1018374093969108
fixed_alpha_a0.75 - arch05,20.0,2.281667709350586,2.734026112376282,-0.10911492506663005,0.10849758869501669,3.0938417954257487
fixed_alpha_a0.75 - arch05,50.0,2.2831033070882163,2.720420699152671,-0.11121577024459839,0.11257638072827993,3.0784458210110563
fixed_alpha_a0.75 - arch05,inf,0.11650625864664714,0.21300752566846862,0.004550655682881673,0.0045247939815197934,0.24104070647684872
fixed_alpha_a1.00 - arch05,5.0,1.0513369242350261,4.367979219417599,-0.04660063982009888,0.07368576800661052,4.942833797165067
fixed_alpha_a1.00 - arch05,10.0,1.1005751291910808,4.305940061695829,-0.04846997062365214,0.08022647045758527,4.872629881319583
fixed_alpha_a1.00 - arch05,15.0,1.1008154551188152,4.267271699629476,-0.047927687565485634,0.08099279034784697,4.828872510393246
fixed_alpha_a1.00 - arch05,20.0,1.1027024586995442,4.253997071453301,-0.049556742111841835,0.08281808114230815,4.813850854497469
fixed_alpha_a1.00 - arch05,50.0,1.1094951629638672,4.240166789999409,-0.04828187823295593,0.08355012215019907,4.798200417725537
fixed_alpha_a1.00 - arch05,inf,0.03291471799214681,0.06612198984281258,0.006094053387641907,0.006852850374236923,0.07482407532479902
