Architecture,Seed,ATT_bin,Probe RMSE CBF,Probe RMSE ATT,Probe R2 CBF,Probe R2 ATT
Arch02,42,1.5-2.0,2.4629395315414815,0.251252094510121,0.9926743055973487,-1.9399676979187697
Arch02,42,2.5-3.0,2.9447793687157735,0.2522612616504052,0.9894287808938099,-2.241361160327217
Arch02,42,1.0-1.5,3.1830384665392817,0.2394803408793851,0.9880771248389094,-1.6764940875411911
Arch02,42,2.0-2.5,1.99661695723544,0.14242385847947545,0.9951290484781391,-0.014858187286901137
Arch02,42,0.5-1.0,4.035245604077422,0.40513196554448877,0.9807280939537878,-6.960463644925707
Arch03,42,1.5-2.0,2.463311312036171,0.25630792565270083,0.9926720938046402,-2.059477394483795
Arch03,42,2.5-3.0,3.751435916951302,0.2598508885680069,0.9828440561915052,-2.4393368227111742
Arch03,42,1.0-1.5,2.974153322020055,0.23925216158716406,0.9895906423815499,-1.6713961360856482
Arch03,42,2.0-2.5,1.7598577392882226,0.1422340105515555,0.9962157534682594,-0.012154422420252331
Arch03,42,0.5-1.0,4.304223049754141,0.41462837162006855,0.9780732501834954,-7.338028463662116
Arch02,123,1.5-2.0,2.508864498260864,0.2591246172243674,0.9923985628164982,-2.1270910328503927
Arch02,123,2.5-3.0,2.455766772326862,0.2327133220891262,0.9926481982274644,-1.7584733266842156
Arch02,123,1.0-1.5,3.2645133870175562,0.25628798317624174,0.987458943328336,-2.0653709686309996
Arch02,123,2.0-2.5,1.897504222706363,0.1259510771384819,0.9956006369904997,0.20632328878829598
Arch02,123,0.5-1.0,3.908925438666957,0.42408106780259025,0.9819157918726654,-7.72254283083711
Arch03,123,1.5-2.0,2.5441076976504893,0.2674064042604823,0.992183500888784,-2.3301729240339033
Arch03,123,2.5-3.0,2.8271175859981743,0.229705229193061,0.9902566726233917,-1.6876212164359843
Arch03,123,1.0-1.5,3.1223253028039135,0.2542914873219416,0.9885276201073431,-2.0177982123534552
Arch03,123,2.0-2.5,1.7625935539628739,0.13228508286162463,0.9962039786024047,0.12448898882932702
Arch03,123,0.5-1.0,4.132236146007841,0.4113170147885026,0.9797905270198576,-7.205379868268784
Arch02,2024,1.5-2.0,2.5400475874083814,0.24753729917590112,0.9922084294912193,-1.8536747553713533
Arch02,2024,2.5-3.0,3.0951395496240077,0.25028757337023816,0.9883216894380368,-2.190838858416157
Arch02,2024,1.0-1.5,2.891681577642888,0.23368765989076326,0.9901599306552733,-1.5485790709164537
Arch02,2024,2.0-2.5,1.6847362322745896,0.13593333804167707,0.9965319278119283,0.07553211541081228
Arch02,2024,0.5-1.0,4.305009629463044,0.4257765560972831,0.9780652353979179,-7.792428207746148
Arch03,2024,1.5-2.0,2.4111010178975705,0.2602154321171048,0.9929794342402082,-2.153474146641339
Arch03,2024,2.5-3.0,3.389442179670558,0.2627775871658777,0.9859952290496032,-2.5172475691628198
Arch03,2024,1.0-1.5,2.950618048323072,0.23445284200163435,0.9897547346322646,-1.565296426401602
Arch03,2024,2.0-2.5,1.8940675449075473,0.14802308152274488,0.9956165584323471,-0.09622258954997198
Arch03,2024,0.5-1.0,4.465644111467695,0.4163439580836249,0.9763977752371852,-7.407170873915236
