epoch,train_loss,val_loss,epoch_time
1,0.260487711250782,0.11102027624845505,6.98480480001308
2,0.154671426653862,0.09071658045053482,6.953881200053729
3,0.1366048581600189,0.11396598994731903,6.985476900008507
4,0.12579265016317367,0.11353430181741714,6.965469200047664
5,0.12278723150491715,0.08141363516449929,6.976732000010088
6,0.12261326402425766,0.06369695648550987,6.998604799970053
7,0.10631477382779121,0.09921211183071137,7.3208711999468505
8,0.1125578191280365,0.07063564509153367,7.275640200008638
9,0.10391679102182388,0.08357263252139091,7.052125799935311
10,0.10338984301686287,0.09912729144096374,7.033072500023991
11,0.09447203436493874,0.09544318348169327,7.040675000054762
12,0.09512019765377044,0.05565629675984383,7.027435399941169
13,0.09089357626438141,0.057732885777950285,7.014580100076273
14,0.08878783342242241,0.07312577024102211,7.054547299980186
15,0.09050778096914291,0.05880046024918556,7.036012900061905
16,0.0862523249387741,0.05983198016881943,7.045169699937105
17,0.077882617354393,0.04283210307359695,7.095590600045398
18,0.0733126617372036,0.05599524766206741,7.2111453000688925
19,0.07400561434030532,0.038530842885375026,7.179243600112386
20,0.06724749410152435,0.04531726717948913,7.034072500071488
21,0.07621910780668259,0.04889260247349739,7.032299300073646
22,0.062484804227948186,0.055668777525424956,7.06456149998121
23,0.05673990511894226,0.05485771089792252,7.1908344000112265
24,0.06081138727068901,0.05371907308697701,7.103276000008918
25,0.05974105583131313,0.03766795009374618,7.099102400010452
26,0.0547524415999651,0.03805932201445103,7.130553500028327
27,0.05706258022785187,0.051237016320228576,7.095492899999954
28,0.05549288412928581,0.037002544999122616,7.155822100001387
29,0.05316016861796379,0.038893613517284396,7.241740399971604
30,0.055110196337103845,0.04550141543149948,7.164568400010467
