epoch,train_loss,val_loss,best_val_loss,best_epoch,elapsed_time
0,0.8541491645336151,0.34356120815277097,0.34356120815277097,0,0.8301849365234375
1,0.3254711115837097,0.2990860076904297,0.2990860076904297,1,1.6281380653381348
2,0.2829032126665115,0.2830145379066467,0.2830145379066467,2,2.4073939323425293
3,0.27447452898025515,0.2654251609802246,0.2654251609802246,3,3.2096571922302246
4,0.2662243395805359,0.2800159204006195,0.2654251609802246,3,3.9924333095550537
5,0.2588561796665192,0.25445211627483366,0.25445211627483366,5,4.798699855804443
6,0.2606657839298248,0.268315443277359,0.25445211627483366,5,5.608451843261719
7,0.24865284457206727,0.29927629661560057,0.25445211627483366,5,6.381559371948242
8,0.2564631147861481,0.25914272367954255,0.25445211627483366,5,7.295577526092529
9,0.2522640465021133,0.24998153026103972,0.24998153026103972,9,8.088974952697754
10,0.2453017236471176,0.2508798780679703,0.24998153026103972,9,8.878005743026733
11,0.24410008800029753,0.25651028923988345,0.24998153026103972,9,9.69858455657959
12,0.2424090060710907,0.26504396238327027,0.24998153026103972,9,10.493381977081299
13,0.24166163425445555,0.257475780749321,0.24998153026103972,9,11.341463327407837
14,0.23961992502212526,0.2519442961215973,0.24998153026103972,9,12.24295449256897
15,0.24086519756317137,0.25628133976459505,0.24998153026103972,9,13.048206090927124
16,0.23700537819862366,0.23609640970230103,0.23609640970230103,16,13.832676887512207
17,0.2398970223903656,0.24795646879673003,0.23609640970230103,16,14.62755274772644
18,0.23725793957710267,0.24987855699062347,0.23609640970230103,16,15.451368570327759
19,0.243135418176651,0.23739679403305053,0.23609640970230103,16,16.39066767692566
20,0.23530803060531616,0.2390127647638321,0.23609640970230103,16,17.216389894485474
21,0.23736358070373534,0.2635971863746643,0.23609640970230103,16,17.998632192611694
22,0.23976365723609924,0.24112816162109374,0.23609640970230103,16,18.790996313095093
23,0.2345502345085144,0.23870652441978454,0.23609640970230103,16,19.599157571792603
24,0.2338531187057495,0.23878894414901733,0.23609640970230103,16,20.40816831588745
25,0.23170035059452057,0.24718992092609404,0.23609640970230103,16,21.276033878326416
26,0.23441210386753084,0.2443950293779373,0.23609640970230103,16,22.088380336761475
27,0.23253070101737977,0.2383310921192169,0.23609640970230103,16,22.91601324081421
28,0.232940202832222,0.24511078736782074,0.23609640970230103,16,23.73096227645874
29,0.23224745988845824,0.2328770697593689,0.2328770697593689,29,24.624455451965332
30,0.23119642400741577,0.23613198845386504,0.2328770697593689,29,25.4462628364563
31,0.23252111358642577,0.2354575217962265,0.2328770697593689,29,26.352197408676147
32,0.2323021610736847,0.24081513800621032,0.2328770697593689,29,27.120174646377563
33,0.23096965939998626,0.23282088072299958,0.23282088072299958,33,27.91916799545288
34,0.23287756390571593,0.23732681894302368,0.23282088072299958,33,28.771207571029663
35,0.23145350313186647,0.24778957934379578,0.23282088072299958,33,29.55279541015625
36,0.232723650932312,0.2625630205154419,0.23282088072299958,33,30.480647802352905
37,0.23636692481040955,0.24188106403350831,0.23282088072299958,33,31.27030634880066
38,0.2318881187915802,0.23827520279884337,0.23282088072299958,33,32.02915954589844
39,0.22962659344673156,0.24028992769718172,0.23282088072299958,33,32.801952838897705
40,0.23034227561950685,0.24555658860206603,0.23282088072299958,33,33.58862233161926
41,0.22932740831375123,0.2412688406229019,0.23282088072299958,33,34.387956380844116
42,0.22978819658756255,0.23697280676364899,0.23282088072299958,33,35.25075387954712
43,0.22853030045032502,0.23651301643848419,0.23282088072299958,33,36.04766321182251
44,0.2280218059539795,0.23825980496406554,0.23282088072299958,33,36.87807369232178
45,0.2310118127346039,0.24873535385131837,0.23282088072299958,33,37.65430974960327
46,0.22855088148117064,0.23880006036758422,0.23282088072299958,33,38.47828936576843
47,0.22899266469478607,0.24398935623168946,0.23282088072299958,33,39.250837564468384
48,0.23238883485794068,0.23575320496559143,0.23282088072299958,33,40.17738485336304
49,0.22754302854537964,0.2505119408369064,0.23282088072299958,33,40.96495056152344
50,0.2293741639137268,0.23889842307567596,0.23282088072299958,33,41.7472128868103
51,0.2287338966846466,0.23501619794368744,0.23282088072299958,33,42.61493253707886
52,0.22782736001014708,0.23079590244293213,0.23079590244293213,52,43.49856686592102
53,0.22663534708023073,0.2336916651248932,0.23079590244293213,52,44.40968894958496
54,0.22698781824111938,0.23098397462368012,0.23079590244293213,52,45.20964741706848
55,0.22903957378864287,0.2382780956029892,0.23079590244293213,52,45.996681690216064
56,0.22840514702796935,0.2321352125644684,0.23079590244293213,52,46.77797794342041
57,0.22650540904998778,0.23961129431724548,0.23079590244293213,52,47.57956290245056
58,0.23038568208217622,0.23951508440971375,0.23079590244293213,52,48.433135747909546
59,0.2275163859128952,0.23534404745101928,0.23079590244293213,52,49.346020221710205
60,0.22736895051002504,0.23279539737701416,0.23079590244293213,52,50.15203046798706
61,0.22608680737018585,0.2340962779521942,0.23079590244293213,52,51.001351833343506
62,0.22747745594978333,0.24346208624839782,0.23079590244293213,52,51.77545189857483
63,0.2279688621520996,0.23027545738220215,0.23027545738220215,63,52.56277656555176
64,0.2250388358592987,0.2482683669090271,0.23027545738220215,63,53.35995173454285
65,0.22979903964996337,0.23751782603263855,0.23027545738220215,63,54.26366639137268
66,0.22599120421409608,0.23677511098384857,0.23027545738220215,63,55.06531643867493
67,0.226175226354599,0.23236789803504942,0.23027545738220215,63,55.858672857284546
68,0.22493517847061156,0.22993403568267823,0.22993403568267823,68,56.65067648887634
69,0.22438078713417053,0.23110279002189638,0.22993403568267823,68,57.45853400230408
70,0.22506582531929017,0.23072285075187682,0.22993403568267823,68,58.36786389350891
71,0.22529696288108825,0.2320819060564041,0.22993403568267823,68,59.17055082321167
72,0.22622761554718018,0.23640451822280883,0.22993403568267823,68,59.98207402229309
73,0.22620770308971405,0.23618184502124787,0.22993403568267823,68,60.82781386375427
74,0.22681467552185058,0.24084255764484405,0.22993403568267823,68,61.703572034835815
75,0.22788325884342195,0.23419699957370757,0.22993403568267823,68,62.52278161048889
76,0.22679757862091066,0.23527661817073822,0.22993403568267823,68,63.41977262496948
77,0.2249602348804474,0.23254253313541412,0.22993403568267823,68,64.2036612033844
78,0.22398342654705047,0.230577952003479,0.22993403568267823,68,65.05017328262329
79,0.2257193093776703,0.2373400932788849,0.22993403568267823,68,65.87987637519836
80,0.22619223988056184,0.23596200642585755,0.22993403568267823,68,66.66395306587219
81,0.22562408127784728,0.23175929839611054,0.22993403568267823,68,67.4798412322998
82,0.22524725193977355,0.24027786116600036,0.22993403568267823,68,68.42365622520447
83,0.22414405086040498,0.23605584857463838,0.22993403568267823,68,69.27079510688782
84,0.2242948093175888,0.23586007196903228,0.22993403568267823,68,70.0594232082367
85,0.22598378658294677,0.23274338383674623,0.22993403568267823,68,70.84064984321594
86,0.22400293500423432,0.23331238827705383,0.22993403568267823,68,71.64659237861633
87,0.22518423099517823,0.24018539280891418,0.22993403568267823,68,72.52463412284851
88,0.22481410717964173,0.23441097044944764,0.22993403568267823,68,73.36662411689758
89,0.22530956149101258,0.23129356768131257,0.22993403568267823,68,74.22344899177551
90,0.22266411051750182,0.23339298481941223,0.22993403568267823,68,75.0107913017273
91,0.22313188123703004,0.2323980988740921,0.22993403568267823,68,75.81685304641724
92,0.22391898365020751,0.23723938584327697,0.22993403568267823,68,76.66473054885864
93,0.22532289457321167,0.2420157493829727,0.22993403568267823,68,77.57931017875671
