seed,epoch,train_loss,val_loss,time
42,1,0.7981541465759278,0.5164786074638367,13.520096000051126
42,2,0.4499228050231934,0.4400109148979187,12.623634399962611
42,3,0.40564754934310915,0.42047009267807006,12.543629699968733
42,4,0.3846424253463745,0.37862595500946045,12.639691599993967
42,5,0.3727329005241394,0.3698186130523682,13.064968000049703
42,6,0.36227371520996093,0.3820328110694885,12.868010299978778
42,7,0.3555694269180298,0.3505197217464447,12.881100400001742
42,8,0.3496011583328247,0.3678497109413147,12.674277400015853
42,9,0.3455009046554565,0.385980197429657,12.303883499931544
42,10,0.34221703143119814,0.33895574884414675,12.471602100064047
42,11,0.33805135159492494,0.35374097099304197,12.661694700014777
42,12,0.33461797637939455,0.3361699990272522,13.419042499968782
42,13,0.3328029069423675,0.39764708199501037,13.741552400053479
42,14,0.32918274960517885,0.3253967134952545,19.656687299953774
42,15,0.32755194959640505,0.3312984531879425,13.602447200100869
42,16,0.32432898950576783,0.3640218804359436,18.316898100078106
42,17,0.3246192579269409,0.32936029329299926,25.722333600046113
42,18,0.3202346212387085,0.3238518850803375,25.199028500006534
42,19,0.3195256540298462,0.3671945613861084,24.829624700010754
42,20,0.3179575888633728,0.3566634871482849,25.397159500047565
42,21,0.3155997841835022,0.3317768130779266,25.556385300005786
42,22,0.31499325966835023,0.3259003495693207,26.461192599963397
42,23,0.31330929822921755,0.37943770546913147,25.462216299958527
42,24,0.3118591181755066,0.3133093168735504,24.91607039992232
42,25,0.3111957748413086,0.3086687379837036,25.189760699984618
42,26,0.3091372240543365,0.31551346616744996,25.014581299968995
42,27,0.30855153794288637,0.31635754442214964,25.086510100052692
42,28,0.3080893406867981,0.36521628074645995,25.73385479999706
42,29,0.30742936658859255,0.47866741371154786,25.563658499973826
42,30,0.3073633605480194,0.3079233120441437,25.746783199952915
42,31,0.30491562595367433,0.3392485482215881,24.8948306000093
42,32,0.3030201657772064,0.3043907504081726,24.964324800064787
42,33,0.30329040861129763,0.3273258358955383,25.174583799904212
42,34,0.30396185030937195,0.31579506330490115,25.302531699999236
42,35,0.3012969235420227,0.374927007484436,25.354408100014552
42,36,0.30164763050079346,0.3078677784919739,25.157737500034273
42,37,0.3006359292984009,0.3192563594818115,25.286787999910302
42,38,0.2999448805809021,0.30609180026054383,25.68959470000118
42,39,0.29931240606307985,0.30379509229660034,25.821801500045694
42,40,0.2978216431617737,0.32715570979118347,25.131497700000182
42,41,0.2966318660736084,0.3153843122959137,24.992312000016682
42,42,0.29729682264328006,0.29441723384857177,25.547329899971373
42,43,0.295235685300827,0.3172825375080109,25.248766400036402
42,44,0.2970635406970978,0.32467810525894164,25.743878199951723
42,45,0.2942742551803589,0.2978329810142517,25.62237570004072
42,46,0.29404343795776366,0.31029894762039184,25.836806899984367
42,47,0.2938132006168365,0.29583785758018494,25.47169519995805
42,48,0.29242641568183897,0.30403619871139526,25.58335420000367
42,49,0.2917558364868164,0.2926790416717529,25.978197399992496
42,50,0.2926884192466736,0.34045281562805174,25.572609500028193
42,51,0.29209348855018613,0.3067066386222839,25.259530199924484
42,52,0.2906868298530579,0.31428986115455626,25.222635700018145
42,53,0.29016054487228393,0.3471124955177307,24.7241689999355
42,54,0.2906897330284119,0.33912074971199035,25.378058800008148
42,55,0.29032015857696536,0.29092865858078004,26.68842979997862
42,56,0.28848762335777284,0.2951063474655151,25.773741300101392
42,57,0.2888699354171753,0.34490173344612124,24.804195999982767
42,58,0.2878461530685425,0.2980381853580475,25.80945669999346
42,59,0.28786600103378296,0.3208873381614685,24.930363400024362
42,60,0.28699615774154663,0.32549544553756715,26.09001700009685
42,61,0.28604862661361696,0.3273292052268982,25.68290060001891
42,62,0.28589825525283813,0.3401727154254913,25.033341099973768
42,63,0.2850533185005188,0.3374943458557129,25.0478468000656
42,64,0.2842953041553497,0.3058593774795532,25.68041659996379
42,65,0.2844564173698425,0.32168304977416995,25.457979900063947
42,66,0.28511016421318053,0.3253591612815857,25.353917700005695
42,67,0.2836120937347412,0.31134932498931883,25.044590800069273
42,68,0.2837657413482666,0.3231812888622284,25.769274599966593
42,69,0.2827412474632263,0.3175867480278015,25.32272389996797
42,70,0.28244830398559573,0.3556267476081848,25.262253599939868
42,71,0.28239921503067017,0.3370500982284546,26.062568299937993
42,72,0.28211079545021056,0.303062677192688,24.77245980000589
42,73,0.28172045850753785,0.29921449327468874,25.39050350000616
42,74,0.2800732751846313,0.3132771170139313,26.52856220002286
42,75,0.2812457555294037,0.3447074104309082,25.332045300048776
42,76,0.2800067378044128,0.29024213695526124,25.529660900007002
42,77,0.2790554126739502,0.29078334884643553,25.887974299956113
42,78,0.27924957032203673,0.2974990532875061,24.908008700003847
42,79,0.2784008776187897,0.3265454442501068,25.188560999929905
42,80,0.2790311353206634,0.307247761631012,25.21620900009293
42,81,0.27855759267807007,0.30282805953025815,25.55139179993421
42,82,0.2773398104190826,0.32474688358306886,24.975212799967267
42,83,0.27779966497421266,0.30258497223854064,24.874752099975012
42,84,0.27712215285301206,0.29032271065711973,25.91997609997634
42,85,0.27678803300857546,0.33676734228134153,25.64022639999166
42,86,0.2772379798412323,0.30431735644340513,25.35538630001247
42,87,0.27689840726852416,0.30834466123580934,24.86486450000666
42,88,0.2758251085281372,0.30924695644378664,24.772494499920867
42,89,0.2758256830215454,0.29893741998672485,25.28199859999586
42,90,0.2746231490135193,0.3195605659484863,18.175410200026818
42,91,0.2751509924888611,0.3113549311161041,12.504328100010753
42,92,0.2744275242805481,0.2984405013084412,21.991229900042526
42,93,0.27407620129585264,0.2962496020793915,25.470134500064887
42,94,0.27479882426261903,0.3017625134468079,26.39764910005033
42,95,0.27449828872680665,0.32178346824646,25.30304580007214
42,96,0.27383809547424315,0.292253910446167,26.005004399921745
42,97,0.272630300617218,0.29540923347473147,25.878346199984662
42,98,0.27219205675125124,0.3201448727607727,25.789195899968036
42,99,0.27211777329444886,0.3161039658546448,24.933663100004196
42,100,0.2721799468040466,0.3078689965248108,25.988188699935563
42,101,0.2729927834510803,0.31195162720680236,25.475788299925625
123,1,0.7858961684703827,0.5876957073211669,25.596375500084832
123,2,0.4622482877731323,0.489793311882019,25.305366500047967
123,3,0.4172188623905182,0.4434098062992096,24.792629200033844
123,4,0.3970160704612732,0.38324665060043334,25.220960599952377
123,5,0.3844998058319092,0.565521928024292,26.645589499967173
123,6,0.37571686182022096,0.46905901803970335,25.400572799961083
123,7,0.36413337502479554,0.42011160230636596,24.975851999945007
123,8,0.35846786217689514,0.3528617372512817,25.43982379999943
123,9,0.3526490859508514,0.37254432401657106,26.165143399965018
123,10,0.3472778593063354,0.38875842237472535,25.54608740005642
123,11,0.3439873432636261,0.3493938521385193,25.265298300073482
123,12,0.33958230056762695,0.38457490706443787,25.41079069999978
123,13,0.3351024374485016,0.4380185493469238,25.450177400023676
123,14,0.33524711003303526,0.34136391530036925,26.221779000014067
123,15,0.33043916873931883,0.387430668258667,26.003730099997483
123,16,0.32881808853149413,0.33144685459136963,25.594353800057434
123,17,0.3248353501319885,0.35958892703056333,25.227770900004543
123,18,0.32331242480278016,0.32987303071022034,24.87450000003446
123,19,0.3217353669643402,0.3621127987861633,26.6363233999582
123,20,0.3203154273033142,0.3530847165107727,24.70022949995473
123,21,0.3178371208190918,0.41475696964263914,25.474093699944206
123,22,0.3181666509151459,0.3410662459373474,25.55576509993989
123,23,0.3159821931838989,0.3591591630458832,24.965216299984604
123,24,0.31525659503936765,0.4734782015800476,24.975776199949905
123,25,0.31464221849441526,0.3328032250881195,24.81095199997071
123,26,0.31267994174957275,0.35423636775016787,25.794567900011316
123,27,0.31119878911972043,0.3196971849918365,25.605115700047463
123,28,0.3107724640846252,0.3736946360588074,25.10086559993215
123,29,0.3101676674842834,0.32980403671264646,25.234910500003025
123,30,0.3072696197986603,0.3247331389427185,24.804433599929325
123,31,0.3079026052474976,0.3058523527145386,25.410778599907644
123,32,0.30486693639755247,0.3040059325695038,25.60179630003404
123,33,0.30467954869270325,0.31526824264526365,26.23743660002947
123,34,0.30411962628364564,0.31654540429115297,25.005704999901354
123,35,0.30313301248550417,0.30560815620422366,25.268595300032757
123,36,0.30392288818359375,0.3088697279930115,25.087780700065196
123,37,0.30311371088027955,0.33305176701545713,26.224546700017527
123,38,0.3019406310081482,0.3486908034801483,25.5446977999527
123,39,0.3011873158454895,0.366143664932251,26.075811699964106
123,40,0.30087683491706846,0.3351093994140625,25.44555509998463
123,41,0.3002148807525635,0.32061313400268554,25.168912999914028
123,42,0.2996663365840912,0.3136846140861511,25.398663299973123
123,43,0.2980407889842987,0.31897620487213135,25.481051499955356
123,44,0.2974690634727478,0.42417965178489686,25.764182799961418
123,45,0.2991982325553894,0.3009747570037842,25.179352500010282
123,46,0.2968948967933655,0.37528910846710206,26.43131830007769
123,47,0.2973634250640869,0.3051118337154388,26.28583500010427
123,48,0.2949203516960144,0.29780916175842287,24.8247331000166
123,49,0.29638379945755006,0.31994202527999877,26.52609229995869
123,50,0.29623943672180175,0.34545904684066775,25.154710400034674
123,51,0.2958779213905334,0.294408304643631,25.355433300021105
123,52,0.2942072956085205,0.3090389645576477,25.031335499952547
123,53,0.2937783258914948,0.33508778009414675,25.581613500020467
123,54,0.292851704120636,0.3330163510322571,24.793430599966086
123,55,0.29095566968917846,0.3005661911964416,25.6066368999891
123,56,0.2924743814945221,0.29583424434661865,25.89238220010884
123,57,0.2910970436573029,0.309036759185791,24.914140400011092
123,58,0.29181147518157957,0.36860512409210205,24.758237999980338
123,59,0.2895818244934082,0.3066082910060883,24.892609699978493
123,60,0.28997458176612856,0.36397639751434324,25.0043866999913
123,61,0.2882217012882233,0.30260149803161623,25.375705300015397
123,62,0.2886015845298767,0.29568277492523193,26.22915130003821
123,63,0.2886681592941284,0.29429025077819826,25.09378100000322
123,64,0.2888012230396271,0.30178649282455444,25.826908400049433
123,65,0.2865601737499237,0.30369850749969485,15.800120999920182
123,66,0.2862927730560303,0.32603575229644777,12.730900300084613
123,67,0.2882842035293579,0.3083492651939392,25.28717470006086
123,68,0.2857476728439331,0.29057956438064575,25.721097699948587
123,69,0.2871880038738251,0.34427955493927004,26.03455760003999
123,70,0.28530866765975954,0.3182179932117462,26.78117009997368
123,71,0.28716631622314454,0.3152418861865997,25.396997099975124
123,72,0.2853437376499176,0.34964636850357056,25.273423800012097
123,73,0.28521189284324644,0.3031304177761078,25.51431830006186
123,74,0.2840438812732696,0.29898106112480166,25.606804999988526
123,75,0.28333261623382566,0.3139184886455536,26.107431600103155
123,76,0.285031925201416,0.3411007534503937,26.568669899948873
123,77,0.28504787592887876,0.30451241788864136,25.69967370002996
123,78,0.2845699149131775,0.28987491335868837,25.408561900025234
123,79,0.28284497241973877,0.2883120511054993,25.100811199983582
123,80,0.28281216316223146,0.29222689809799196,25.366933300043456
123,81,0.28354057087898255,0.32197391633987427,25.38005300005898
123,82,0.28216936101913453,0.31418468494415286,26.888246099930257
123,83,0.2826507833957672,0.3114619993209839,25.998883399995975
123,84,0.28206397862434385,0.29769563217163086,25.953147399937734
123,85,0.28072407636642455,0.30765859303474424,25.201760000083596
123,86,0.28136849279403686,0.34306536331176757,25.666154299979098
123,87,0.28088956956863403,0.31548916292190554,24.919239500071853
123,88,0.27993666677474977,0.34406214838027954,25.888294300064445
123,89,0.2791165404319763,0.29882649974823,25.39788479998242
123,90,0.2789226758956909,0.31959104270935057,25.95679830003064
123,91,0.28046239538192747,0.28985604314804075,25.982297799899243
123,92,0.27771575741767884,0.31065600633621215,25.589016500045545
123,93,0.2787315621852875,0.3072387324810028,25.92100329999812
123,94,0.27933588981628416,0.3419319257736206,25.278912400011905
123,95,0.27706875228881833,0.3072413749694824,24.852871300070547
123,96,0.27805379667282104,0.2931105891227722,25.674272599979304
123,97,0.2783673565387726,0.29818850655555723,25.53774339996744
123,98,0.2783920647621155,0.3156706738948822,25.719325999962166
123,99,0.276511648273468,0.3292469147205353,25.082268600002863
123,100,0.2762622078895569,0.3371407549858093,26.04764789994806
123,101,0.2752458469867706,0.33316252698898313,25.809810799895786
123,102,0.2752109028339386,0.3049606934070587,25.968010800075717
123,103,0.27515098581314085,0.3534504180431366,26.371435899985954
123,104,0.2760207065582275,0.30696754784584046,26.011413499945775
2024,1,0.7238517870903015,0.5193690603256226,28.35066530003678
2024,2,0.4507001504898071,0.4348182089805603,26.837826099945232
2024,3,0.41142170600891115,0.3999986458778381,25.557198900030926
2024,4,0.393036852312088,0.39424992666244507,25.06926330004353
2024,5,0.38118547267913816,0.42908067474365236,25.157254000077955
2024,6,0.3720035593032837,0.388452814245224,25.763130499981344
2024,7,0.36443943934440615,0.389831018447876,25.023450499982573
2024,8,0.35869662261009216,0.3866237828731537,26.05950769991614
2024,9,0.35328560705184936,0.38373436641693115,25.788754199980758
2024,10,0.35053592128753663,0.4257967144012451,25.09703449998051
2024,11,0.3481553371906281,0.3562819687366486,25.06333989999257
2024,12,0.3431411124229431,0.35052800884246826,24.89471450005658
2024,13,0.3411914363861084,0.3988079832077026,25.956872000009753
2024,14,0.3386287702560425,0.34278267393112183,24.30524469993543
2024,15,0.33842040367126464,0.3630631245613098,24.48873129999265
2024,16,0.3371515890598297,0.333051513671875,24.785449099959806
2024,17,0.33361840143203736,0.3283468253612518,24.730655100080185
2024,18,0.33076020874977113,0.3511067004203796,24.53928440005984
2024,19,0.32925685534477234,0.35055194511413573,24.58863650006242
2024,20,0.3276083790779114,0.4026758336544037,24.680493099964224
2024,21,0.3258464256286621,0.32657621212005616,24.56739290000405
2024,22,0.3250101350784302,0.372129892873764,24.521306499955244
2024,23,0.3253509525299072,0.37061705899238584,24.46335080009885
2024,24,0.3218291503429413,0.3382266322135925,25.136309999972582
2024,25,0.32147196636199954,0.35683428716659543,24.676671899971552
2024,26,0.31918062324523927,0.32296870894432067,24.62061270000413
2024,27,0.31760744199752805,0.35523883237838744,24.4976081000641
2024,28,0.314234312582016,0.33096477098464966,24.643715900019743
2024,29,0.31612252502441407,0.3635414574623108,24.67962519999128
2024,30,0.3132940637588501,0.33118298659324646,24.654770800028928
2024,31,0.31189942026138306,0.32682709674835203,24.260049500036985
2024,32,0.31140504150390624,0.32261272859573364,24.670968100079335
2024,33,0.31033884267807005,0.38366106095314023,24.467459100065753
2024,34,0.31039773421287536,0.34402123007774355,24.943042999948375
2024,35,0.3088701009273529,0.36268593139648436,25.403369199950248
2024,36,0.30639443149566653,0.30405554914474486,24.489365799934603
2024,37,0.3062410336494446,0.3247291999816895,25.558809000067413
2024,38,0.30496294183731076,0.30426195316314697,25.37371160008479
2024,39,0.3040499433517456,0.313666836643219,24.8196379999863
2024,40,0.3028822875022888,0.3033974862098694,24.378721000044607
2024,41,0.300994118309021,0.30886633882522585,24.388900800026022
2024,42,0.29974667139053346,0.2984547436714172,24.486168700037524
2024,43,0.30001291642189026,0.37152419872283937,25.062122899922542
2024,44,0.2994106462478638,0.307769854927063,24.611169600044377
2024,45,0.2980039282798767,0.33806822385787966,24.558945700060576
2024,46,0.2986215183258057,0.3253810914039612,25.034405800048262
2024,47,0.29715632076263426,0.33001545424461365,25.09782919997815
2024,48,0.29663374934196474,0.3018100967407227,24.598138500005007
2024,49,0.29365893878936766,0.3059322646141052,24.721354100038297
2024,50,0.29402745690345766,0.2991662038326263,24.667021599947475
2024,51,0.29455812516212465,0.30540865716934207,24.365235200035386
2024,52,0.2930685112476349,0.3154602600097656,24.64728799997829
2024,53,0.2912043307304382,0.31044945278167724,25.67984080000315
2024,54,0.29264834785461424,0.31664971647262574,24.408726699999534
2024,55,0.29187440309524537,0.3055618971824646,24.510505899903364
2024,56,0.29081195430755613,0.30673263425827024,24.19407810003031
2024,57,0.29006575593948364,0.3170262812614441,24.174086799961515
2024,58,0.2890390717983246,0.39126891117095947,24.33796449995134
2024,59,0.2900058288574219,0.29427779936790466,24.447877699974924
2024,60,0.2880990021705627,0.3043659375190735,24.461644800030626
2024,61,0.2893864350318909,0.29720929222106934,24.3643613999011
2024,62,0.28694858770370485,0.3077253322601318,24.675815899972804
2024,63,0.28604392352104185,0.2921087160110474,24.425467499997467
2024,64,0.28690175771713256,0.32365101199150087,24.512435400043614
2024,65,0.28488063707351685,0.29966569051742553,24.644976099953055
2024,66,0.28493337979316713,0.2992439518928528,24.71721280005295
2024,67,0.2837780152320862,0.3158980384349823,25.18923810007982
2024,68,0.2849212512969971,0.3560641103744507,25.120846300036646
2024,69,0.2828411598682404,0.32330841093063356,24.933015499962494
2024,70,0.2825673453807831,0.29767607836723325,25.541253700037487
2024,71,0.2819444005966186,0.2905077021598816,24.884248799993657
2024,72,0.28232728419303893,0.3041096797943115,24.795143599971198
2024,73,0.28183038759231566,0.3113684717178345,24.946408199961297
2024,74,0.2815266905784607,0.29606816692352295,25.59569830005057
2024,75,0.28056800308227536,0.3378107704162598,25.447542499983683
2024,76,0.2794945894241333,0.3010207197189331,25.860982800018974
2024,77,0.27905631275177,0.28921550664901735,24.43207999994047
2024,78,0.27882190108299254,0.4012799747467041,16.30925179994665
2024,79,0.2799750905036926,0.30623580827713015,15.357033999986015
2024,80,0.2787383545398712,0.29600031275749206,16.620101199951023
2024,81,0.2785611077785492,0.2906578326702118,16.590765099972486
2024,82,0.2790305299758911,0.33363302788734434,16.724249999970198
2024,83,0.27673967857360837,0.3154369647026062,15.334607800003141
2024,84,0.27566894435882566,0.29991941485404966,14.849007699987851
2024,85,0.2757065936088562,0.2964314910888672,12.105363200069405
2024,86,0.2763227593421936,0.2948579524993897,12.086450499948114
2024,87,0.2762512228012085,0.2920437815189362,12.14942700008396
2024,88,0.27587033247947695,0.32121001558303836,12.454940999974497
2024,89,0.2742179552555084,0.3372972720146179,12.249758000019938
2024,90,0.2751906231403351,0.3494869644165039,12.171867500059307
2024,91,0.2747319641113281,0.3560045199394226,12.379526400007308
2024,92,0.2749206902503967,0.2914253610610962,12.316404299926944
2024,93,0.2740912085056305,0.31137935667037964,12.1823229000438
2024,94,0.2734894154548645,0.3480711133003235,12.244568299967796
2024,95,0.2737096996307373,0.3154944521903992,12.200319200055674
2024,96,0.27351588010787964,0.3474434293746948,12.09983890003059
2024,97,0.27278474011421205,0.2894547701358795,12.152914399979636
2024,98,0.2735342999458313,0.3484296812534332,12.149434000020847
2024,99,0.2736442091464996,0.30075335578918455,12.064390899962746
2024,100,0.27154879188537595,0.3313399778842926,12.31057009997312
2024,101,0.27080664701461793,0.3070611411571503,12.117638599942438
2024,102,0.27082484765052794,0.3179660185813904,12.083453299943358
