seed,SNR,Regime,CBF RMSE,ATT RMSE
42,inf,0-33,7.5326896,0.16690616
42,inf,33-66,24.700535,0.12249508
42,inf,66-100,34.642086,0.08761333
42,50.0,0-33,1.4824334,0.075270176
42,50.0,33-66,1.0626836,0.05986769
42,50.0,66-100,1.2226763,0.058630858
42,20.0,0-33,1.5497667,0.081370704
42,20.0,33-66,1.1959448,0.064746805
42,20.0,66-100,1.3387493,0.062318202
42,15.0,0-33,1.6385207,0.08703472
42,15.0,33-66,1.3111943,0.068822354
42,15.0,66-100,1.4369572,0.065526724
42,10.0,0-33,1.8963546,0.10125293
42,10.0,33-66,1.5946406,0.07912932
42,10.0,66-100,1.6824219,0.073104724
42,5.0,0-33,3.3002024,0.16090143
42,5.0,33-66,2.6081984,0.11880928
42,5.0,66-100,2.6349778,0.10241395
123,inf,0-33,6.912681,0.16675945
123,inf,33-66,24.965147,0.111337595
123,inf,66-100,35.29886,0.07975432
123,50.0,0-33,1.4131792,0.07682837
123,50.0,33-66,1.0217602,0.062140327
123,50.0,66-100,1.2216246,0.061189163
123,20.0,0-33,1.5252451,0.083188266
123,20.0,33-66,1.1607921,0.067091
123,20.0,66-100,1.3279694,0.06426274
123,15.0,0-33,1.640883,0.08960255
123,15.0,33-66,1.2773805,0.07131683
123,15.0,66-100,1.4205387,0.06737045
123,10.0,0-33,1.9237009,0.10306613
123,10.0,33-66,1.5629059,0.081344426
123,10.0,66-100,1.65307,0.0740205
123,5.0,0-33,3.2689316,0.15652876
123,5.0,33-66,2.5669427,0.116351806
123,5.0,66-100,2.602336,0.10005868
2024,inf,0-33,7.8126817,0.15127026
2024,inf,33-66,24.751505,0.10347447
2024,inf,66-100,34.75642,0.08045154
2024,50.0,0-33,1.5943154,0.07325498
2024,50.0,33-66,1.0568088,0.05942305
2024,50.0,66-100,1.2447464,0.060077194
2024,20.0,0-33,1.6610706,0.08087075
2024,20.0,33-66,1.1984171,0.06473121
2024,20.0,66-100,1.358014,0.06329219
2024,15.0,0-33,1.7391456,0.08747015
2024,15.0,33-66,1.3151267,0.0693067
2024,15.0,66-100,1.4594597,0.06691537
2024,10.0,0-33,1.972978,0.10281463
2024,10.0,33-66,1.59838,0.080179006
2024,10.0,66-100,1.7037042,0.07476457
2024,5.0,0-33,3.3306262,0.16275239
2024,5.0,33-66,2.5740187,0.11905669
2024,5.0,66-100,2.6792214,0.10408848
