seed,SNR,CBF RMSE,ATT RMSE,CBF MAE,ATT MAE,CBF Bias,ATT Bias
42,inf,26.384504,0.11821186,25.499914,0.08887305,-25.49818,0.016309327
42,50.0,1.0915617,0.059791476,0.815552,0.039109856,0.17780179,0.007119236
42,20.0,1.2211989,0.064503014,0.927507,0.04338276,0.1540931,0.008075649
42,15.0,1.3333244,0.06846331,1.0218493,0.046907928,0.15846682,0.008969041
42,10.0,1.6103301,0.07840565,1.2486249,0.05535977,0.17994188,0.011175464
42,5.0,2.617206,0.11678835,2.047995,0.0855781,0.2687142,0.02113688
123,inf,26.72303,0.10759862,25.789251,0.07687403,-25.787493,0.013809287
123,50.0,1.05737,0.062100623,0.7673853,0.039559387,-0.05704853,0.0079286415
123,20.0,1.1902674,0.06678383,0.8905744,0.044197198,-0.0583811,0.0065680123
123,15.0,1.3026847,0.070863195,0.9881649,0.047954287,-0.0429961,0.005654625
123,10.0,1.57943,0.080433264,1.2178224,0.056544464,-0.012776949,0.0034717931
123,5.0,2.5773582,0.11433214,2.0136054,0.08499168,0.020189296,0.0012007146
2024,inf,26.447964,0.10070357,25.598095,0.07478602,-25.596983,0.01765243
2024,50.0,1.0915376,0.059619833,0.8071975,0.037934802,0.07086681,0.0077957474
2024,20.0,1.227373,0.064629614,0.92627746,0.04272312,0.042558495,0.007027831
2024,15.0,1.3410745,0.069079235,1.0225177,0.046613157,0.033111006,0.007529014
2024,10.0,1.6174117,0.07954551,1.2489482,0.055528212,0.02171434,0.008229273
2024,5.0,2.5956855,0.11724042,2.026981,0.08617169,-0.005034301,0.013083508
