snr,att_bin,cbf_rmse_mean,cbf_rmse_std,att_rmse_mean,att_rmse_std
5.0,0.5-1.0,1.6828639904658,0.10141913531060585,0.0632327323158582,0.01319513611006978
5.0,1.0-1.5,1.5474507411321003,0.08364482798965561,0.0802220528324445,0.006142177109033918
5.0,1.5-2.0,1.2831802368164062,0.14320674207637285,0.42691413561503094,0.1867486234873377
5.0,2.0-2.5,1.0803547501564026,0.13795886692831924,0.6073839465777079,0.43718822314336053
10.0,0.5-1.0,1.47339924176534,0.10531477064625674,0.034654381995399795,0.013570076783035337
10.0,1.0-1.5,1.352028449376424,0.09171709024695186,0.06528961285948753,0.012987480232723895
10.0,1.5-2.0,1.1499933799107869,0.11021563320401788,0.394756019115448,0.21199533294847586
10.0,2.0-2.5,1.0394188563028972,0.3184142585286963,0.5692493766546249,0.47318043596304526
15.0,0.5-1.0,1.2957628568013508,0.12312814544917343,0.03431061158577601,0.013200032849822933
15.0,1.0-1.5,1.1964478095372517,0.106139198186616,0.06414738421638806,0.013550448077653503
15.0,1.5-2.0,1.0411821007728577,0.08841328081191385,0.3756693055232366,0.22744683723603162
15.0,2.0-2.5,0.9277768929799398,0.24241404398673413,0.5593167593081793,0.4800233270930701
20.0,0.5-1.0,1.1820443471272786,0.11910492185847052,0.034725879008571305,0.012407451234316124
20.0,1.0-1.5,1.0994720260302226,0.10563935554160739,0.06392748653888702,0.013517090443223384
20.0,1.5-2.0,0.9713387290636698,0.06190598599408549,0.36784156660238904,0.23329615640186407
20.0,2.0-2.5,0.8469298481941223,0.15913147216045315,0.5563602844874064,0.4809775501260595
50.0,0.5-1.0,1.006435791651408,0.1450332895090759,0.037540679797530174,0.013557987872813568
50.0,1.0-1.5,0.9562114079793295,0.12352390088560344,0.06494104986389478,0.012448179664494971
50.0,1.5-2.0,0.9048033157984415,0.05231844315258456,0.3564839909474055,0.24220777394890927
50.0,2.0-2.5,0.749973734219869,0.14288902660621006,0.5595314701398214,0.4771599874088142
inf,0.5-1.0,8.770393371582031,5.725678687834854,0.15523571893572807,0.15214233694811694
inf,1.0-1.5,8.517747720082602,5.952451923607751,0.1831498940785726,0.1577817692705763
inf,1.5-2.0,7.557763338088989,6.602484674998864,0.6496953864892324,0.2759734115060136
inf,2.0-2.5,7.206988493601481,7.29164329412006,0.9333053827285767,0.49879345719190427
