snr,cbf_bin,cbf_rmse_mean,cbf_rmse_std,att_rmse_mean,att_rmse_std
5.0,0-33,1.0533877611160278,0.08150231159036501,0.10266343007485072,0.01986140811975328
5.0,33-66,5.792781035105388,0.5999690257966073,0.11619125306606293,0.04489861714277941
5.0,66-100,8.08059024810791,2.0557619940511733,0.21749395380417505,0.1743133337871257
10.0,0-33,1.0227084159851074,0.0682833720350359,0.08800876140594482,0.03262813874007513
10.0,33-66,4.554645538330078,0.3412441629647541,0.0946624328692754,0.04012550239424444
10.0,66-100,7.329403400421143,2.23267973439531,0.19992645829916,0.1736167423958143
15.0,0-33,0.9030336141586304,0.08093934185268413,0.08561069269975026,0.03437184015231689
15.0,33-66,4.03308900197347,0.3633515991541509,0.09408053507407506,0.03912668694998666
15.0,66-100,7.108004887898763,2.313573330260737,0.1992225100596746,0.17353765859383927
20.0,0-33,0.8223074277242025,0.05746919525584669,0.0848284624516964,0.034795445564152205
20.0,33-66,3.7405754725138345,0.45492480870660174,0.09465282658735912,0.03888129951687324
20.0,66-100,6.9967678387959795,2.3558516708801247,0.199667418996493,0.17196218731315902
50.0,0-33,0.7051611542701721,0.055204447380441855,0.08493726948897044,0.03452332147354772
50.0,33-66,3.2959445317586265,0.5888777173849165,0.09653147061665852,0.0364642732443437
50.0,66-100,6.844371795654297,2.36514991456842,0.2000523159901301,0.16888479449284755
inf,0-33,7.0755666097005205,6.987435080743184,0.2105703204870224,0.1615451580050455
inf,33-66,20.49817657470703,0.5893655022170389,0.08231258889039357,0.01688276161559722
inf,66-100,37.284661610921226,0.6206363383149888,0.10618279129266739,0.03841341692333359
