seed,snr,volume_id,cbf_rmse,att_rmse,cbf_mae,att_mae,cbf_bias,att_bias
42,inf,0,6.766021728515625,0.08311593532562256,3.9331676959991455,0.05497806891798973,-2.0195600986480713,0.013619909062981606
42,inf,1,4.882804870605469,0.10456941276788712,3.09926176071167,0.0613086111843586,-0.605116605758667,0.0028908713720738888
42,inf,2,4.101343154907227,0.08365694433450699,2.6948635578155518,0.055347658693790436,0.3522842228412628,0.016865480691194534
42,inf,3,3.6243479251861572,0.10796990245580673,2.4286839962005615,0.0666944608092308,0.6504014730453491,-0.012886148877441883
42,inf,4,3.9542899131774902,0.1208619773387909,2.4737324714660645,0.07858830690383911,0.5356726050376892,-0.02146732807159424
42,inf,5,8.08749771118164,0.10449667274951935,4.444659233093262,0.06419587880373001,-2.2353808879852295,0.013484557159245014
42,inf,6,2.8092780113220215,0.1150016039609909,2.1661791801452637,0.07178155332803726,1.2435400485992432,-0.010222703218460083
42,inf,7,5.493888854980469,0.09211370348930359,3.2866146564483643,0.059099238365888596,-0.38244912028312683,0.014600115828216076
42,inf,8,3.71439528465271,0.12521566450595856,2.5274548530578613,0.07475396990776062,0.32877838611602783,-0.035152990370988846
42,inf,9,7.5630316734313965,0.11482667922973633,4.243591785430908,0.06384363770484924,-1.8784664869308472,-0.0008648358634673059
42,inf,10,2.549036741256714,0.108285091817379,2.144108295440674,0.06312469393014908,1.3265047073364258,0.0011028446024283767
42,inf,11,4.936687469482422,0.10839695483446121,3.1262457370758057,0.06532295048236847,-0.3723613917827606,0.0020002315286546946
42,inf,12,3.8471884727478027,0.13140657544136047,2.451627731323242,0.07391197234392166,0.5334367156028748,-0.02031279355287552
42,inf,13,6.586067199707031,0.13115070760250092,3.7716970443725586,0.07539734989404678,-1.901646614074707,-0.02428988367319107
42,inf,14,4.57525110244751,0.15643638372421265,2.7892990112304688,0.09819012135267258,-0.04168015718460083,-0.059999674558639526
42,inf,15,7.913925647735596,0.11018845438957214,4.8665690422058105,0.06583993136882782,-3.206543445587158,0.016507424414157867
42,inf,16,3.240821599960327,0.1396065503358841,2.301431655883789,0.07952786237001419,0.7472739815711975,-0.023333484306931496
42,inf,17,3.2755603790283203,0.10205379873514175,2.420346260070801,0.062271248549222946,0.7804210186004639,0.0012550917454063892
42,inf,18,3.061789035797119,0.10757160931825638,2.326789379119873,0.0664924681186676,1.2583757638931274,-0.0018520657904446125
42,inf,19,7.685330390930176,0.10478746891021729,4.436958312988281,0.06251827627420425,-2.6255834102630615,0.0019531885627657175
42,inf,20,2.4919915199279785,0.09834244847297668,2.1591343879699707,0.06047637388110161,1.462599754333496,0.008508157916367054
42,inf,21,5.867720603942871,0.09986693412065506,3.6257383823394775,0.06145966798067093,-1.807192087173462,-0.0002346869878238067
42,inf,22,5.671846866607666,0.09631766378879547,3.210500717163086,0.05850410833954811,-0.9435917735099792,0.006554549094289541
42,inf,23,5.233175277709961,0.11851280182600021,3.1401877403259277,0.07147379219532013,-0.6219357252120972,-0.020909441635012627
42,inf,24,4.2400336265563965,0.10633548349142075,2.6984622478485107,0.0642605796456337,0.5007030963897705,-0.008649352937936783
42,inf,25,2.9961655139923096,0.14431092143058777,2.267451286315918,0.08461278676986694,1.0415226221084595,-0.038565728813409805
42,inf,26,4.127320766448975,0.15488192439079285,2.5927517414093018,0.09329003095626831,0.2619940936565399,-0.04773109406232834
42,inf,27,3.7399654388427734,0.10597684234380722,2.4852097034454346,0.0643063336610794,0.2957252264022827,-0.00767221674323082
42,inf,28,5.014531135559082,0.08595916628837585,2.9229416847229004,0.05538484454154968,-0.012692832387983799,0.019063515588641167
42,inf,29,2.4022178649902344,0.10307889431715012,2.1149826049804688,0.06574853509664536,1.4951860904693604,-0.0015988474478945136
42,inf,30,3.7508203983306885,0.15210936963558197,2.530994176864624,0.09053264558315277,0.5658442378044128,-0.049498967826366425
42,inf,31,4.28527307510376,0.09929550439119339,2.7476603984832764,0.06530323624610901,0.6873666644096375,-0.00037868841900490224
42,inf,32,4.543540954589844,0.13001605868339539,2.8038318157196045,0.07846701145172119,0.16698713600635529,-0.027118025347590446
42,inf,33,4.9995036125183105,0.09525779634714127,3.083462953567505,0.056903235614299774,-0.5933982729911804,0.00873643346130848
42,inf,34,5.1325578689575195,0.10136031359434128,3.0051791667938232,0.06318791210651398,-0.23480945825576782,-0.0029719423037022352
42,inf,35,6.136231422424316,0.11596664786338806,3.5733821392059326,0.0722292810678482,-1.4634582996368408,-0.017104871571063995
42,inf,36,4.115893840789795,0.11758356541395187,2.5926177501678467,0.07108905911445618,0.721846342086792,-0.013477460481226444
42,inf,37,5.336748123168945,0.08216115087270737,3.2553083896636963,0.05414612591266632,-0.3228070139884949,0.015361454337835312
42,inf,38,3.844252109527588,0.14202219247817993,2.44840669631958,0.08291837573051453,0.6491071581840515,-0.029216459020972252
42,inf,39,4.218277931213379,0.10259321331977844,2.6953818798065186,0.06351926922798157,0.4625455439090729,-0.006626190152019262
42,50.0,0,1.2937091588974,0.05963028594851494,0.7605114579200745,0.043708983808755875,-0.3171086311340332,0.02743067964911461
42,50.0,1,0.9674955010414124,0.07467543333768845,0.6201819181442261,0.04043300822377205,0.024292372167110443,0.013661647215485573
42,50.0,2,0.8707054257392883,0.04509416222572327,0.5397116541862488,0.029802994802594185,0.19163432717323303,0.020159626379609108
42,50.0,3,0.9043112993240356,0.08270473778247833,0.5801308751106262,0.05225720629096031,0.23796595633029938,0.010062231682240963
42,50.0,4,1.0606796741485596,0.07019346952438354,0.6115959882736206,0.04578327015042305,0.11923328042030334,0.010403845459222794
42,50.0,5,1.4437916278839111,0.06382608413696289,0.8251714110374451,0.04328063875436783,-0.15495333075523376,0.031079940497875214
42,50.0,6,0.6584122180938721,0.059756089001894,0.48467308282852173,0.0396723747253418,0.29810184240341187,0.021893084049224854
42,50.0,7,1.102070689201355,0.056087590754032135,0.610039234161377,0.03897128999233246,0.022059977054595947,0.024272210896015167
42,50.0,8,0.7999685406684875,0.08845077455043793,0.5402337908744812,0.054152343422174454,0.14083455502986908,-0.0013496086467057467
42,50.0,9,1.5687748193740845,0.0795232430100441,0.8267786502838135,0.04776633158326149,-0.19827832281589508,0.02074582129716873
42,50.0,10,0.6049805283546448,0.05850351229310036,0.42385241389274597,0.03914239630103111,0.24111665785312653,0.0246853269636631
42,50.0,11,1.045190453529358,0.06838207691907883,0.6705076694488525,0.04566430300474167,-0.09872058779001236,0.02867511287331581
42,50.0,12,0.9689372777938843,0.06599446386098862,0.6064507365226746,0.03996877744793892,0.12854310870170593,0.009587050415575504
42,50.0,13,1.2176871299743652,0.09270251542329788,0.7353750467300415,0.05346947908401489,-0.10708994418382645,0.0037016512360423803
42,50.0,14,0.9191356897354126,0.07098975777626038,0.559265673160553,0.04701907932758331,0.013154924847185612,-0.012306426651775837
42,50.0,15,1.3680652379989624,0.06807152181863785,0.8878139853477478,0.04406680911779404,-0.4475816786289215,0.027416575700044632
42,50.0,16,0.8341019153594971,0.06254903227090836,0.5717546939849854,0.03898497670888901,0.25859594345092773,0.013857622630894184
42,50.0,17,0.8577958345413208,0.07269755750894547,0.5814539194107056,0.0421314463019371,0.18467555940151215,0.010352789424359798
42,50.0,18,0.6845905780792236,0.07938328385353088,0.518152117729187,0.04554971307516098,0.37718862295150757,0.006537888199090958
42,50.0,19,1.3944860696792603,0.0574934147298336,0.832809567451477,0.0422089584171772,-0.4384009838104248,0.03488623723387718
42,50.0,20,0.6718229055404663,0.05085807666182518,0.47632408142089844,0.0370081327855587,0.3100186586380005,0.03123112954199314
42,50.0,21,0.9318335652351379,0.07578928768634796,0.5625308752059937,0.043696172535419464,-0.1552310436964035,0.017146358266472816
42,50.0,22,1.386339545249939,0.05969397351145744,0.7813178896903992,0.04514205455780029,-0.22794324159622192,0.03556522727012634
42,50.0,23,0.8394603729248047,0.0892917811870575,0.5768511295318604,0.05133802816271782,0.2073720097541809,-0.008702374063432217
42,50.0,24,0.9031505584716797,0.07266616076231003,0.5689592361450195,0.04285271093249321,0.2526499330997467,0.003403720911592245
42,50.0,25,0.7077597379684448,0.06556809693574905,0.5095850825309753,0.043208539485931396,0.2816741168498993,0.0008063144632615149
42,50.0,26,0.926780641078949,0.07716534286737442,0.5322108864784241,0.0466182641685009,0.14948770403862,-0.006561585236340761
42,50.0,27,0.8189253211021423,0.054938964545726776,0.5499096512794495,0.04141154885292053,0.12267254292964935,0.031316448003053665
42,50.0,28,1.1738091707229614,0.058505553752183914,0.6587498188018799,0.04337714612483978,0.06604865193367004,0.03945095092058182
42,50.0,29,0.5858922004699707,0.0488995760679245,0.46367716789245605,0.03374756500124931,0.32837679982185364,0.020000766962766647
42,50.0,30,0.9131044745445251,0.08107421547174454,0.5253918170928955,0.0557556077837944,0.11459684371948242,-0.003181138075888157
42,50.0,31,1.0148240327835083,0.07783711701631546,0.5727314352989197,0.04826468229293823,0.13552947342395782,0.0085332952439785
42,50.0,32,1.0131112337112427,0.08464395254850388,0.62395840883255,0.050363440066576004,0.19419433176517487,-0.003545569023117423
42,50.0,33,1.067020297050476,0.05497065931558609,0.6361933946609497,0.03965478762984276,-0.028266625478863716,0.03166387975215912
42,50.0,34,1.0014050006866455,0.06270027160644531,0.6132643818855286,0.040051791816949844,0.27743270993232727,0.013232908211648464
42,50.0,35,1.1213420629501343,0.0649934858083725,0.6724448204040527,0.04204918444156647,-0.1513594537973404,0.013304182328283787
42,50.0,36,1.0145164728164673,0.057577189058065414,0.5428674817085266,0.041732337325811386,0.14137212932109833,0.012677294202148914
42,50.0,37,0.98972088098526,0.048109762370586395,0.555657684803009,0.03357640653848648,0.038271233439445496,0.02342723309993744
42,50.0,38,0.9236829280853271,0.07455144822597504,0.4985038638114929,0.04668516293168068,0.03875007480382919,0.012532927095890045
42,50.0,39,0.9632901549339294,0.08081569522619247,0.6052523255348206,0.049099549651145935,0.19707104563713074,0.011534571647644043
42,20.0,0,1.4188179969787598,0.054206740111112595,0.9082309007644653,0.0389334112405777,-0.15959663689136505,0.022510530427098274
42,20.0,1,1.0808969736099243,0.07432141155004501,0.7331741452217102,0.03899670019745827,0.17998835444450378,0.010682583786547184
42,20.0,2,0.9854989647865295,0.04417473077774048,0.6573277115821838,0.02922106720507145,0.30050304532051086,0.019071677699685097
42,20.0,3,1.044724464416504,0.07647181302309036,0.7110509872436523,0.04608621075749397,0.3999195992946625,0.004155592527240515
42,20.0,4,1.1815886497497559,0.06673426926136017,0.7307491302490234,0.04140838235616684,0.22106924653053284,0.004928868729621172
42,20.0,5,1.51339590549469,0.058303263038396835,0.9236912131309509,0.03955112770199776,-0.06622255593538284,0.02722044475376606
42,20.0,6,0.7786281704902649,0.05660831183195114,0.6089470982551575,0.03639419749379158,0.4488662779331207,0.015074605122208595
42,20.0,7,1.1417444944381714,0.05357615649700165,0.6704018115997314,0.036634381860494614,0.11281978338956833,0.022306449711322784
42,20.0,8,0.8199318647384644,0.08581416308879852,0.6240338087081909,0.05122213438153267,0.31590235233306885,-0.008365269750356674
42,20.0,9,1.6392570734024048,0.08115936070680618,0.8975110054016113,0.04598755016922951,-0.11002601683139801,0.014095754362642765
42,20.0,10,0.7268306612968445,0.059544894844293594,0.5459679961204529,0.03484562411904335,0.3925650417804718,0.01659160852432251
42,20.0,11,1.0368309020996094,0.07158965617418289,0.7047250866889954,0.046317439526319504,0.04134884849190712,0.02233392931520939
42,20.0,12,1.0764007568359375,0.07238361984491348,0.717464804649353,0.040783628821372986,0.2617674171924591,0.0025971594732254744
42,20.0,13,1.2876927852630615,0.08944834023714066,0.8343831896781921,0.049331605434417725,0.013940910808742046,-0.0002847463183570653
42,20.0,14,1.0643773078918457,0.081058569252491,0.7041967511177063,0.0503244511783123,0.14921940863132477,-0.017251605167984962
42,20.0,15,1.4095460176467896,0.05907778814435005,0.9469978213310242,0.03903642296791077,-0.3546929657459259,0.023683661594986916
42,20.0,16,1.0010038614273071,0.06379833072423935,0.7244048714637756,0.03833240643143654,0.4002213478088379,0.007567350286990404
42,20.0,17,0.9634068608283997,0.07345007359981537,0.6934697031974792,0.039684683084487915,0.33117610216140747,0.006788068916648626
42,20.0,18,0.799443781375885,0.07249201089143753,0.656893789768219,0.04066755995154381,0.542669415473938,0.00395445479080081
42,20.0,19,1.46907377243042,0.05384678393602371,0.9002799391746521,0.039826616644859314,-0.3645058572292328,0.031509727239608765
42,20.0,20,0.8137004375457764,0.04768051952123642,0.6060106158256531,0.03333346173167229,0.4559212625026703,0.025286516174674034
42,20.0,21,1.033858060836792,0.07259569317102432,0.6927937269210815,0.03946947678923607,-0.0033967888448387384,0.011958036571741104
42,20.0,22,1.4130769968032837,0.049304209649562836,0.8278646469116211,0.037725403904914856,-0.08326272666454315,0.02798040583729744
42,20.0,23,0.9493431448936462,0.08579994738101959,0.7005226016044617,0.04763207584619522,0.3329896926879883,-0.011914738453924656
42,20.0,24,1.0261914730072021,0.07385780662298203,0.716571569442749,0.04226192459464073,0.38784563541412354,-0.0004162149562034756
42,20.0,25,0.8304303884506226,0.06557156145572662,0.6342700719833374,0.04374813288450241,0.4199930429458618,-0.004410621244460344
42,20.0,26,1.0849270820617676,0.07985540479421616,0.6795839667320251,0.04691813141107559,0.27298209071159363,-0.013651588000357151
42,20.0,27,0.8922802209854126,0.053994953632354736,0.6590051651000977,0.04097747057676315,0.27867376804351807,0.028730984777212143
42,20.0,28,1.2722573280334473,0.047263480722904205,0.7838997840881348,0.036069560796022415,0.23637321591377258,0.032284244894981384
42,20.0,29,0.7373099327087402,0.04285116121172905,0.6152938008308411,0.030124325305223465,0.4991414248943329,0.016307136043906212
42,20.0,30,0.9629347324371338,0.09087394177913666,0.600327730178833,0.05688278377056122,0.25200343132019043,-0.014187004417181015
42,20.0,31,1.00117027759552,0.07578021287918091,0.6119964718818665,0.04522736370563507,0.2682721018791199,0.003855931805446744
42,20.0,32,1.1033780574798584,0.08874194324016571,0.757052481174469,0.05100271478295326,0.3477957546710968,-0.009042548947036266
42,20.0,33,1.1987861394882202,0.04952277988195419,0.7776037454605103,0.035201117396354675,0.0929335355758667,0.02721218578517437
42,20.0,34,1.098456621170044,0.05893295630812645,0.749259352684021,0.036696989089250565,0.42703524231910706,0.008152212016284466
42,20.0,35,1.2467012405395508,0.06523946672677994,0.7903022170066833,0.04074378311634064,-0.03622860461473465,0.00759383849799633
42,20.0,36,1.077934741973877,0.06253564357757568,0.6547062397003174,0.04153364524245262,0.29912325739860535,0.006352619268000126
42,20.0,37,1.094037413597107,0.046309903264045715,0.6663538813591003,0.03243403136730194,0.15872822701931,0.02224818430840969
42,20.0,38,0.9640886783599854,0.07739654183387756,0.5700525045394897,0.04545866325497627,0.16067251563072205,0.004625860136002302
42,20.0,39,1.03120756149292,0.07626710087060928,0.7175776362419128,0.04455063119530678,0.32733798027038574,0.005677693989127874
42,15.0,0,1.529089093208313,0.05343136936426163,0.9909245371818542,0.03830501809716225,-0.1342095583677292,0.02160194329917431
42,15.0,1,1.1869921684265137,0.07460235059261322,0.8058090806007385,0.038787443190813065,0.21252141892910004,0.009716503322124481
42,15.0,2,1.097840666770935,0.04689955711364746,0.7267965078353882,0.029704421758651733,0.3166581094264984,0.017510568723082542
42,15.0,3,1.1499848365783691,0.0751066654920578,0.7802698016166687,0.0447651632130146,0.43477776646614075,0.0018533404218032956
42,15.0,4,1.2803905010223389,0.06731753796339035,0.798717200756073,0.04123444855213165,0.23349758982658386,0.002299799118191004
42,15.0,5,1.58133864402771,0.05813709273934364,0.9818049073219299,0.03879989683628082,-0.060940783470869064,0.025018736720085144
42,15.0,6,0.8826388716697693,0.06024220958352089,0.6734494566917419,0.037878941744565964,0.48710566759109497,0.012182825244963169
42,15.0,7,1.2076964378356934,0.05347026139497757,0.7181749939918518,0.03611637279391289,0.10841188579797745,0.020905887708067894
42,15.0,8,0.8943425416946411,0.08693590760231018,0.6767207384109497,0.05195346847176552,0.3471393585205078,-0.010230968706309795
42,15.0,9,1.7189717292785645,0.08370937407016754,0.9492942690849304,0.04628201201558113,-0.12247402220964432,0.011405994184315205
42,15.0,10,0.8469176888465881,0.06463436782360077,0.6245924830436707,0.03555985167622566,0.42514768242836,0.013993559405207634
42,15.0,11,1.0901057720184326,0.0758957490324974,0.7475332617759705,0.04739094153046608,0.07812035828828812,0.019056865945458412
42,15.0,12,1.1692695617675781,0.07613866776227951,0.7825008034706116,0.04197200760245323,0.2926986813545227,-0.0005041885306127369
42,15.0,13,1.371876835823059,0.08989047259092331,0.9034489989280701,0.048145756125450134,0.03335064649581909,-0.003485378110781312
42,15.0,14,1.1786515712738037,0.08502545207738876,0.7803583145141602,0.05264168977737427,0.17656564712524414,-0.01891613006591797
42,15.0,15,1.4806286096572876,0.05820954591035843,1.0031578540802002,0.038129329681396484,-0.3455164432525635,0.021791847422719002
42,15.0,16,1.1265957355499268,0.06741379201412201,0.8026675581932068,0.039829522371292114,0.4343542158603668,0.003836634336039424
42,15.0,17,1.07741379737854,0.07502031326293945,0.7653337717056274,0.039663393050432205,0.35181325674057007,0.005617639981210232
42,15.0,18,0.8964163064956665,0.07219741493463516,0.7240147590637207,0.040438104420900345,0.5740072131156921,0.0033532329834997654
42,15.0,19,1.5433588027954102,0.0536370649933815,0.9632661938667297,0.03939412161707878,-0.3564814627170563,0.029330119490623474
42,15.0,20,0.9193416833877563,0.05062631517648697,0.6739094257354736,0.033856846392154694,0.4853978455066681,0.022813644260168076
42,15.0,21,1.141203761100769,0.0727703869342804,0.7805169224739075,0.03905715048313141,0.028291525319218636,0.010116564109921455
42,15.0,22,1.4742166996002197,0.04851978272199631,0.8798516988754272,0.0370207279920578,-0.059947989881038666,0.025990022346377373
42,15.0,23,1.0356860160827637,0.08575920015573502,0.7644078731536865,0.047682520002126694,0.35703039169311523,-0.013016718439757824
42,15.0,24,1.1345810890197754,0.07540076971054077,0.7892712950706482,0.043373916298151016,0.40211769938468933,-0.0009472901583649218
42,15.0,25,0.9321502447128296,0.06878215074539185,0.7018671035766602,0.0460834875702858,0.45237410068511963,-0.00666045630350709
42,15.0,26,1.2075680494308472,0.08276216685771942,0.7562991976737976,0.04885375127196312,0.28868526220321655,-0.01607609912753105
42,15.0,27,0.9627864360809326,0.05374797433614731,0.714702844619751,0.04066167026758194,0.3224177956581116,0.025825317949056625
42,15.0,28,1.3609039783477783,0.04693957045674324,0.851870596408844,0.03519930690526962,0.26846253871917725,0.030137769877910614
42,15.0,29,0.8431412577629089,0.04350985959172249,0.6837411522865295,0.030662132427096367,0.5395134091377258,0.015035843476653099
42,15.0,30,1.040702223777771,0.09826315194368362,0.6640598773956299,0.05968030169606209,0.27634507417678833,-0.017941471189260483
42,15.0,31,1.0370917320251465,0.07606301456689835,0.6428428292274475,0.04530210420489311,0.277031272649765,0.002717134077101946
42,15.0,32,1.1819522380828857,0.09193354099988937,0.8215886354446411,0.05243781954050064,0.37793999910354614,-0.011724709533154964
42,15.0,33,1.3169927597045898,0.04887745529413223,0.8574061393737793,0.0349435955286026,0.1092742457985878,0.02617158181965351
42,15.0,34,1.1800682544708252,0.0601477175951004,0.8217217922210693,0.03708295151591301,0.45798176527023315,0.006257745437324047
42,15.0,35,1.3654289245605469,0.06743378192186356,0.8714969754219055,0.040934957563877106,-0.02295445278286934,0.004004191141575575
42,15.0,36,1.1717088222503662,0.0703921914100647,0.728461503982544,0.044223617762327194,0.33553776144981384,0.0029800445772707462
42,15.0,37,1.1780284643173218,0.04737786948680878,0.7267893552780151,0.0330050103366375,0.16833923757076263,0.021831685677170753
42,15.0,38,1.0380244255065918,0.0831640213727951,0.622704029083252,0.0474802665412426,0.17876523733139038,0.0007037769537419081
42,15.0,39,1.12642502784729,0.07641157507896423,0.7835839986801147,0.04454941675066948,0.34991592168807983,0.003769625909626484
42,10.0,0,1.692326545715332,0.05318081006407738,1.0712754726409912,0.037525724619627,-0.20041808485984802,0.019229836761951447
42,10.0,1,1.3251463174819946,0.07423976808786392,0.8613924384117126,0.03845161572098732,0.14543823897838593,0.00835020188242197
42,10.0,2,1.2447541952133179,0.051567673683166504,0.7760116457939148,0.03046763874590397,0.24787193536758423,0.01465341541916132
42,10.0,3,1.2614115476608276,0.07479889690876007,0.814649760723114,0.04369662329554558,0.38320398330688477,-0.002199282869696617
42,10.0,4,1.3968571424484253,0.06966555863618851,0.8325896263122559,0.04197005555033684,0.16557584702968597,-0.002733801491558552
42,10.0,5,1.6878212690353394,0.058861736208200455,1.026136040687561,0.03827310726046562,-0.1507270485162735,0.02164447493851185
42,10.0,6,0.9753860235214233,0.07261891663074493,0.7025519013404846,0.04173136502504349,0.46351873874664307,0.0058039468713104725
42,10.0,7,1.3112854957580566,0.05608252063393593,0.7575446367263794,0.0355643704533577,0.024341676384210587,0.017078330740332603
42,10.0,8,0.9627324938774109,0.08881281316280365,0.6936314702033997,0.052916623651981354,0.29061901569366455,-0.01393957156687975
42,10.0,9,1.88124418258667,0.0872868075966835,1.0202330350875854,0.046663179993629456,-0.22986073791980743,0.007150040473788977
42,10.0,10,0.9606627225875854,0.07291984558105469,0.6703144311904907,0.03675602748990059,0.3884468972682953,0.008673223666846752
42,10.0,11,1.1949572563171387,0.08540558069944382,0.791507363319397,0.04964999109506607,0.031295400112867355,0.013907800428569317
42,10.0,12,1.273735761642456,0.08329714834690094,0.8193055987358093,0.04449976235628128,0.2545892596244812,-0.006673655938357115
42,10.0,13,1.4862911701202393,0.09273391216993332,0.9571545720100403,0.047718752175569534,-0.02590767666697502,-0.009399741888046265
42,10.0,14,1.3291672468185425,0.09308923035860062,0.8437041640281677,0.057410307228565216,0.13128679990768433,-0.02414289116859436
42,10.0,15,1.6080775260925293,0.061205413192510605,1.0742182731628418,0.03819561004638672,-0.4039266109466553,0.018084866926074028
42,10.0,16,1.2408215999603271,0.07516055554151535,0.8359646797180176,0.042501457035541534,0.387979656457901,-0.0028789076022803783
42,10.0,17,1.1953585147857666,0.07673120498657227,0.8021278381347656,0.03994111716747284,0.2776584327220917,0.0031407750211656094
42,10.0,18,0.9560095071792603,0.07694676518440247,0.7375335097312927,0.041522372514009476,0.5188237428665161,0.0009129527024924755
42,10.0,19,1.6719049215316772,0.05383189395070076,1.0355597734451294,0.03874997794628143,-0.4209783971309662,0.025355834513902664
42,10.0,20,1.0089948177337646,0.05707595869898796,0.695931077003479,0.034560609608888626,0.43481066823005676,0.018205944448709488
42,10.0,21,1.2891196012496948,0.0743589699268341,0.8700998425483704,0.039294566959142685,-0.04454498738050461,0.006979739759117365
42,10.0,22,1.5549187660217285,0.048836398869752884,0.9115039110183716,0.03654953092336655,-0.111387699842453,0.022855455055832863
42,10.0,23,1.1204277276992798,0.08838194608688354,0.801518976688385,0.049288731068372726,0.30922916531562805,-0.016881411895155907
42,10.0,24,1.2636547088623047,0.08028101921081543,0.8347280025482178,0.04560147598385811,0.3279174864292145,-0.0034961053170263767
42,10.0,25,1.0235121250152588,0.07599689811468124,0.7320305705070496,0.05025187134742737,0.411307156085968,-0.010825732722878456
42,10.0,26,1.3671754598617554,0.08935001492500305,0.816573977470398,0.05273403972387314,0.227407306432724,-0.02179006300866604
42,10.0,27,1.0275156497955322,0.05475326254963875,0.7415778040885925,0.04012284800410271,0.2954092025756836,0.019999882206320763
42,10.0,28,1.4696412086486816,0.04944195970892906,0.8897061944007874,0.03504141420125961,0.21173188090324402,0.027372488752007484
42,10.0,29,0.9064070582389832,0.045878805220127106,0.6968024969100952,0.03206472098827362,0.4993196725845337,0.012384855188429356
42,10.0,30,1.1329865455627441,0.10689917206764221,0.7020772695541382,0.06374990940093994,0.22944436967372894,-0.02356291189789772
42,10.0,31,1.0903432369232178,0.07708771526813507,0.6449302434921265,0.045528918504714966,0.20431862771511078,0.0005691354745067656
42,10.0,32,1.2894682884216309,0.09604541957378387,0.8624213933944702,0.054103560745716095,0.32757481932640076,-0.01603475771844387
42,10.0,33,1.4914199113845825,0.04866527393460274,0.9344086050987244,0.034518059343099594,0.04139542952179909,0.02322709560394287
42,10.0,34,1.254926323890686,0.06520433723926544,0.857695996761322,0.03914846107363701,0.4040476679801941,0.002405002946034074
42,10.0,35,1.531556487083435,0.0729970633983612,0.951503336429596,0.04216301813721657,-0.09394122660160065,-0.0022864569909870625
42,10.0,36,1.3074016571044922,0.08546552807092667,0.784899115562439,0.048767220228910446,0.29801690578460693,-0.003989495802670717
42,10.0,37,1.2832136154174805,0.051512621343135834,0.769102156162262,0.03409961238503456,0.10204571485519409,0.019976679235696793
42,10.0,38,1.1388123035430908,0.09051773697137833,0.6577737331390381,0.05003592371940613,0.13065287470817566,-0.006105422507971525
42,10.0,39,1.2530124187469482,0.0771893560886383,0.8318840265274048,0.0446280762553215,0.2956429421901703,0.00036503220326267183
42,5.0,0,1.9326974153518677,0.05458986014127731,1.1169548034667969,0.03800124302506447,-0.7132388353347778,0.015813520178198814
42,5.0,1,1.5327024459838867,0.08703459054231644,0.8640421628952026,0.04831772297620773,-0.39166155457496643,0.01618579775094986
42,5.0,2,1.5374879837036133,0.0649864673614502,0.7607387900352478,0.039316605776548386,-0.3041676878929138,0.019913261756300926
42,5.0,3,1.2957923412322998,0.08521470427513123,0.6856744289398193,0.053213898092508316,-0.0958763137459755,-0.0009520482271909714
42,5.0,4,1.493693232536316,0.08939678221940994,0.7377253174781799,0.05781230330467224,-0.3357372581958771,0.001331387204118073
42,5.0,5,1.922379493713379,0.06939331442117691,1.0469725131988525,0.045075491070747375,-0.6644713878631592,0.02300930768251419
42,5.0,6,0.8517329096794128,0.0877503752708435,0.5363982319831848,0.049959681928157806,0.0012848201440647244,0.006713590584695339
42,5.0,7,1.5436891317367554,0.0683487132191658,0.8150772452354431,0.040616653859615326,-0.4204443395137787,0.014212680980563164
42,5.0,8,1.0126690864562988,0.09374148398637772,0.6202234029769897,0.05870449170470238,-0.14581820368766785,-0.012893383391201496
42,5.0,9,2.2093472480773926,0.0912284329533577,1.1371644735336304,0.04832405596971512,-0.7057092189788818,0.002250405726954341
42,5.0,10,0.9018768668174744,0.0903262346982956,0.5456962585449219,0.04973616451025009,-0.09557275474071503,0.012414384633302689
42,5.0,11,1.442420482635498,0.0920347273349762,0.8331217765808105,0.053763411939144135,-0.4269193112850189,0.015311241149902344
42,5.0,12,1.3226873874664307,0.102582648396492,0.7163209915161133,0.0625518411397934,-0.2422410398721695,0.0028430887032300234
42,5.0,13,1.668104887008667,0.10109306126832962,0.9563365578651428,0.05338224396109581,-0.5308756828308105,-0.01563168130815029
42,5.0,14,1.496016025543213,0.12989464402198792,0.7833763360977173,0.07865891605615616,-0.2964000701904297,-0.036761656403541565
42,5.0,15,1.8961001634597778,0.07630801200866699,1.181970477104187,0.0453484021127224,-0.8389045000076294,0.018071314319968224
42,5.0,16,1.2274012565612793,0.11012767255306244,0.6779983043670654,0.06525605916976929,-0.1213531568646431,0.0024575998540967703
42,5.0,17,1.28728449344635,0.08977939188480377,0.7213789820671082,0.05308640003204346,-0.2930219769477844,0.011083638295531273
42,5.0,18,0.8428044319152832,0.0910908430814743,0.5620448589324951,0.05626870319247246,-0.008050434291362762,0.011934705078601837
42,5.0,19,1.9840562343597412,0.06217554211616516,1.168760895729065,0.0421835221350193,-0.8635759949684143,0.02070612646639347
42,5.0,20,0.952241837978363,0.08290869742631912,0.5431894063949585,0.046316370368003845,-0.05148594453930855,0.02112765610218048
42,5.0,21,1.5967355966567993,0.09475377947092056,0.9855486750602722,0.058051418513059616,-0.6814525127410889,0.018927907571196556
42,5.0,22,1.7269642353057861,0.060639578849077225,0.9239785671234131,0.04430308938026428,-0.5672607421875,0.026512442156672478
42,5.0,23,1.1706554889678955,0.10045099258422852,0.7246948480606079,0.05866604670882225,-0.18195544183254242,-0.01498215738683939
42,5.0,24,1.3654652833938599,0.0995209589600563,0.7540811896324158,0.05891284719109535,-0.21458232402801514,0.002559435786679387
42,5.0,25,0.9771143794059753,0.09308931231498718,0.5947571992874146,0.05909651890397072,-0.051145777106285095,-0.00312150944955647
42,5.0,26,1.5062625408172607,0.11723406612873077,0.7502887845039368,0.06869401782751083,-0.23792624473571777,-0.031556494534015656
42,5.0,27,1.0274200439453125,0.07901749014854431,0.6561599969863892,0.046290718019008636,-0.12180227786302567,0.010831290856003761
42,5.0,28,1.5539664030075073,0.07512253522872925,0.7957563400268555,0.04849591478705406,-0.2680581212043762,0.03604266047477722
42,5.0,29,0.7145481705665588,0.06317054480314255,0.5283491015434265,0.04374220222234726,0.05018644407391548,0.01754665933549404
42,5.0,30,1.2367351055145264,0.11931328475475311,0.6528365015983582,0.07244794815778732,-0.17467345297336578,-0.025742894038558006
42,5.0,31,1.224005103111267,0.08715160936117172,0.6025912761688232,0.05635307729244232,-0.2222907990217209,0.010505810379981995
42,5.0,32,1.4195579290390015,0.11698392778635025,0.7709243297576904,0.06713437288999557,-0.182152658700943,-0.02010202407836914
42,5.0,33,1.7477036714553833,0.06029309332370758,0.9589181542396545,0.04150388017296791,-0.4895458519458771,0.02231503836810589
42,5.0,34,1.2858940362930298,0.09376944601535797,0.7420169711112976,0.053197264671325684,-0.09912805259227753,0.0025517132598906755
42,5.0,35,1.7845771312713623,0.1033664420247078,1.0036373138427734,0.05876848101615906,-0.5580176115036011,-0.0038517245557159185
42,5.0,36,1.432871699333191,0.11387220770120621,0.7089663147926331,0.05998183414340019,-0.16450180113315582,-0.012414636090397835
42,5.0,37,1.4954280853271484,0.06742560118436813,0.7801773548126221,0.040252454578876495,-0.36705514788627625,0.02257254160940647
42,5.0,38,1.27156400680542,0.10398174077272415,0.6261834502220154,0.05845935642719269,-0.2438746690750122,-0.012646661140024662
42,5.0,39,1.3305672407150269,0.08816641569137573,0.7354116439819336,0.05371765047311783,-0.1956517994403839,0.0057732416316866875
123,inf,0,7.172465801239014,0.07123186439275742,3.927577495574951,0.04515324532985687,-3.7389674186706543,-0.011653020977973938
123,inf,1,5.366405963897705,0.09700781852006912,2.9802212715148926,0.05092840641736984,-2.852766752243042,-0.027358632534742355
123,inf,2,4.3902716636657715,0.07117979973554611,2.406571626663208,0.03904252126812935,-2.3069827556610107,-0.019281482324004173
123,inf,3,4.02217435836792,0.12154853343963623,2.1967837810516357,0.06860210746526718,-1.9513015747070312,-0.05366089940071106
123,inf,4,4.420607566833496,0.1199900433421135,2.3661153316497803,0.06994488835334778,-2.301555871963501,-0.05829048156738281
123,inf,5,8.19997501373291,0.10302282124757767,4.410027027130127,0.0536191500723362,-4.259464263916016,-0.021793607622385025
123,inf,6,3.0344648361206055,0.13470105826854706,1.7735527753829956,0.06892053037881851,-1.622532606124878,-0.05624852329492569
123,inf,7,5.5999531745910645,0.08195315301418304,2.9051427841186523,0.042959559708833694,-2.7694406509399414,-0.02121708169579506
123,inf,8,3.8019018173217773,0.12487522512674332,2.175189971923828,0.07710866630077362,-1.9192047119140625,-0.06485936790704727
123,inf,9,7.796218395233154,0.09481027722358704,3.980458974838257,0.04751778393983841,-3.82388973236084,-0.020623886957764626
123,inf,10,2.8184053897857666,0.11229429394006729,1.7502925395965576,0.05260113626718521,-1.6382611989974976,-0.03988166153430939
123,inf,11,5.127926826477051,0.10859038680791855,2.819755792617798,0.05360974371433258,-2.6691555976867676,-0.031361620873212814
123,inf,12,4.263935089111328,0.13319364190101624,2.1816272735595703,0.06884043663740158,-1.9653171300888062,-0.05525089055299759
123,inf,13,7.17803955078125,0.12962207198143005,3.9762494564056396,0.07300063222646713,-3.7980093955993652,-0.05093255266547203
123,inf,14,4.856170654296875,0.1895289123058319,2.530879497528076,0.114827960729599,-2.1327130794525146,-0.10539354383945465
123,inf,15,8.281038284301758,0.0915164053440094,4.927631378173828,0.04718518257141113,-4.798280239105225,-0.011675882153213024
123,inf,16,3.5556747913360596,0.14236502349376678,2.025609254837036,0.07326409220695496,-1.770163655281067,-0.05834782496094704
123,inf,17,3.458587646484375,0.0983864963054657,2.0274112224578857,0.05109172686934471,-1.8986341953277588,-0.03390735387802124
123,inf,18,3.342926263809204,0.09979624301195145,1.867384910583496,0.05352184921503067,-1.6949172019958496,-0.03986182436347008
123,inf,19,8.184758186340332,0.10982434451580048,4.615581035614014,0.056485865265131,-4.4956374168396,-0.027444375678896904
123,inf,20,2.695568799972534,0.10713901370763779,1.7206573486328125,0.04918379336595535,-1.612617015838623,-0.036586686968803406
123,inf,21,6.44103479385376,0.11982401460409164,3.746757984161377,0.060026753693819046,-3.584287166595459,-0.030709795653820038
123,inf,22,6.054008960723877,0.08676478266716003,3.2213714122772217,0.04846195504069328,-3.0648958683013916,-0.02103012427687645
123,inf,23,5.625528335571289,0.10814473032951355,3.061675548553467,0.06406770646572113,-2.840050458908081,-0.04375056177377701
123,inf,24,4.540899276733398,0.10075030475854874,2.246708631515503,0.056461259722709656,-2.0665669441223145,-0.04067636653780937
123,inf,25,3.114197254180908,0.15421681106090546,1.8222321271896362,0.0890432670712471,-1.5725007057189941,-0.07632766664028168
123,inf,26,4.526772499084473,0.16730491816997528,2.4121484756469727,0.0940295159816742,-2.188603639602661,-0.08265937119722366
123,inf,27,4.015983581542969,0.13293534517288208,2.2640597820281982,0.0687512531876564,-2.040123224258423,-0.04986153542995453
123,inf,28,5.40809965133667,0.07920265942811966,2.695317506790161,0.03972433879971504,-2.55949330329895,-0.016283255070447922
123,inf,29,2.603792905807495,0.10747922211885452,1.6768889427185059,0.057334043085575104,-1.572784423828125,-0.046620044857263565
123,inf,30,3.951563596725464,0.16640466451644897,2.1883232593536377,0.09638902544975281,-1.895696759223938,-0.08775775879621506
123,inf,31,4.2606306076049805,0.08826266974210739,2.212005615234375,0.05189547687768936,-2.057786464691162,-0.039144471287727356
123,inf,32,4.95735502243042,0.14102430641651154,2.5569589138031006,0.07838978618383408,-2.293454647064209,-0.06348440796136856
123,inf,33,5.394676685333252,0.09120357036590576,2.899765729904175,0.04817075654864311,-2.7465736865997314,-0.02166065014898777
123,inf,34,5.65762186050415,0.09779350459575653,2.9332871437072754,0.05410350486636162,-2.7647128105163574,-0.034668829292058945
123,inf,35,6.660795211791992,0.1399955153465271,3.7203750610351562,0.0773133784532547,-3.60770845413208,-0.05937616527080536
123,inf,36,4.245181560516357,0.12290006130933762,2.171433925628662,0.06526702642440796,-1.9624487161636353,-0.05079254135489464
123,inf,37,5.66893196105957,0.06865793466567993,2.9807803630828857,0.039329029619693756,-2.8820297718048096,-0.017379531636834145
123,inf,38,3.9791276454925537,0.1617531180381775,2.14932918548584,0.08549265563488007,-1.988369345664978,-0.07478120177984238
123,inf,39,4.558610916137695,0.11041514575481415,2.330169439315796,0.05850069224834442,-2.1359200477600098,-0.043429356068372726
123,50.0,0,0.9369260668754578,0.052807826548814774,0.5557978749275208,0.02973460964858532,-0.3190094530582428,0.0078060985542833805
123,50.0,1,0.8878639936447144,0.06464975327253342,0.4867573380470276,0.028719138354063034,-0.1763581782579422,0.005876027047634125
123,50.0,2,0.8446133136749268,0.0492568165063858,0.4110650420188904,0.018688907846808434,-0.07442954182624817,0.0035904275719076395
123,50.0,3,0.7706445455551147,0.0809374675154686,0.41062700748443604,0.03635259345173836,-0.0036661827471107244,-0.01110828761011362
123,50.0,4,1.0301998853683472,0.03867575526237488,0.46827808022499084,0.02118808962404728,-0.06958699226379395,0.00898803025484085
123,50.0,5,0.8719040751457214,0.055446263402700424,0.49253472685813904,0.030003920197486877,-0.0800708457827568,0.018237315118312836
123,50.0,6,0.505214512348175,0.05167423188686371,0.30256161093711853,0.021606281399726868,0.05365697667002678,0.00987565703690052
123,50.0,7,0.9540015459060669,0.053771987557411194,0.47478601336479187,0.027061088010668755,-0.1642320603132248,0.01608468033373356
123,50.0,8,0.6014535427093506,0.08495521545410156,0.3810954988002777,0.04183628782629967,-0.02278580516576767,-0.016855569556355476
123,50.0,9,1.2353558540344238,0.05145910754799843,0.6193807125091553,0.02581094764173031,-0.2717539370059967,0.012471015565097332
123,50.0,10,0.7197338938713074,0.06487617641687393,0.4013512432575226,0.03248060122132301,-0.11013337969779968,0.02546350285410881
123,50.0,11,0.7134454846382141,0.059614453464746475,0.4314974546432495,0.02725277841091156,-0.13936969637870789,0.005911409389227629
123,50.0,12,0.7517395615577698,0.0763130933046341,0.3961682617664337,0.032852690666913986,-0.05475400760769844,-0.013986385427415371
123,50.0,13,0.9308428168296814,0.08904960006475449,0.5388801693916321,0.04680126532912254,-0.11667168885469437,0.001723770285025239
123,50.0,14,0.8043063879013062,0.054527897387742996,0.4634767770767212,0.03274805471301079,-0.15579235553741455,-0.0034551594872027636
123,50.0,15,0.8180629014968872,0.050347939133644104,0.5268270373344421,0.02943393774330616,-0.23168133199214935,0.01794210448861122
123,50.0,16,0.8011228442192078,0.04836714640259743,0.43226176500320435,0.024152766913175583,-0.09689810127019882,0.010256873443722725
123,50.0,17,0.817792534828186,0.05564913898706436,0.42589467763900757,0.02270682528614998,-0.09915585070848465,-0.005342415999621153
123,50.0,18,0.5068028569221497,0.08368472009897232,0.2938488721847534,0.030713766813278198,0.12350758165121078,-0.016390610486268997
123,50.0,19,0.9035543203353882,0.05630919709801674,0.5933340787887573,0.03859184309840202,-0.30738547444343567,0.03692786395549774
123,50.0,20,0.6398228406906128,0.054959848523139954,0.3354247212409973,0.025952450931072235,0.014743669889867306,0.024478429928421974
123,50.0,21,0.8663278818130493,0.058041755110025406,0.5282630324363708,0.03614180535078049,-0.28431203961372375,0.029152020812034607
123,50.0,22,0.9920971989631653,0.04279804602265358,0.5870669484138489,0.025098111480474472,-0.1923408955335617,0.0133675467222929
123,50.0,23,0.7102638483047485,0.08309105783700943,0.4248444736003876,0.041514474898576736,0.030994152650237083,-0.0028769036289304495
123,50.0,24,0.8524026274681091,0.062032949179410934,0.41471168398857117,0.027901215478777885,-0.042058732360601425,-0.008116845972836018
123,50.0,25,0.569065272808075,0.052723228931427,0.3528047502040863,0.027975453063845634,-0.013761683367192745,-0.012177728116512299
123,50.0,26,0.9106386303901672,0.07414313405752182,0.4900174140930176,0.04329404607415199,-0.15092536807060242,0.012275168672204018
123,50.0,27,0.6437439918518066,0.0472925640642643,0.3965843915939331,0.028635336086153984,-0.0674452856183052,0.019204529002308846
123,50.0,28,0.7867873311042786,0.034373797476291656,0.382543683052063,0.01720169372856617,-0.05220590904355049,0.014064966700971127
123,50.0,29,0.4116594195365906,0.03845515102148056,0.26415103673934937,0.015756994485855103,0.10484464466571808,0.0008324275841005147
123,50.0,30,0.800958514213562,0.05243772268295288,0.43261638283729553,0.03213782235980034,-0.13725019991397858,-0.0015572881093248725
123,50.0,31,0.7400636672973633,0.07399468868970871,0.36496853828430176,0.031109530478715897,0.03146315738558769,-0.01692720130085945
123,50.0,32,0.7874489426612854,0.09152597188949585,0.42082685232162476,0.047374289482831955,0.019428715109825134,-0.010554088279604912
123,50.0,33,0.9422658085823059,0.04331519827246666,0.46581923961639404,0.023521045222878456,-0.1888541430234909,0.017441516742110252
123,50.0,34,0.6441946029663086,0.05831597372889519,0.3662374019622803,0.027895499020814896,0.11993340402841568,-0.001134464517235756
123,50.0,35,0.898313581943512,0.06944166868925095,0.5409088134765625,0.04374992474913597,-0.1986621916294098,0.02734559215605259
123,50.0,36,0.9344385266304016,0.03871899098157883,0.4356442093849182,0.023196058347821236,-0.08527945727109909,0.004388339817523956
123,50.0,37,0.7484675645828247,0.04478878155350685,0.38534852862358093,0.01970970444381237,-0.02992258220911026,0.006075793411582708
123,50.0,38,0.8852686285972595,0.08239686489105225,0.5207330584526062,0.050673216581344604,-0.26268666982650757,0.04178118333220482
123,50.0,39,0.8288261890411377,0.08349528163671494,0.4325695037841797,0.041289735585451126,-0.06557585299015045,-0.00223497929982841
123,20.0,0,1.1935745477676392,0.0512663796544075,0.672784149646759,0.028261275961995125,-0.44330960512161255,0.006306648254394531
123,20.0,1,1.1208651065826416,0.0630456730723381,0.5744629502296448,0.026935884729027748,-0.2847341001033783,0.00406993180513382
123,20.0,2,1.062279224395752,0.049713317304849625,0.4699459969997406,0.01780744642019272,-0.1909211128950119,0.0025594497565180063
123,20.0,3,0.9702026844024658,0.08032882958650589,0.4579775333404541,0.03514600917696953,-0.07302270829677582,-0.012388044036924839
123,20.0,4,1.224656343460083,0.037890296429395676,0.5173484683036804,0.019906282424926758,-0.167639821767807,0.00833362527191639
123,20.0,5,1.0448609590530396,0.05457490310072899,0.5577259063720703,0.029129600152373314,-0.1986100971698761,0.017626162618398666
123,20.0,6,0.611467719078064,0.05068782716989517,0.3205994963645935,0.019699202850461006,0.01847582682967186,0.0070738340727984905
123,20.0,7,1.1924896240234375,0.04914445802569389,0.5536951422691345,0.02367866225540638,-0.27438807487487793,0.012869092635810375
123,20.0,8,0.7833983302116394,0.08549873530864716,0.43964359164237976,0.04200313612818718,-0.10918466001749039,-0.01722830906510353
123,20.0,9,1.5109516382217407,0.05393224582076073,0.7316427826881409,0.024761194363236427,-0.40915027260780334,0.008951447904109955
123,20.0,10,0.798666775226593,0.05232052877545357,0.39399123191833496,0.024293631315231323,-0.12753184139728546,0.016861246898770332
123,20.0,11,0.9089365005493164,0.05780686438083649,0.49732300639152527,0.024977128952741623,-0.2240692675113678,0.0010511972941458225
123,20.0,12,0.89900803565979,0.08876552432775497,0.4228084087371826,0.0360492579638958,-0.13278281688690186,-0.019537148997187614
123,20.0,13,1.0631338357925415,0.08776607364416122,0.5851956605911255,0.04450129345059395,-0.19970718026161194,-0.0005523307481780648
123,20.0,14,1.005010962486267,0.0675894170999527,0.5236076712608337,0.03422095626592636,-0.2143632024526596,-0.003097955835983157
123,20.0,15,1.0720738172531128,0.05141391232609749,0.6433354020118713,0.0280217956751585,-0.3771219551563263,0.0140071464702487
123,20.0,16,0.972876250743866,0.05869551748037338,0.46850383281707764,0.02601788565516472,-0.1519842892885208,0.0064704529941082
123,20.0,17,1.0321464538574219,0.06006750091910362,0.4780327081680298,0.023849692195653915,-0.1934341937303543,-0.008648548275232315
123,20.0,18,0.5629016160964966,0.08399094641208649,0.28963154554367065,0.029810430482029915,0.054208070039749146,-0.01734689064323902
123,20.0,19,1.0902093648910522,0.05408531799912453,0.6776803731918335,0.0364869087934494,-0.4045921266078949,0.03514362499117851
123,20.0,20,0.752595067024231,0.04593491554260254,0.34557995200157166,0.02089867554605007,-0.01084393635392189,0.019839351996779442
123,20.0,21,1.0080493688583374,0.057273928076028824,0.599972128868103,0.033985067158937454,-0.36798185110092163,0.026402194052934647
123,20.0,22,1.162089467048645,0.04376516491174698,0.6456868052482605,0.024777807295322418,-0.3015387952327728,0.012495462782680988
123,20.0,23,0.7997239232063293,0.08186095207929611,0.45002493262290955,0.0400070920586586,-0.04658450186252594,-0.0046817525289952755
123,20.0,24,1.0396510362625122,0.06320107728242874,0.4523894190788269,0.027623888105154037,-0.13664065301418304,-0.011800824664533138
123,20.0,25,0.6959237456321716,0.05184819921851158,0.37692055106163025,0.02740291878581047,-0.04982350394129753,-0.013120184652507305
123,20.0,26,1.0877286195755005,0.07238565385341644,0.5281202793121338,0.04110707715153694,-0.22258085012435913,0.009266527369618416
123,20.0,27,0.7637947797775269,0.04787323623895645,0.4484533369541168,0.028046740218997,-0.11469244211912155,0.01950257457792759
123,20.0,28,0.9612371325492859,0.032642662525177,0.4350392818450928,0.015544273890554905,-0.13571478426456451,0.012427181005477905
123,20.0,29,0.4473545551300049,0.03812547028064728,0.26166215538978577,0.0147619703784585,0.07016216218471527,-0.0003782697021961212
123,20.0,30,0.982608437538147,0.05459892749786377,0.46652522683143616,0.033473990857601166,-0.18718096613883972,-0.004083514679223299
123,20.0,31,0.9385368227958679,0.07394025474786758,0.4100416302680969,0.030566735193133354,-0.05788230895996094,-0.01767498441040516
123,20.0,32,0.9580134153366089,0.09117510169744492,0.45607855916023254,0.046419981867074966,-0.058360930532217026,-0.011134856380522251
123,20.0,33,1.1970974206924438,0.042106471955776215,0.5605314373970032,0.02199200913310051,-0.30298691987991333,0.01612473651766777
123,20.0,34,0.7329599857330322,0.057178325951099396,0.38093140721321106,0.026749012991786003,0.04519486054778099,-0.0017243208130821586
123,20.0,35,1.106043815612793,0.06357001513242722,0.6175506711006165,0.03905921056866646,-0.29581692814826965,0.02493058517575264
123,20.0,36,1.089223027229309,0.04400471970438957,0.46410202980041504,0.024921748787164688,-0.13985274732112885,0.0008433014154434204
123,20.0,37,0.9116905331611633,0.04519126936793327,0.4395860433578491,0.01934747025370598,-0.1199878603219986,0.005466237664222717
123,20.0,38,1.021362543106079,0.08845334500074387,0.5304263830184937,0.049013152718544006,-0.26228949427604675,0.030924025923013687
123,20.0,39,0.9966139793395996,0.0811835452914238,0.46010303497314453,0.038674239069223404,-0.14476032555103302,-0.005044535733759403
123,15.0,0,1.352081298828125,0.05116825923323631,0.7400088310241699,0.027696337550878525,-0.5805577039718628,0.004810767713934183
123,15.0,1,1.2356812953948975,0.06316712498664856,0.6265498995780945,0.025941165164113045,-0.4175174832344055,0.002298621227964759
123,15.0,2,1.1928637027740479,0.05025385692715645,0.5146157145500183,0.017141595482826233,-0.3265618085861206,0.0012731164461001754
123,15.0,3,1.0463528633117676,0.07952196896076202,0.4773295223712921,0.03357746824622154,-0.18958044052124023,-0.015010080300271511
123,15.0,4,1.3284226655960083,0.03770048916339874,0.5523926615715027,0.01896561123430729,-0.28111785650253296,0.006280608009546995
123,15.0,5,1.1641876697540283,0.05389611795544624,0.6068245768547058,0.027961215004324913,-0.33581453561782837,0.01577542908489704
123,15.0,6,0.623142659664154,0.050611793994903564,0.32535064220428467,0.018372412770986557,-0.06893622130155563,0.0032162086572498083
123,15.0,7,1.3319660425186157,0.045559924095869064,0.6065606474876404,0.02129684016108513,-0.4065430760383606,0.009891225025057793
123,15.0,8,0.8864626884460449,0.08595836907625198,0.478312224149704,0.04182823374867439,-0.2344653606414795,-0.01909678801894188
123,15.0,9,1.7072452306747437,0.05367596819996834,0.8150577545166016,0.023953696712851524,-0.5388739705085754,0.005579796154052019
123,15.0,10,0.8436697721481323,0.04450389742851257,0.4036768674850464,0.019578246399760246,-0.21338634192943573,0.010324952192604542
123,15.0,11,0.977810800075531,0.060226671397686005,0.5269280672073364,0.025582997128367424,-0.35137665271759033,-0.0032381622586399317
123,15.0,12,1.028639554977417,0.09017188847064972,0.47595301270484924,0.036227036267519,-0.2324463427066803,-0.021276384592056274
123,15.0,13,1.1368532180786133,0.0874028429389,0.6121838092803955,0.04291815683245659,-0.33682361245155334,-0.003237331286072731
123,15.0,14,1.1099361181259155,0.06941589713096619,0.5512726902961731,0.034505728632211685,-0.3273933529853821,-0.0049135214649140835
123,15.0,15,1.2395316362380981,0.0586259551346302,0.7336727976799011,0.028573930263519287,-0.5232324004173279,0.011317631229758263
123,15.0,16,1.0334200859069824,0.06116826832294464,0.4832201600074768,0.026760777458548546,-0.25643911957740784,0.0021343212574720383
123,15.0,17,1.144901990890503,0.06939538568258286,0.5132919549942017,0.02601168118417263,-0.3116520047187805,-0.012569190002977848
123,15.0,18,0.6034556031227112,0.08427078276872635,0.30756813287734985,0.029217153787612915,-0.05831044539809227,-0.018654365092515945
123,15.0,19,1.1817845106124878,0.05003746226429939,0.7179745435714722,0.033305056393146515,-0.5453365445137024,0.03148563578724861
123,15.0,20,0.760820746421814,0.03834620118141174,0.3461288809776306,0.016601594164967537,-0.10693632811307907,0.015111398883163929
123,15.0,21,1.1058779954910278,0.05580265447497368,0.6444151997566223,0.03183407709002495,-0.49585428833961487,0.023811722174286842
123,15.0,22,1.2278196811676025,0.044191110879182816,0.6684255599975586,0.023914752528071404,-0.4401886463165283,0.010673618875443935
123,15.0,23,0.8422015309333801,0.08200686424970627,0.4654155671596527,0.03934341296553612,-0.16732178628444672,-0.0063515305519104
123,15.0,24,1.2121837139129639,0.06556618958711624,0.504788339138031,0.028467193245887756,-0.252606600522995,-0.015629321336746216
123,15.0,25,0.7372125387191772,0.054255228489637375,0.38588884472846985,0.029130060225725174,-0.13265922665596008,-0.016920054331421852
123,15.0,26,1.222608208656311,0.07182494550943375,0.5691242218017578,0.0396277979016304,-0.32509610056877136,0.00487289996817708
123,15.0,27,0.7864902019500732,0.047126900404691696,0.4619463086128235,0.02628166414797306,-0.22682611644268036,0.017129626125097275
123,15.0,28,1.0813745260238647,0.03078850358724594,0.4820634126663208,0.014141792431473732,-0.24867671728134155,0.010535354726016521
123,15.0,29,0.4088011085987091,0.03913985565304756,0.26667460799217224,0.014498182572424412,-0.022541210055351257,-0.0020162449218332767
123,15.0,30,1.0464515686035156,0.059922199696302414,0.479128897190094,0.03559701144695282,-0.2888298034667969,-0.009779749438166618
123,15.0,31,1.0271095037460327,0.07379762083292007,0.43784213066101074,0.02978748083114624,-0.19193017482757568,-0.018987512215971947
123,15.0,32,1.0632939338684082,0.09093189239501953,0.48570579290390015,0.045264437794685364,-0.1741604208946228,-0.013518406078219414
123,15.0,33,1.3814750909805298,0.04128377139568329,0.6331146955490112,0.02082747593522072,-0.41987624764442444,0.014635453000664711
123,15.0,34,0.7557294964790344,0.05787842720746994,0.38796693086624146,0.026593612506985664,-0.07071773707866669,-0.0033061669673770666
123,15.0,35,1.2229818105697632,0.05972291901707649,0.6638956069946289,0.03541219234466553,-0.4344870150089264,0.021004751324653625
123,15.0,36,1.1794525384902954,0.049589239060878754,0.48281943798065186,0.026391994208097458,-0.24316547811031342,-0.004789343103766441
123,15.0,37,0.9697065949440002,0.04596912860870361,0.4642183482646942,0.018839078024029732,-0.2521132826805115,0.004189479164779186
123,15.0,38,1.1171786785125732,0.08459287881851196,0.5398089289665222,0.045022882521152496,-0.3540213704109192,0.02515965700149536
123,15.0,39,1.1353808641433716,0.07915999740362167,0.504770815372467,0.0364496111869812,-0.25831446051597595,-0.007794729433953762
123,10.0,0,1.5916049480438232,0.050999321043491364,0.8871418833732605,0.02732476405799389,-0.7303646802902222,0.0033413367345929146
123,10.0,1,1.4266160726547241,0.06269064545631409,0.7529608011245728,0.0250264722853899,-0.5388332605361938,-0.00019516615429893136
123,10.0,2,1.4315474033355713,0.0506829172372818,0.6498322486877441,0.016931230202317238,-0.4635281264781952,0.00011603395250858739
123,10.0,3,1.2207621335983276,0.0789765864610672,0.5721179842948914,0.03268970921635628,-0.2995482087135315,-0.018578484654426575
123,10.0,4,1.5034540891647339,0.03799184784293175,0.6592589616775513,0.01862327568233013,-0.38712236285209656,0.002208165591582656
123,10.0,5,1.4085980653762817,0.0546388104557991,0.7509140968322754,0.02763025090098381,-0.5044862627983093,0.013501753099262714
123,10.0,6,0.7525054216384888,0.05714539811015129,0.39515459537506104,0.020233027637004852,-0.15289199352264404,-0.004998558666557074
123,10.0,7,1.5698856115341187,0.03989408165216446,0.7411966323852539,0.018157796934247017,-0.539386510848999,0.004915490280836821
123,10.0,8,1.1018019914627075,0.08636211603879929,0.5983920693397522,0.04175122454762459,-0.35752570629119873,-0.022274941205978394
123,10.0,9,1.994493007659912,0.05735635384917259,0.9691239595413208,0.025485137477517128,-0.6936661005020142,0.00024195104197133332
123,10.0,10,0.9834699034690857,0.037891849875450134,0.48123282194137573,0.014679566025733948,-0.28057488799095154,-0.0005446217255666852
123,10.0,11,1.1770706176757812,0.07460496574640274,0.6533255577087402,0.03076016530394554,-0.4761182963848114,-0.009904024191200733
123,10.0,12,1.2084542512893677,0.0915563702583313,0.5766348242759705,0.03708600252866745,-0.3446679711341858,-0.023228168487548828
123,10.0,13,1.3501850366592407,0.08745615929365158,0.7504971027374268,0.04212816059589386,-0.49344855546951294,-0.007238971535116434
123,10.0,14,1.3085699081420898,0.0737750232219696,0.6529343724250793,0.0377395860850811,-0.4345298409461975,-0.01001659780740738
123,10.0,15,1.5083117485046387,0.06576899439096451,0.9083024263381958,0.029536087065935135,-0.697640597820282,0.008807064965367317
123,10.0,16,1.1743234395980835,0.07593139261007309,0.5679706335067749,0.030835308134555817,-0.35078296065330505,-0.008092443458735943
123,10.0,17,1.3393076658248901,0.07992886006832123,0.6274612545967102,0.028036730363965034,-0.43176576495170593,-0.015745772048830986
123,10.0,18,0.7622148990631104,0.0847085565328598,0.3946891725063324,0.029290176928043365,-0.15756164491176605,-0.019665466621518135
123,10.0,19,1.4052051305770874,0.043394703418016434,0.8575126528739929,0.028768008574843407,-0.6986507773399353,0.024421006441116333
123,10.0,20,0.8676162362098694,0.026849327608942986,0.41853103041648865,0.011478845961391926,-0.18571090698242188,0.00825916975736618
123,10.0,21,1.3183132410049438,0.05169263482093811,0.7820337414741516,0.02878173440694809,-0.6492346525192261,0.020167896524071693
123,10.0,22,1.3980662822723389,0.04626490920782089,0.7844718098640442,0.02446684055030346,-0.580548882484436,0.008811326697468758
123,10.0,23,0.9988448023796082,0.08063370734453201,0.560978889465332,0.03815765678882599,-0.3021923899650574,-0.009542953222990036
123,10.0,24,1.4503040313720703,0.07667531818151474,0.6125956177711487,0.03336130082607269,-0.3760092854499817,-0.021839676424860954
123,10.0,25,0.8862701058387756,0.06025265157222748,0.46476197242736816,0.03351890295743942,-0.2183033525943756,-0.02225356549024582
123,10.0,26,1.4374862909317017,0.07237269729375839,0.6712519526481628,0.038345493376255035,-0.43614357709884644,-0.004265127703547478
123,10.0,27,0.9335201382637024,0.04168041795492172,0.5594453811645508,0.02231561206281185,-0.33217722177505493,0.010018992237746716
123,10.0,28,1.276941180229187,0.03140973299741745,0.5967684984207153,0.013248448260128498,-0.36606523394584656,0.007913349196314812
123,10.0,29,0.5156323313713074,0.04151814803481102,0.33680304884910583,0.01564834825694561,-0.10078086704015732,-0.004251169506460428
123,10.0,30,1.210808515548706,0.08767126500606537,0.567472517490387,0.04581427946686745,-0.3515015244483948,-0.02528490126132965
123,10.0,31,1.2240204811096191,0.07389919459819794,0.5474845767021179,0.029942680150270462,-0.3084613084793091,-0.019912322983145714
123,10.0,32,1.268715500831604,0.09048432856798172,0.5837726593017578,0.04399920627474785,-0.304849773645401,-0.01734236069023609
123,10.0,33,1.6391957998275757,0.03969534486532211,0.7723806500434875,0.01929304376244545,-0.559698760509491,0.011882874183356762
123,10.0,34,0.9088452458381653,0.059372518211603165,0.47826164960861206,0.027326766401529312,-0.20525223016738892,-0.004661794751882553
123,10.0,35,1.4684468507766724,0.054276611655950546,0.7928604483604431,0.030898217111825943,-0.5820542573928833,0.013707425445318222
123,10.0,36,1.3682796955108643,0.06901919841766357,0.5811797976493835,0.031685955822467804,-0.3366234004497528,-0.016318349167704582
123,10.0,37,1.1531652212142944,0.04649580270051956,0.5815168023109436,0.018781602382659912,-0.3819213807582855,0.003087501274421811
123,10.0,38,1.2805999517440796,0.07708872854709625,0.6158612370491028,0.03915517032146454,-0.4355592727661133,0.014899598434567451
123,10.0,39,1.3452179431915283,0.0758240669965744,0.6002421975135803,0.033830370754003525,-0.37082886695861816,-0.011712371371686459
123,5.0,0,1.9247342348098755,0.0636720284819603,1.1225035190582275,0.03194089233875275,-1.0043699741363525,0.009180713444948196
123,5.0,1,1.6602697372436523,0.08174233883619308,0.9200034141540527,0.03295555338263512,-0.7299877405166626,0.0072016604244709015
123,5.0,2,1.8259804248809814,0.09261208772659302,0.8512517809867859,0.03356628865003586,-0.7047458291053772,0.015606907196342945
123,5.0,3,1.4430885314941406,0.0948263481259346,0.7001830339431763,0.04340912401676178,-0.4714648723602295,-0.010466581210494041
123,5.0,4,1.6628972291946411,0.06537459790706635,0.7645654082298279,0.02766270749270916,-0.541795015335083,0.00701908441260457
123,5.0,5,1.8971775770187378,0.09072613716125488,1.055759072303772,0.047510311007499695,-0.8798314332962036,0.0395277664065361
123,5.0,6,0.9166130423545837,0.08319070935249329,0.493082195520401,0.0318797342479229,-0.29705238342285156,-0.002923515858128667
123,5.0,7,1.9035327434539795,0.07423485070466995,0.9480242133140564,0.032513849437236786,-0.7812570929527283,0.017987346276640892
123,5.0,8,1.4206594228744507,0.11130174994468689,0.8125852942466736,0.058859482407569885,-0.6021475195884705,-0.004143669269979
123,5.0,9,2.4225332736968994,0.06525450199842453,1.2123517990112305,0.03174106404185295,-1.0037208795547485,0.006467617116868496
123,5.0,10,1.0740761756896973,0.05670270696282387,0.5628425478935242,0.02113886922597885,-0.3810247480869293,-0.0010092429583892226
123,5.0,11,1.5666117668151855,0.10936293751001358,0.9011730551719666,0.04973943904042244,-0.7450342774391174,0.012315194122493267
123,5.0,12,1.3673471212387085,0.09390757977962494,0.6941028833389282,0.03900771215558052,-0.5008660554885864,-0.01736646704375744
123,5.0,13,1.7301512956619263,0.11026211827993393,1.0237619876861572,0.06448615342378616,-0.8449264168739319,0.011398707516491413
123,5.0,14,1.6609898805618286,0.10941983759403229,0.8477885723114014,0.060803480446338654,-0.6776623725891113,0.0055243149399757385
123,5.0,15,1.9010285139083862,0.06674819439649582,1.1909562349319458,0.03388652205467224,-1.0405887365341187,0.017029568552970886
123,5.0,16,1.3419517278671265,0.130668506026268,0.692171037197113,0.05852626636624336,-0.5057153701782227,0.003258692566305399
123,5.0,17,1.531855583190918,0.08514472842216492,0.7906221151351929,0.04037601873278618,-0.6308033466339111,0.007686196360737085
123,5.0,18,0.9138432145118713,0.09623972326517105,0.5208622813224792,0.04124397039413452,-0.30725786089897156,-0.007487140595912933
123,5.0,19,1.8120771646499634,0.05414113774895668,1.1222299337387085,0.03424088656902313,-0.9973153471946716,0.029226863756775856
123,5.0,20,0.9430679082870483,0.04371986538171768,0.4893336296081543,0.015738368034362793,-0.2868894934654236,0.004721168894320726
123,5.0,21,1.845790147781372,0.11770299077033997,1.1615877151489258,0.06373846530914307,-1.0633659362792969,0.05453138425946236
123,5.0,22,1.7876255512237549,0.09993986785411835,1.0128817558288574,0.04967400059103966,-0.890063464641571,0.0351313054561615
123,5.0,23,1.332209587097168,0.10016077756881714,0.7795061469078064,0.05110812187194824,-0.5822551846504211,0.0011250043753534555
123,5.0,24,1.7609472274780273,0.09794177114963531,0.8208168745040894,0.045520469546318054,-0.619407057762146,-0.0029391355346888304
123,5.0,25,1.0672204494476318,0.07926993817090988,0.5919766426086426,0.04149501025676727,-0.40140965580940247,-0.006133618764579296
123,5.0,26,1.6559587717056274,0.0716625452041626,0.7961374521255493,0.037889763712882996,-0.6235156655311584,-0.014844591729342937
123,5.0,27,1.120602011680603,0.0746447890996933,0.6821367740631104,0.031238054856657982,-0.5043798685073853,0.006621135864406824
123,5.0,28,1.5710927248001099,0.11132769286632538,0.8202840089797974,0.053711120039224625,-0.6321316957473755,0.04563469812273979
123,5.0,29,0.6620549559593201,0.14170056581497192,0.498833566904068,0.06807832419872284,-0.3515896499156952,0.04791705310344696
123,5.0,30,1.481539249420166,0.10612765699625015,0.7232702970504761,0.0573250837624073,-0.5130782127380371,-0.02116425335407257
123,5.0,31,1.4717211723327637,0.07978547364473343,0.6849855184555054,0.03652295470237732,-0.4794161915779114,-0.008592769503593445
123,5.0,32,1.5991343259811401,0.10657944530248642,0.7669435739517212,0.055989041924476624,-0.560355007648468,-0.00866931676864624
123,5.0,33,1.9436156749725342,0.059533849358558655,0.9733226299285889,0.02874140255153179,-0.8277851939201355,0.0177823007106781
123,5.0,34,1.257989525794983,0.09580294787883759,0.7167447209358215,0.0498737208545208,-0.5196568965911865,0.027695341035723686
123,5.0,35,1.8399968147277832,0.08458103984594345,1.021991491317749,0.045028913766145706,-0.8736135363578796,0.020934829488396645
123,5.0,36,1.6885493993759155,0.11778484284877777,0.7330111265182495,0.052985887974500656,-0.5142053961753845,-0.010121962055563927
123,5.0,37,1.4659620523452759,0.08129622787237167,0.7842395305633545,0.03286542743444443,-0.6362253427505493,0.016539782285690308
123,5.0,38,1.4911644458770752,0.07979951053857803,0.7246056795120239,0.040631961077451706,-0.5743332505226135,0.009151567704975605
123,5.0,39,1.5875804424285889,0.08058873564004898,0.7439262866973877,0.038706399500370026,-0.5273551344871521,-0.006782537326216698
2024,inf,0,15.963159561157227,0.3150332570075989,15.625120162963867,0.27407580614089966,-15.625120162963867,-0.2654273211956024
2024,inf,1,15.31663703918457,0.3418099880218506,15.081089973449707,0.30744484066963196,-15.081089973449707,-0.304434210062027
2024,inf,2,15.215398788452148,0.3516676425933838,15.024133682250977,0.3247833549976349,-15.024133682250977,-0.3223073482513428
2024,inf,3,15.253010749816895,0.412880003452301,15.05734634399414,0.3675481975078583,-15.05734634399414,-0.3655279278755188
2024,inf,4,15.164041519165039,0.4607303738594055,14.966217041015625,0.4045838713645935,-14.966217041015625,-0.4044574499130249
2024,inf,5,16.06585121154785,0.3511282503604889,15.616415023803711,0.2935636341571808,-15.616415023803711,-0.2835712730884552
2024,inf,6,15.012628555297852,0.42504099011421204,14.866397857666016,0.3890155851840973,-14.866397857666016,-0.38837572932243347
2024,inf,7,15.421520233154297,0.3501870632171631,15.196800231933594,0.3138085901737213,-15.196800231933594,-0.30959761142730713
2024,inf,8,15.203439712524414,0.4262416362762451,15.002315521240234,0.3816453218460083,-15.002315521240234,-0.37992116808891296
2024,inf,9,16.090173721313477,0.3420456647872925,15.583796501159668,0.2987799644470215,-15.583796501159668,-0.29182368516921997
2024,inf,10,15.082810401916504,0.39866915345191956,14.955952644348145,0.367258220911026,-14.955952644348145,-0.36705026030540466
2024,inf,11,15.360933303833008,0.3572167158126831,15.149438858032227,0.3178321123123169,-15.149438858032227,-0.31357821822166443
2024,inf,12,15.325775146484375,0.4098988175392151,15.11057186126709,0.37379321455955505,-15.11057186126709,-0.37239331007003784
2024,inf,13,15.809046745300293,0.37780460715293884,15.432305335998535,0.3193046748638153,-15.432305335998535,-0.31188687682151794
2024,inf,14,15.300230026245117,0.45432811975479126,15.063252449035645,0.4037032723426819,-15.063252449035645,-0.40107616782188416
2024,inf,15,15.71642017364502,0.30922001600265503,15.364961624145508,0.25691378116607666,-15.364961624145508,-0.24643120169639587
2024,inf,16,15.241291046142578,0.4064410626888275,15.070158004760742,0.3707277476787567,-15.070158004760742,-0.3695778250694275
2024,inf,17,15.136067390441895,0.3765753507614136,14.97636890411377,0.3478800356388092,-14.97636890411377,-0.34661442041397095
2024,inf,18,15.055593490600586,0.3881183862686157,14.902950286865234,0.3655126988887787,-14.902950286865234,-0.36462247371673584
2024,inf,19,16.03013038635254,0.3496943712234497,15.624688148498535,0.28521621227264404,-15.624688148498535,-0.2736399173736572
2024,inf,20,14.951497077941895,0.39331167936325073,14.830731391906738,0.36562520265579224,-14.830731391906738,-0.36546164751052856
2024,inf,21,15.60911750793457,0.33522868156433105,15.298616409301758,0.2818441092967987,-15.298616409301758,-0.2774706780910492
2024,inf,22,15.729689598083496,0.3308878242969513,15.395216941833496,0.296384334564209,-15.395216941833496,-0.28981128334999084
2024,inf,23,15.47128677368164,0.4107438027858734,15.215725898742676,0.35452672839164734,-15.215725898742676,-0.3525483310222626
2024,inf,24,15.280312538146973,0.3811812698841095,15.05054759979248,0.3533206582069397,-15.05054759979248,-0.3510657250881195
2024,inf,25,15.172760963439941,0.44114622473716736,15.005380630493164,0.4023064076900482,-15.005380630493164,-0.4013632535934448
2024,inf,26,15.21839714050293,0.4639107882976532,15.007373809814453,0.40122127532958984,-15.007373809814453,-0.4000827670097351
2024,inf,27,15.241381645202637,0.3933124840259552,15.040822982788086,0.3520048260688782,-15.040822982788086,-0.34972208738327026
2024,inf,28,15.457926750183105,0.3538424074649811,15.198216438293457,0.3220454752445221,-15.198216438293457,-0.318015992641449
2024,inf,29,14.962930679321289,0.40798503160476685,14.840025901794434,0.38205063343048096,-14.840025901794434,-0.38205063343048096
2024,inf,30,15.17279052734375,0.441558837890625,14.991471290588379,0.3943537771701813,-14.991471290588379,-0.3931981325149536
2024,inf,31,15.244880676269531,0.38092315196990967,15.067584037780762,0.35248348116874695,-15.067584037780762,-0.35039058327674866
2024,inf,32,15.378817558288574,0.4097648859024048,15.165565490722656,0.36549070477485657,-15.165565490722656,-0.3621085286140442
2024,inf,33,15.435505867004395,0.3657640218734741,15.19023609161377,0.31841203570365906,-15.19023609161377,-0.3129054307937622
2024,inf,34,15.473889350891113,0.36163854598999023,15.219480514526367,0.32702964544296265,-15.219480514526367,-0.32397639751434326
2024,inf,35,15.467915534973145,0.4234289526939392,15.176239967346191,0.34676069021224976,-15.176239967346191,-0.3408527374267578
2024,inf,36,15.319519996643066,0.40252208709716797,15.121036529541016,0.3674617111682892,-15.121036529541016,-0.36598002910614014
2024,inf,37,15.37913703918457,0.3386867046356201,15.133613586425781,0.30837756395339966,-15.133613586425781,-0.3035110831260681
2024,inf,38,15.298358917236328,0.4667227566242218,15.127853393554688,0.40119025111198425,-15.127853393554688,-0.3998912572860718
2024,inf,39,15.272457122802734,0.3957271873950958,15.0849027633667,0.3558662533760071,-15.0849027633667,-0.35340774059295654
2024,50.0,0,1.1116477251052856,0.05668005719780922,0.6178462505340576,0.04374805465340614,-0.28392893075942993,0.028387850150465965
2024,50.0,1,0.9976215958595276,0.08508124202489853,0.572262704372406,0.05030020326375961,-0.10808881372213364,0.01987740583717823
2024,50.0,2,0.9769892692565918,0.05745073780417442,0.5368306040763855,0.03917192667722702,0.04461293667554855,0.025726495310664177
2024,50.0,3,0.8854728937149048,0.12191028147935867,0.4669575095176697,0.059874337166547775,0.058750513941049576,-0.010445693507790565
2024,50.0,4,1.0118451118469238,0.19707973301410675,0.5029886364936829,0.0888560488820076,0.07223091274499893,-0.04317134991288185
2024,50.0,5,1.6538681983947754,0.13310176134109497,0.9055735468864441,0.06952451169490814,-0.2989301085472107,0.026202501729130745
2024,50.0,6,0.6746630668640137,0.1428060084581375,0.40044596791267395,0.06680108606815338,0.1866789311170578,-0.016882555559277534
2024,50.0,7,1.2973700761795044,0.07198341190814972,0.6682285070419312,0.04512384906411171,-0.09864029288291931,0.02500997856259346
2024,50.0,8,0.8140841126441956,0.15769733488559723,0.5021781325340271,0.07523097842931747,0.12688502669334412,-0.03864004462957382
2024,50.0,9,1.5889391899108887,0.10198833793401718,0.7820192575454712,0.05569681525230408,-0.21130141615867615,0.021201960742473602
2024,50.0,10,0.7188940048217773,0.09415847808122635,0.4038143754005432,0.04387412220239639,0.12594108283519745,0.006240424234420061
2024,50.0,11,0.8945820331573486,0.09099549800157547,0.5845845937728882,0.05060070380568504,0.031184658408164978,0.010879108682274818
2024,50.0,12,0.9745785593986511,0.13910073041915894,0.5654386281967163,0.06409288197755814,0.045340266078710556,-0.020442137494683266
2024,50.0,13,1.2999669313430786,0.15514658391475677,0.6722448468208313,0.08094147592782974,-0.11292614042758942,-0.0118615897372365
2024,50.0,14,0.9657372236251831,0.18125180900096893,0.5258961915969849,0.10206855088472366,0.028825294226408005,-0.06291171163320541
2024,50.0,15,1.2419710159301758,0.10302698612213135,0.789988100528717,0.057451240718364716,-0.32371023297309875,0.022788362577557564
2024,50.0,16,0.8364269137382507,0.12723758816719055,0.46894416213035583,0.06406751275062561,0.07769972085952759,-0.01279116328805685
2024,50.0,17,0.8726709485054016,0.07863199710845947,0.4979134500026703,0.044906411319971085,0.03250971436500549,0.01182203646749258
2024,50.0,18,0.6816365122795105,0.08436820656061172,0.4128080904483795,0.0466025173664093,0.17147520184516907,0.008114713244140148
2024,50.0,19,1.2813119888305664,0.12634092569351196,0.7945053577423096,0.0654875785112381,-0.332402765750885,0.011820081621408463
2024,50.0,20,0.6478362679481506,0.09303639084100723,0.39906761050224304,0.04168703407049179,0.2179829478263855,0.009887751191854477
2024,50.0,21,1.0352818965911865,0.11039235442876816,0.5715111494064331,0.05839843302965164,-0.02284494787454605,0.011370678432285786
2024,50.0,22,1.3424726724624634,0.10159718990325928,0.777495801448822,0.06077488884329796,-0.29023316502571106,0.037099603563547134
2024,50.0,23,0.9552061557769775,0.17317189276218414,0.5768095850944519,0.08418238162994385,0.0056079961359500885,-0.02074587345123291
2024,50.0,24,1.096217393875122,0.09320878237485886,0.5430551171302795,0.05183848366141319,0.04402008280158043,0.006202308461070061
2024,50.0,25,0.7256888151168823,0.15973520278930664,0.46299654245376587,0.07796292006969452,0.22009602189064026,-0.04199397936463356
2024,50.0,26,1.0618607997894287,0.19092394411563873,0.5357226729393005,0.09435299783945084,-0.035093214362859726,-0.05349995195865631
2024,50.0,27,0.8578025102615356,0.12983979284763336,0.5507788062095642,0.06413022428750992,0.12338235229253769,-0.006298845633864403
2024,50.0,28,1.2181613445281982,0.07395894825458527,0.6350724101066589,0.04068116098642349,-0.051731400191783905,0.027021139860153198
2024,50.0,29,0.5413053631782532,0.11543170362710953,0.36866751313209534,0.05203496664762497,0.21933266520500183,-0.004889973439276218
2024,50.0,30,0.9006412029266357,0.15161199867725372,0.4864361882209778,0.07910396158695221,0.1111685112118721,-0.04211411997675896
2024,50.0,31,0.9273238778114319,0.07242821902036667,0.4848630428314209,0.04516484960913658,0.08895624428987503,0.006909012794494629
2024,50.0,32,0.972246527671814,0.13642142713069916,0.5245263576507568,0.07522151619195938,-0.01413762103766203,-0.01566736213862896
2024,50.0,33,1.043443202972412,0.11498861759901047,0.5651993155479431,0.05404356122016907,-0.06856901943683624,0.011792284436523914
2024,50.0,34,1.0869483947753906,0.10401648283004761,0.6185914278030396,0.05750434845685959,0.11101145297288895,0.016684602946043015
2024,50.0,35,1.0306588411331177,0.18161006271839142,0.5818912982940674,0.08538319170475006,-0.08252547681331635,-0.03511907160282135
2024,50.0,36,1.1202903985977173,0.1112905815243721,0.5352060198783875,0.05881670489907265,-0.006480069365352392,-0.0023562810383737087
2024,50.0,37,1.0778436660766602,0.06312345713376999,0.6086828708648682,0.04533333703875542,-0.06701440364122391,0.0341828390955925
2024,50.0,38,0.911067008972168,0.18660281598567963,0.4751899540424347,0.08484745025634766,0.07503306120634079,-0.04096043109893799
2024,50.0,39,1.0362852811813354,0.10228259116411209,0.5179297924041748,0.05448431894183159,-0.0004796331631951034,0.006157443393021822
2024,20.0,0,1.3229222297668457,0.05738147720694542,0.7385743856430054,0.04438277333974838,-0.3693494200706482,0.028810512274503708
2024,20.0,1,1.199526309967041,0.08517181873321533,0.6554627418518066,0.050526149570941925,-0.21369843184947968,0.019973712041974068
2024,20.0,2,1.133959412574768,0.05626024305820465,0.5960916876792908,0.038527730852365494,-0.039920974522829056,0.025332406163215637
2024,20.0,3,1.0678166151046753,0.12256680428981781,0.5386003851890564,0.060980234295129776,-0.024477094411849976,-0.00985485315322876
2024,20.0,4,1.185957431793213,0.1974526345729828,0.5596587061882019,0.08971718698740005,-0.03792378306388855,-0.04265940189361572
2024,20.0,5,1.8318918943405151,0.13471077382564545,1.0131348371505737,0.07063836604356766,-0.4161120057106018,0.02667498216032982
2024,20.0,6,0.7932411432266235,0.14327386021614075,0.4448785185813904,0.06696833670139313,0.11998497694730759,-0.017096079885959625
2024,20.0,7,1.5061235427856445,0.07333177328109741,0.7691882848739624,0.04666642099618912,-0.23918117582798004,0.026239905506372452
2024,20.0,8,0.9543820023536682,0.15773451328277588,0.5859640836715698,0.07589340955018997,0.05429619178175926,-0.037817683070898056
2024,20.0,9,1.8227453231811523,0.10310065746307373,0.9201619029045105,0.05710621923208237,-0.33123788237571716,0.022385623306035995
2024,20.0,10,0.8208460211753845,0.09456968307495117,0.44117698073387146,0.044830385595560074,0.03745604678988457,0.006693472620099783
2024,20.0,11,1.0738261938095093,0.09103111922740936,0.6874016523361206,0.05077096447348595,-0.05555089935660362,0.011466382071375847
2024,20.0,12,1.1341842412948608,0.14034752547740936,0.622765302658081,0.06503981351852417,-0.06622298061847687,-0.020167533308267593
2024,20.0,13,1.4750571250915527,0.15525588393211365,0.7743838429450989,0.08139835298061371,-0.21979400515556335,-0.01178635936230421
2024,20.0,14,1.123866081237793,0.1802736073732376,0.6050328016281128,0.10055411607027054,-0.009815477766096592,-0.06387407332658768
2024,20.0,15,1.4308257102966309,0.10327140241861343,0.9136448502540588,0.05769094452261925,-0.446388840675354,0.022957513108849525
2024,20.0,16,0.9619479179382324,0.12763725221157074,0.5126277208328247,0.06504979729652405,-0.015775592997670174,-0.0124253174290061
2024,20.0,17,1.0367223024368286,0.07842988520860672,0.5580111742019653,0.04478238523006439,-0.05157202482223511,0.011033572256565094
2024,20.0,18,0.7915652394294739,0.08484426885843277,0.4638790786266327,0.04736291244626045,0.13006438314914703,0.008169940672814846
2024,20.0,19,1.4872841835021973,0.1258891224861145,0.9330835342407227,0.06498923152685165,-0.4239876866340637,0.011355789378285408
2024,20.0,20,0.7732176184654236,0.09338095039129257,0.4383511245250702,0.04208507016301155,0.1358831822872162,0.009969942271709442
2024,20.0,21,1.1539740562438965,0.10954312980175018,0.6338585615158081,0.05835886672139168,-0.13315193355083466,0.012280134484171867
2024,20.0,22,1.4562103748321533,0.1018885150551796,0.8327202796936035,0.06146876513957977,-0.354903906583786,0.03750443458557129
2024,20.0,23,1.0550225973129272,0.17345118522644043,0.6116774082183838,0.08394397050142288,-0.10026592016220093,-0.021721670404076576
2024,20.0,24,1.245119333267212,0.09339260309934616,0.58936607837677,0.052087925374507904,-0.034389302134513855,0.0065427133813500404
2024,20.0,25,0.8764582276344299,0.1607072353363037,0.5305643081665039,0.07876370847225189,0.15906855463981628,-0.0419718399643898
2024,20.0,26,1.231683611869812,0.1913464367389679,0.5939213037490845,0.0951395332813263,-0.14560914039611816,-0.05255861580371857
2024,20.0,27,1.0501964092254639,0.13009284436702728,0.6557294726371765,0.06512362509965897,0.04803696274757385,-0.005303217098116875
2024,20.0,28,1.4142951965332031,0.07555052638053894,0.7308046221733093,0.041909243911504745,-0.14630712568759918,0.028096668422222137
2024,20.0,29,0.678083598613739,0.11572758108377457,0.4267381429672241,0.052889157086610794,0.17657440900802612,-0.004680565092712641
2024,20.0,30,1.0654617547988892,0.15213395655155182,0.5648062825202942,0.08040886372327805,0.023440536111593246,-0.04146461933851242
2024,20.0,31,1.1136856079101562,0.07258860766887665,0.5598573088645935,0.04540072754025459,-0.011817785911262035,0.007097451947629452
2024,20.0,32,1.181549310684204,0.13716965913772583,0.6029258966445923,0.07607602328062057,-0.11339942365884781,-0.015226281248033047
2024,20.0,33,1.273852825164795,0.11504700034856796,0.6671378016471863,0.05482427775859833,-0.2119242250919342,0.0128055764362216
2024,20.0,34,1.180135726928711,0.10349465906620026,0.6568247079849243,0.05730309337377548,0.039687953889369965,0.016062645241618156
2024,20.0,35,1.2254294157028198,0.1821747124195099,0.671576738357544,0.08623573929071426,-0.2015475034713745,-0.0350753590464592
2024,20.0,36,1.274888038635254,0.11178109049797058,0.5907543897628784,0.059398017823696136,-0.10006990283727646,-0.002724404912441969
2024,20.0,37,1.2148149013519287,0.06232791766524315,0.6759071350097656,0.04493330046534538,-0.14960812032222748,0.03374404087662697
2024,20.0,38,1.0730894804000854,0.18683825433254242,0.5361154079437256,0.08509024232625961,-0.03216191753745079,-0.04097694903612137
2024,20.0,39,1.1766248941421509,0.10308343917131424,0.5663049221038818,0.05560893565416336,-0.1099383756518364,0.0067491172812879086
2024,15.0,0,1.4346305131912231,0.057831596583127975,0.8132493495941162,0.04491657018661499,-0.381319522857666,0.029104182496666908
2024,15.0,1,1.3105733394622803,0.0853152722120285,0.7127867341041565,0.05097801238298416,-0.23591762781143188,0.020292706787586212
2024,15.0,2,1.2388300895690918,0.05602959170937538,0.6511366963386536,0.038659676909446716,-0.06074635684490204,0.025433510541915894
2024,15.0,3,1.178210973739624,0.12279916554689407,0.5989199280738831,0.061660073697566986,-0.03005153499543667,-0.009453006088733673
2024,15.0,4,1.2874075174331665,0.19778650999069214,0.6104837656021118,0.09052698314189911,-0.04871353879570961,-0.042239390313625336
2024,15.0,5,1.9418325424194336,0.13543711602687836,1.0918266773223877,0.07131949067115784,-0.45851972699165344,0.02700388804078102
2024,15.0,6,0.8937541842460632,0.14346835017204285,0.5003035664558411,0.06747911125421524,0.12198425829410553,-0.016916943714022636
2024,15.0,7,1.6170330047607422,0.07373383641242981,0.8384997248649597,0.04716526344418526,-0.2726007103919983,0.026494378224015236
2024,15.0,8,1.0548498630523682,0.15766604244709015,0.656891405582428,0.07623481750488281,0.05924559012055397,-0.037774574011564255
2024,15.0,9,1.941433310508728,0.10363028943538666,0.994777262210846,0.0575733408331871,-0.37432995438575745,0.022523200139403343
2024,15.0,10,0.8974626064300537,0.09486190229654312,0.487026572227478,0.045657217502593994,0.032167281955480576,0.007291009649634361
2024,15.0,11,1.1825240850448608,0.09109655022621155,0.752661943435669,0.05110841989517212,-0.07512439787387848,0.011836310848593712
2024,15.0,12,1.2214066982269287,0.14105962216854095,0.6643094420433044,0.06592483818531036,-0.079576276242733,-0.01961292326450348
2024,15.0,13,1.5753414630889893,0.1552024483680725,0.8414578437805176,0.08171269297599792,-0.2524413764476776,-0.011775043793022633
2024,15.0,14,1.2285807132720947,0.18003667891025543,0.6725212931632996,0.10028888285160065,-0.00909153837710619,-0.0641816109418869
2024,15.0,15,1.5392374992370605,0.10333824157714844,0.9803597927093506,0.05790342018008232,-0.4789108633995056,0.02301247976720333
2024,15.0,16,1.0490384101867676,0.1279088854789734,0.5616337656974792,0.06594950705766678,-0.02492465078830719,-0.011863202787935734
2024,15.0,17,1.1363370418548584,0.07850951701402664,0.6121209263801575,0.04518964886665344,-0.04761413484811783,0.01096197310835123
2024,15.0,18,0.8929240107536316,0.08515101671218872,0.5208585262298584,0.04819826781749725,0.14264290034770966,0.008573426865041256
2024,15.0,19,1.6068167686462402,0.1257779598236084,1.0104649066925049,0.06507689505815506,-0.4573516547679901,0.01131416205316782
2024,15.0,20,0.8644604086875916,0.0937219113111496,0.4868082106113434,0.042838435620069504,0.1334666758775711,0.010410835035145283
2024,15.0,21,1.2549995183944702,0.10926633328199387,0.702269434928894,0.05852290987968445,-0.17241442203521729,0.012571727856993675
2024,15.0,22,1.528116226196289,0.10204719752073288,0.8760059475898743,0.06201788783073425,-0.35499125719070435,0.037852752953767776
2024,15.0,23,1.1496038436889648,0.1737404614686966,0.6607511043548584,0.08396026492118835,-0.12476644665002823,-0.02233331836760044
2024,15.0,24,1.338918924331665,0.09337536245584488,0.6422016620635986,0.05245580896735191,-0.04615778848528862,0.006669582799077034
2024,15.0,25,0.978268563747406,0.16114692389965057,0.5880311131477356,0.07942565530538559,0.15644919872283936,-0.041704680770635605
2024,15.0,26,1.314820647239685,0.191485196352005,0.6399704217910767,0.09566260129213333,-0.1512988656759262,-0.05214233323931694
2024,15.0,27,1.1620756387710571,0.13036814332008362,0.7270601987838745,0.06576231122016907,0.03297897055745125,-0.004824950825423002
2024,15.0,28,1.5166072845458984,0.07645639777183533,0.7915396690368652,0.04285777360200882,-0.16613967716693878,0.028859896585345268
2024,15.0,29,0.7908772230148315,0.11607874184846878,0.4871792197227478,0.053877800703048706,0.18433347344398499,-0.004202913027256727
2024,15.0,30,1.1822669506072998,0.15252578258514404,0.6352493762969971,0.08125084638595581,0.009375069290399551,-0.0411643348634243
2024,15.0,31,1.236067533493042,0.07283981144428253,0.6228381991386414,0.04585610330104828,-0.03393491730093956,0.007386371959000826
2024,15.0,32,1.301103115081787,0.13727614283561707,0.6715723872184753,0.07645735889673233,-0.12498863786458969,-0.015049777925014496
2024,15.0,33,1.3877943754196167,0.11528512835502625,0.7296902537345886,0.05546705052256584,-0.24417799711227417,0.01344781182706356
2024,15.0,34,1.2547376155853271,0.10358166694641113,0.7079588174819946,0.057621706277132034,0.028307627886533737,0.01597023196518421
2024,15.0,35,1.340962529182434,0.18239998817443848,0.7369247078895569,0.08691718429327011,-0.23370209336280823,-0.03474383056163788
2024,15.0,36,1.3683398962020874,0.11194739490747452,0.635672926902771,0.05988350510597229,-0.11222949624061584,-0.0026842765510082245
2024,15.0,37,1.3182154893875122,0.061895519495010376,0.7352137565612793,0.04487943649291992,-0.1714019924402237,0.03349364176392555
2024,15.0,38,1.1794753074645996,0.18689748644828796,0.5976167321205139,0.08522555977106094,-0.047318827360868454,-0.04109971597790718
2024,15.0,39,1.2650946378707886,0.10325377434492111,0.6165911555290222,0.05614905431866646,-0.13513492047786713,0.007005664054304361
2024,10.0,0,1.6161776781082153,0.05910324677824974,0.9354633092880249,0.04591399431228638,-0.4042544960975647,0.029990341514348984
2024,10.0,1,1.4619871377944946,0.08531387895345688,0.8082284331321716,0.05134684219956398,-0.25913265347480774,0.020899226889014244
2024,10.0,2,1.4099276065826416,0.05585351958870888,0.7590154409408569,0.03866070881485939,-0.09536971896886826,0.025505758821964264
2024,10.0,3,1.349818229675293,0.12299403548240662,0.7056159377098083,0.06213659420609474,-0.024317795410752296,-0.009311099536716938
2024,10.0,4,1.4523676633834839,0.19818949699401855,0.716789960861206,0.09114193171262741,-0.06919544190168381,-0.04216764494776726
2024,10.0,5,2.109753370285034,0.13601483404636383,1.2022910118103027,0.07198618352413177,-0.520305335521698,0.027558038011193275
2024,10.0,6,1.0357770919799805,0.14353834092617035,0.5948445796966553,0.06800876557826996,0.12829454243183136,-0.0165622066706419
2024,10.0,7,1.796223759651184,0.07451557368040085,0.9529751539230347,0.047525085508823395,-0.3144327998161316,0.026737993583083153
2024,10.0,8,1.1928268671035767,0.1578097641468048,0.7506953477859497,0.07655853033065796,0.05255098268389702,-0.03787776827812195
2024,10.0,9,2.1451802253723145,0.10446048527956009,1.1111876964569092,0.05821956694126129,-0.44684603810310364,0.022786306217312813
2024,10.0,10,1.0066394805908203,0.09502235054969788,0.5645561218261719,0.04614482820034027,0.03003925085067749,0.007681430317461491
2024,10.0,11,1.3382123708724976,0.09138161689043045,0.8467210531234741,0.05187833681702614,-0.12166451662778854,0.012728251516819
2024,10.0,12,1.3486647605895996,0.1414080113172531,0.7414407134056091,0.06661270558834076,-0.09598022699356079,-0.019132262095808983
2024,10.0,13,1.729077935218811,0.1551966518163681,0.9476121068000793,0.0821123719215393,-0.3127855062484741,-0.011714580468833447
2024,10.0,14,1.3706456422805786,0.18025241792201996,0.7613102197647095,0.10043694823980331,-0.0034278156235814095,-0.06455262750387192
2024,10.0,15,1.735664963722229,0.10392285138368607,1.1002533435821533,0.05867800861597061,-0.5593767762184143,0.023765886202454567
2024,10.0,16,1.1755378246307373,0.12810400128364563,0.6508870720863342,0.06658059358596802,-0.016434699296951294,-0.011392236687242985
2024,10.0,17,1.2893794775009155,0.07866554707288742,0.7080228924751282,0.045606233179569244,-0.04356665164232254,0.011126596480607986
2024,10.0,18,1.0294350385665894,0.08525045216083527,0.6161760687828064,0.048726096749305725,0.14057303965091705,0.008779964409768581
2024,10.0,19,1.8324744701385498,0.12623780965805054,1.151695728302002,0.06593776494264603,-0.5471401810646057,0.012118459679186344
2024,10.0,20,0.9747902154922485,0.09401344507932663,0.5692224502563477,0.04357515275478363,0.13317181169986725,0.011049263179302216
2024,10.0,21,1.4281810522079468,0.10898785293102264,0.8228771686553955,0.05898188427090645,-0.23788224160671234,0.013498472049832344
2024,10.0,22,1.6250462532043457,0.10230220854282379,0.9393900632858276,0.0625351145863533,-0.3439430594444275,0.03826969861984253
2024,10.0,23,1.304844856262207,0.17396187782287598,0.7467538118362427,0.08386022597551346,-0.14298540353775024,-0.02287159487605095
2024,10.0,24,1.4782484769821167,0.0933438166975975,0.7278278470039368,0.052752744406461716,-0.06673583388328552,0.006541693117469549
2024,10.0,25,1.1078104972839355,0.16146205365657806,0.668114185333252,0.08028464019298553,0.16182710230350494,-0.04130425676703453
2024,10.0,26,1.4540830850601196,0.191536545753479,0.7336410284042358,0.09594529867172241,-0.1439075917005539,-0.052258528769016266
2024,10.0,27,1.2858242988586426,0.13111454248428345,0.8140571117401123,0.06677063554525375,0.008688203990459442,-0.003843905869871378
2024,10.0,28,1.6689319610595703,0.07746291905641556,0.8710395097732544,0.04392525181174278,-0.20196591317653656,0.02996484376490116
2024,10.0,29,0.928889811038971,0.11648399382829666,0.581889271736145,0.054759662598371506,0.18421652913093567,-0.003672865452244878
2024,10.0,30,1.3456692695617676,0.15326522290706635,0.7348873615264893,0.082424096763134,0.002522854134440422,-0.04101739078760147
2024,10.0,31,1.4080864191055298,0.07335017621517181,0.7124847173690796,0.04644019901752472,-0.05913573503494263,0.007797205355018377
2024,10.0,32,1.475183129310608,0.13746358454227448,0.7795703411102295,0.07688689976930618,-0.13714055716991425,-0.014901462942361832
2024,10.0,33,1.5577998161315918,0.11578720062971115,0.8349399566650391,0.056161507964134216,-0.28598594665527344,0.01410436350852251
2024,10.0,34,1.3881175518035889,0.10390058159828186,0.7949826717376709,0.057930853217840195,0.0006258916691876948,0.01576485112309456
2024,10.0,35,1.538309097290039,0.18265657126903534,0.8598958849906921,0.087727390229702,-0.2868092954158783,-0.03413911908864975
2024,10.0,36,1.4995208978652954,0.11245164275169373,0.7160786390304565,0.06044512987136841,-0.12382777035236359,-0.0024034774396568537
2024,10.0,37,1.4879122972488403,0.0619632788002491,0.8310391902923584,0.044993266463279724,-0.21011967957019806,0.03354012966156006
2024,10.0,38,1.3491474390029907,0.18713799118995667,0.6970921754837036,0.08546242117881775,-0.06727872788906097,-0.041306622326374054
2024,10.0,39,1.3919928073883057,0.10332328826189041,0.69416344165802,0.05657518282532692,-0.15233050286769867,0.007067970000207424
2024,5.0,0,1.9891935586929321,0.06490325182676315,1.0994991064071655,0.05179295688867569,-0.526046633720398,0.03747372701764107
2024,5.0,1,1.6005911827087402,0.08573637902736664,0.8792216181755066,0.05550030246376991,-0.23022162914276123,0.027684761211276054
2024,5.0,2,1.4891393184661865,0.05862870439887047,0.7074733376502991,0.044079262763261795,-0.12794186174869537,0.03232235461473465
2024,5.0,3,1.4487277269363403,0.12262719869613647,0.7152088284492493,0.06346675008535385,0.08662553131580353,-0.004156438168138266
2024,5.0,4,1.3959089517593384,0.19827912747859955,0.6321701407432556,0.09469391405582428,-0.005578618496656418,-0.03629974648356438
2024,5.0,5,2.4740591049194336,0.14210890233516693,1.3369836807250977,0.08013945072889328,-0.5969998836517334,0.03728901222348213
2024,5.0,6,0.9660691618919373,0.14314892888069153,0.5389113426208496,0.07178989797830582,0.17998450994491577,-0.010341327637434006
2024,5.0,7,1.9387519359588623,0.08131767064332962,0.9580113887786865,0.05424599349498749,-0.2920304834842682,0.035474102944135666
2024,5.0,8,1.2041447162628174,0.15789523720741272,0.7070046067237854,0.07915561646223068,0.02362821437418461,-0.031140927225351334
2024,5.0,9,2.5591206550598145,0.10906891524791718,1.241770625114441,0.06565885990858078,-0.6168837547302246,0.031184449791908264
2024,5.0,10,0.798124372959137,0.09532710909843445,0.4741317629814148,0.049352966248989105,0.11197548359632492,0.013557692058384418
2024,5.0,11,1.5122376680374146,0.09583467245101929,0.8493283987045288,0.06009073182940483,-0.19617943465709686,0.022661184892058372
2024,5.0,12,1.395062804222107,0.14067530632019043,0.697818398475647,0.07049767673015594,-0.026879139244556427,-0.012829527258872986
2024,5.0,13,2.0468671321868896,0.1583920121192932,1.124993920326233,0.08979467302560806,-0.3676552176475525,-0.001626122510060668
2024,5.0,14,1.5339453220367432,0.17970989644527435,0.7825338244438171,0.10219220817089081,0.03962431475520134,-0.05831651762127876
2024,5.0,15,2.2635653018951416,0.11018725484609604,1.3650577068328857,0.0690421462059021,-0.8038010597229004,0.03639747574925423
2024,5.0,16,1.09977126121521,0.12888137996196747,0.6008990406990051,0.06978704035282135,0.055551040917634964,-0.005854514427483082
2024,5.0,17,1.2237635850906372,0.07975023239850998,0.6317345499992371,0.04996493086218834,-0.009880592115223408,0.017492901533842087
2024,5.0,18,0.9288780689239502,0.08467526733875275,0.5571762323379517,0.052449073642492294,0.20304079353809357,0.014898545108735561
2024,5.0,19,2.3878138065338135,0.13245461881160736,1.3800244331359863,0.07581371068954468,-0.7507094144821167,0.02368040382862091
2024,5.0,20,0.7859430313110352,0.09553175419569016,0.5039375424385071,0.049248941242694855,0.2304779589176178,0.01825011894106865
2024,5.0,21,1.897161602973938,0.11199192702770233,1.1204438209533691,0.06608662754297256,-0.394226998090744,0.025297675281763077
2024,5.0,22,1.717057704925537,0.10480238497257233,0.9370591044425964,0.06628882884979248,-0.21473437547683716,0.04316394031047821
2024,5.0,23,1.4499599933624268,0.17244236171245575,0.7960015535354614,0.08553139120340347,-0.02710515819489956,-0.01672208495438099
2024,5.0,24,1.4993115663528442,0.09386855363845825,0.6856417059898376,0.056837037205696106,-0.04508091136813164,0.012986448593437672
2024,5.0,25,1.0227346420288086,0.16086658835411072,0.5952561497688293,0.08361616730690002,0.21700920164585114,-0.0341794528067112
2024,5.0,26,1.5217406749725342,0.19071325659751892,0.714321494102478,0.09828205406665802,-0.06576928496360779,-0.04656723886728287
2024,5.0,27,1.1806062459945679,0.13263124227523804,0.745865523815155,0.0709635391831398,0.07161027938127518,0.003113259794190526
2024,5.0,28,1.8813862800598145,0.0816432535648346,0.8641505837440491,0.0501512810587883,-0.2106732428073883,0.037402600049972534
2024,5.0,29,0.7015094757080078,0.11689241975545883,0.4849582314491272,0.05914410576224327,0.2738393247127533,0.0026497142389416695
2024,5.0,30,1.4051837921142578,0.15363822877407074,0.7372796535491943,0.08437010645866394,0.0882602408528328,-0.03514060378074646
2024,5.0,31,1.5057746171951294,0.07650632411241531,0.6714233756065369,0.05131969973444939,-0.05037447065114975,0.01594800129532814
2024,5.0,32,1.5605998039245605,0.13907292485237122,0.755986213684082,0.07981571555137634,-0.09815522283315659,-0.008913662284612656
2024,5.0,33,1.7770894765853882,0.11863294988870621,0.9178780913352966,0.06251209229230881,-0.3448905050754547,0.021864084526896477
2024,5.0,34,1.450730562210083,0.10686880350112915,0.7638317942619324,0.061970632523298264,0.00854167714715004,0.022038893774151802
2024,5.0,35,1.9828776121139526,0.1840134710073471,1.0471124649047852,0.09343121200799942,-0.39843621850013733,-0.025488195940852165
2024,5.0,36,1.4770781993865967,0.11363660544157028,0.6366028189659119,0.06411329656839371,-0.07151651382446289,0.004379553720355034
2024,5.0,37,1.7682268619537354,0.07116705179214478,0.8876055479049683,0.052231937646865845,-0.2274150401353836,0.04225664585828781
2024,5.0,38,1.4268152713775635,0.18770790100097656,0.6396499872207642,0.0895455926656723,-0.056816667318344116,-0.03456440567970276
2024,5.0,39,1.4003936052322388,0.10315745323896408,0.6607670187950134,0.058499597012996674,-0.1024194061756134,0.012594432570040226
