model,seed,snr,ATT_bin,cbf_rmse,att_rmse
alpha_0.00,42,inf,1.5-2.0,2.837086243641171,0.2571190986454396
alpha_0.00,42,inf,2.5-3.0,3.200691871961045,0.1997442712824724
alpha_0.00,42,inf,1.0-1.5,3.8000509221340435,0.2879425113492564
alpha_0.00,42,inf,2.0-2.5,2.1682951238841603,0.10394606634034992
alpha_0.00,42,inf,0.5-1.0,3.334670193218797,0.3364102026651758
alpha_0.25,42,inf,1.5-2.0,2.6302631824722567,0.2751539900278451
alpha_0.25,42,inf,2.5-3.0,2.980306690507974,0.13175121015754096
alpha_0.25,42,inf,1.0-1.5,3.560951200203568,0.30756907549483664
alpha_0.25,42,inf,2.0-2.5,2.085789131529308,0.039459724672091974
alpha_0.25,42,inf,0.5-1.0,3.9662904816505,0.37156241789879496
alpha_0.50,42,inf,1.5-2.0,2.467553369162407,0.23633104891589218
alpha_0.50,42,inf,2.5-3.0,1.8765207375297808,0.16463205377031506
alpha_0.50,42,inf,1.0-1.5,2.9138126855592765,0.2593166699872488
alpha_0.50,42,inf,2.0-2.5,2.7826522662652597,0.06366105122071537
alpha_0.50,42,inf,0.5-1.0,4.71770745300612,0.3940103011280884
alpha_0.75,42,inf,1.5-2.0,2.559580448276919,0.28206430712428915
alpha_0.75,42,inf,2.5-3.0,3.5692376328790267,0.17653700223731786
alpha_0.75,42,inf,1.0-1.5,3.4923621660256567,0.3027691597552232
alpha_0.75,42,inf,2.0-2.5,1.761823857121576,0.08990113721714897
alpha_0.75,42,inf,0.5-1.0,3.6091679313671996,0.3275960780967626
alpha_1.00,42,inf,1.5-2.0,2.4732650177826194,0.2668284095330821
alpha_1.00,42,inf,2.5-3.0,3.067520875375049,0.2590271693591346
alpha_1.00,42,inf,1.0-1.5,3.0874500676504835,0.29106173193732277
alpha_1.00,42,inf,2.0-2.5,2.223724033405595,0.1379173378022428
alpha_1.00,42,inf,0.5-1.0,4.304582170424426,0.31392515670075144
Adaptive,42,inf,1.5-2.0,2.1415103415017738,0.22613434695725684
Adaptive,42,inf,2.5-3.0,1.878627418820194,0.14433390035108185
Adaptive,42,inf,1.0-1.5,2.839021591111562,0.2803542751918859
Adaptive,42,inf,2.0-2.5,1.6188511506514762,0.04375816873495843
Adaptive,42,inf,0.5-1.0,4.604433164092469,0.40031021941592876
alpha_0.00,42,50.0,1.5-2.0,2.847725455336914,0.25871073959314594
alpha_0.00,42,50.0,2.5-3.0,3.364031698358199,0.2064960214400779
alpha_0.00,42,50.0,1.0-1.5,3.7888858209624083,0.29140678494651906
alpha_0.00,42,50.0,2.0-2.5,2.252882263135085,0.1198696796461936
alpha_0.00,42,50.0,0.5-1.0,3.374957735308432,0.36353517185522394
alpha_0.25,42,50.0,1.5-2.0,2.64930136608428,0.2832917905270321
alpha_0.25,42,50.0,2.5-3.0,3.1702699699747297,0.14200536992690266
alpha_0.25,42,50.0,1.0-1.5,3.564910423956243,0.3162682726117506
alpha_0.25,42,50.0,2.0-2.5,2.1737466919741073,0.07085036564020056
alpha_0.25,42,50.0,0.5-1.0,3.9937416156619134,0.40331636497968787
alpha_0.50,42,50.0,1.5-2.0,2.492073722127046,0.24384228468175462
alpha_0.50,42,50.0,2.5-3.0,2.0916239342587777,0.1716663708733583
alpha_0.50,42,50.0,1.0-1.5,2.9286545691340513,0.26853536670562617
alpha_0.50,42,50.0,2.0-2.5,2.80558910074771,0.08365216353203743
alpha_0.50,42,50.0,0.5-1.0,4.729696774913093,0.4200748406441014
alpha_0.75,42,50.0,1.5-2.0,2.564892562681778,0.2869918398001556
alpha_0.75,42,50.0,2.5-3.0,3.692035736567156,0.18644002746234198
alpha_0.75,42,50.0,1.0-1.5,3.4853899405088065,0.30792019555189565
alpha_0.75,42,50.0,2.0-2.5,1.8267012672084597,0.11083778174972625
alpha_0.75,42,50.0,0.5-1.0,3.632093286520878,0.3576477970539752
alpha_1.00,42,50.0,1.5-2.0,2.4971213245113577,0.26854767897858767
alpha_1.00,42,50.0,2.5-3.0,3.2167268439550893,0.26348707619529765
alpha_1.00,42,50.0,1.0-1.5,3.078475986765022,0.2910761803588429
alpha_1.00,42,50.0,2.0-2.5,2.3141244902269738,0.14582866855824872
alpha_1.00,42,50.0,0.5-1.0,4.345531661211128,0.3396282719965694
Adaptive,42,50.0,1.5-2.0,2.1744370206612293,0.2362416557735861
Adaptive,42,50.0,2.5-3.0,2.1216489909442813,0.15029620859782764
Adaptive,42,50.0,1.0-1.5,2.8506126891544517,0.29247291124887714
Adaptive,42,50.0,2.0-2.5,1.7243698929868971,0.06237523650677273
Adaptive,42,50.0,0.5-1.0,4.6245736418302865,0.4352096434276991
alpha_0.00,42,20.0,1.5-2.0,2.981834898736498,0.2758646448230305
alpha_0.00,42,20.0,2.5-3.0,4.1463488881064015,0.22370207378345205
alpha_0.00,42,20.0,1.0-1.5,3.802493513550768,0.3084934958148518
alpha_0.00,42,20.0,2.0-2.5,2.671315423984801,0.16417009854352382
alpha_0.00,42,20.0,0.5-1.0,3.6056648040519064,0.4486130040361288
alpha_0.25,42,20.0,1.5-2.0,2.7991431151684902,0.30746062768576193
alpha_0.25,42,20.0,2.5-3.0,4.064761434029208,0.17719892196622028
alpha_0.25,42,20.0,1.0-1.5,3.60549940118324,0.33492419867484285
alpha_0.25,42,20.0,2.0-2.5,2.6462388311825618,0.13882982948324663
alpha_0.25,42,20.0,0.5-1.0,4.182209969540806,0.47785388713216864
alpha_0.50,42,20.0,1.5-2.0,2.6761542642055742,0.27199005909611956
alpha_0.50,42,20.0,2.5-3.0,3.0711626667041045,0.1921282690505304
alpha_0.50,42,20.0,1.0-1.5,3.061447565407009,0.2980076780246411
alpha_0.50,42,20.0,2.0-2.5,3.0874544561346773,0.13612472117781585
alpha_0.50,42,20.0,0.5-1.0,4.872042561027561,0.49341227895872
alpha_0.75,42,20.0,1.5-2.0,2.713163747668447,0.3077452309812479
alpha_0.75,42,20.0,2.5-3.0,4.329031984166841,0.21717255270937463
alpha_0.75,42,20.0,1.0-1.5,3.5167062401644356,0.3243478518029584
alpha_0.75,42,20.0,2.0-2.5,2.259627986137276,0.17003199058327007
alpha_0.75,42,20.0,0.5-1.0,3.825897603123701,0.43727984012687077
alpha_1.00,42,20.0,1.5-2.0,2.6347631305114754,0.28430781123800225
alpha_1.00,42,20.0,2.5-3.0,3.9591662440652815,0.2755418673879938
alpha_1.00,42,20.0,1.0-1.5,3.1128450119875404,0.2982943681967956
alpha_1.00,42,20.0,2.0-2.5,2.7154935684059587,0.17963768267679855
alpha_1.00,42,20.0,0.5-1.0,4.536491649298106,0.41975850622636346
Adaptive,42,20.0,1.5-2.0,2.3914015134192943,0.2650133905244838
Adaptive,42,20.0,2.5-3.0,3.153321999445366,0.17782241139732596
Adaptive,42,20.0,1.0-1.5,2.980554855374966,0.3229347528341196
Adaptive,42,20.0,2.0-2.5,2.256895976994352,0.11849065388148756
Adaptive,42,20.0,0.5-1.0,4.78130529865957,0.5134794752708483
alpha_0.00,42,15.0,1.5-2.0,3.1218054966999187,0.2885217679496211
alpha_0.00,42,15.0,2.5-3.0,4.736334525415443,0.23851698627200854
alpha_0.00,42,15.0,1.0-1.5,3.8496952577712373,0.32529213252747724
alpha_0.00,42,15.0,2.0-2.5,3.001316556532187,0.1853926902868615
alpha_0.00,42,15.0,0.5-1.0,3.8013865215628764,0.5005460932906122
alpha_0.25,42,15.0,1.5-2.0,2.9545575721974284,0.31869205488949776
alpha_0.25,42,15.0,2.5-3.0,4.699854974583122,0.2024437520302942
alpha_0.25,42,15.0,1.0-1.5,3.6671593142685754,0.34622351232951926
alpha_0.25,42,15.0,2.0-2.5,2.9955260306763756,0.16919014590471032
alpha_0.25,42,15.0,0.5-1.0,4.3525925501050455,0.5181993784671464
alpha_0.50,42,15.0,1.5-2.0,2.864482513285228,0.28748836060553334
alpha_0.50,42,15.0,2.5-3.0,3.7583168445270645,0.20850700991404775
alpha_0.50,42,15.0,1.0-1.5,3.199023445483473,0.3187179931541337
alpha_0.50,42,15.0,2.0-2.5,3.3721928458400665,0.162292578491087
alpha_0.50,42,15.0,0.5-1.0,5.001184917312748,0.538283655518228
alpha_0.75,42,15.0,1.5-2.0,2.8768202213521064,0.31964688819095416
alpha_0.75,42,15.0,2.5-3.0,4.827716791004083,0.2413475693893354
alpha_0.75,42,15.0,1.0-1.5,3.5768737083891553,0.33594019860288604
alpha_0.75,42,15.0,2.0-2.5,2.6209793606499345,0.19940994633932893
alpha_0.75,42,15.0,0.5-1.0,3.9999337387142506,0.48289565426499764
alpha_1.00,42,15.0,1.5-2.0,2.781229725053087,0.29648983331607387
alpha_1.00,42,15.0,2.5-3.0,4.524241609344916,0.2881071286029249
alpha_1.00,42,15.0,1.0-1.5,3.176160736912766,0.3095330738219727
alpha_1.00,42,15.0,2.0-2.5,3.038341895266318,0.1999849331746088
alpha_1.00,42,15.0,0.5-1.0,4.685395967855849,0.4707024027849648
Adaptive,42,15.0,1.5-2.0,2.5920872626404696,0.2790088749396884
Adaptive,42,15.0,2.5-3.0,3.857517465854124,0.19613154857162063
Adaptive,42,15.0,1.0-1.5,3.111306149702161,0.3413051497723321
Adaptive,42,15.0,2.0-2.5,2.6543427137856836,0.14748051390961472
Adaptive,42,15.0,0.5-1.0,4.916889381417141,0.555905652546003
alpha_0.00,42,10.0,1.5-2.0,3.54849576040661,0.31425457441596527
alpha_0.00,42,10.0,2.5-3.0,5.969078591620406,0.27741048023262216
alpha_0.00,42,10.0,1.0-1.5,4.06476025186779,0.3664028401136519
alpha_0.00,42,10.0,2.0-2.5,3.790049983940953,0.21987424007900788
alpha_0.00,42,10.0,0.5-1.0,4.276323453458987,0.5904804290823036
alpha_0.25,42,10.0,1.5-2.0,3.3989108102100136,0.3397032282033965
alpha_0.25,42,10.0,2.5-3.0,5.951264515527574,0.2605275720872952
alpha_0.25,42,10.0,1.0-1.5,3.901545815602427,0.37311172602994197
alpha_0.25,42,10.0,2.0-2.5,3.798554173909507,0.2162423773336152
alpha_0.25,42,10.0,0.5-1.0,4.7822695680029526,0.5915169234778587
alpha_0.50,42,10.0,1.5-2.0,3.4246362745626304,0.31574690198730493
alpha_0.50,42,10.0,2.5-3.0,5.213585011074488,0.2512072207390981
alpha_0.50,42,10.0,1.0-1.5,3.6028524958427326,0.36453061567010314
alpha_0.50,42,10.0,2.0-2.5,4.169663024531472,0.20589003358323982
alpha_0.50,42,10.0,0.5-1.0,5.327246024032904,0.6203684171107586
alpha_0.75,42,10.0,1.5-2.0,3.372394033968758,0.33994040898259664
alpha_0.75,42,10.0,2.5-3.0,5.922291157389239,0.2981209723961193
alpha_0.75,42,10.0,1.0-1.5,3.826093887912986,0.36470243382414635
alpha_0.75,42,10.0,2.0-2.5,3.4761848879530337,0.2458605379302839
alpha_0.75,42,10.0,0.5-1.0,4.443098247472433,0.5630867326047304
alpha_1.00,42,10.0,1.5-2.0,3.2443458101930753,0.3194968788174832
alpha_1.00,42,10.0,2.5-3.0,5.747943897004126,0.322460121145667
alpha_1.00,42,10.0,1.0-1.5,3.438829214579164,0.34275628012407106
alpha_1.00,42,10.0,2.0-2.5,3.8349902504455935,0.23682434393650972
alpha_1.00,42,10.0,0.5-1.0,5.036183251848995,0.5649855256828844
Adaptive,42,10.0,1.5-2.0,3.1557230880230756,0.30637643196258374
Adaptive,42,10.0,2.5-3.0,5.286521766160304,0.23986369666889493
Adaptive,42,10.0,1.0-1.5,3.4914543672565634,0.3776348074708517
Adaptive,42,10.0,2.0-2.5,3.5912028902545976,0.19292391489172048
Adaptive,42,10.0,0.5-1.0,5.2724268887191625,0.6310121592825421
alpha_0.00,42,5.0,1.5-2.0,6.373025467335289,0.38680597007570466
alpha_0.00,42,5.0,2.5-3.0,9.622625054807164,0.381992488982046
alpha_0.00,42,5.0,1.0-1.5,5.958988892140546,0.47738183096682557
alpha_0.00,42,5.0,2.0-2.5,7.281395290558981,0.29961012515218177
alpha_0.00,42,5.0,0.5-1.0,6.4303556605527055,0.771085548224144
alpha_0.25,42,5.0,1.5-2.0,6.152079094960767,0.40047092557454794
alpha_0.25,42,5.0,2.5-3.0,9.445572577176756,0.3995214654273185
alpha_0.25,42,5.0,1.0-1.5,5.972196408381683,0.4680923201735948
alpha_0.25,42,5.0,2.0-2.5,7.126855136974171,0.3117633128041232
alpha_0.25,42,5.0,0.5-1.0,6.958659230718524,0.7581565482315133
alpha_0.50,42,5.0,1.5-2.0,6.94615458888488,0.3940663706895509
alpha_0.50,42,5.0,2.5-3.0,9.90400413186023,0.3728282251722064
alpha_0.50,42,5.0,1.0-1.5,6.341165568529769,0.48024212066544475
alpha_0.50,42,5.0,2.0-2.5,8.126262894524627,0.29805991070128196
alpha_0.50,42,5.0,0.5-1.0,7.506753154261888,0.7873319800719455
alpha_0.75,42,5.0,1.5-2.0,6.451958425605881,0.3948035770254565
alpha_0.75,42,5.0,2.5-3.0,9.553939023378977,0.4326299445843139
alpha_0.75,42,5.0,1.0-1.5,6.14359186442629,0.4520432345511277
alpha_0.75,42,5.0,2.0-2.5,7.228264075383418,0.33269807196867696
alpha_0.75,42,5.0,0.5-1.0,6.864719494133816,0.7294131370034361
alpha_1.00,42,5.0,1.5-2.0,6.349520773761321,0.3754742799636238
alpha_1.00,42,5.0,2.5-3.0,9.673347779839583,0.42356614693023475
alpha_1.00,42,5.0,1.0-1.5,5.813316404084448,0.440500095909804
alpha_1.00,42,5.0,2.0-2.5,7.504291821127702,0.3126904129531395
alpha_1.00,42,5.0,0.5-1.0,7.14194002512933,0.7532724965304587
Adaptive,42,5.0,1.5-2.0,6.389390429749549,0.3882102590101687
Adaptive,42,5.0,2.5-3.0,9.308076596090674,0.35431921771054803
Adaptive,42,5.0,1.0-1.5,5.963573875628447,0.48956357585928995
Adaptive,42,5.0,2.0-2.5,7.486081938234336,0.28490959111785225
Adaptive,42,5.0,0.5-1.0,7.3372143373419485,0.7992751562484355
alpha_0.00,123,inf,1.5-2.0,2.801404220238433,0.25491103751774974
alpha_0.00,123,inf,2.5-3.0,1.6121047414924121,0.24053767588543076
alpha_0.00,123,inf,1.0-1.5,4.036419703584975,0.2776146276230015
alpha_0.00,123,inf,2.0-2.5,1.1026953333724003,0.13508354644534748
alpha_0.00,123,inf,0.5-1.0,3.076045101281072,0.33787023450422904
alpha_0.25,123,inf,1.5-2.0,2.0636769883298607,0.2043004494946711
alpha_0.25,123,inf,2.5-3.0,3.073894730549151,0.09016924513662346
alpha_0.25,123,inf,1.0-1.5,2.3975931470096605,0.2742508145689071
alpha_0.25,123,inf,2.0-2.5,1.8389746294025808,0.05253277945316403
alpha_0.25,123,inf,0.5-1.0,5.096189438477385,0.4527501807477467
alpha_0.50,123,inf,1.5-2.0,2.553963389869943,0.3007412530230312
alpha_0.50,123,inf,2.5-3.0,1.2861203069506417,0.2356377744849351
alpha_0.50,123,inf,1.0-1.5,3.5936304973145043,0.2841685941362065
alpha_0.50,123,inf,2.0-2.5,0.9905788949122611,0.14163137344903873
alpha_0.50,123,inf,0.5-1.0,3.4878320864918413,0.3244412446996827
alpha_0.75,123,inf,1.5-2.0,2.823933933192008,0.2512451441596329
alpha_0.75,123,inf,2.5-3.0,2.0609418631366934,0.16249157601013253
alpha_0.75,123,inf,1.0-1.5,3.906991478170518,0.3085061745863364
alpha_0.75,123,inf,2.0-2.5,1.462927598962791,0.05807296232517049
alpha_0.75,123,inf,0.5-1.0,3.2994091161735257,0.4026752830411902
alpha_1.00,123,inf,1.5-2.0,2.4521106917480666,0.23581843898782945
alpha_1.00,123,inf,2.5-3.0,1.4722678008880594,0.18497212688090842
alpha_1.00,123,inf,1.0-1.5,3.4467036820280303,0.25789264801805206
alpha_1.00,123,inf,2.0-2.5,1.2405477530925286,0.08919790771767223
alpha_1.00,123,inf,0.5-1.0,3.965202480645347,0.38984527732814794
Adaptive,123,inf,1.5-2.0,2.353853149406422,0.25257485494244786
Adaptive,123,inf,2.5-3.0,2.7990493577056306,0.2491608330288976
Adaptive,123,inf,1.0-1.5,2.619313630098593,0.22907123559824408
Adaptive,123,inf,2.0-2.5,2.489665718110884,0.13008475948653261
Adaptive,123,inf,0.5-1.0,4.778138098110076,0.40641375480393815
alpha_0.00,123,50.0,1.5-2.0,2.8273030755493425,0.2554448473569591
alpha_0.00,123,50.0,2.5-3.0,1.8833479196233827,0.2478564903761663
alpha_0.00,123,50.0,1.0-1.5,4.021164536451677,0.27928142705937925
alpha_0.00,123,50.0,2.0-2.5,1.292199675638429,0.1436613127653592
alpha_0.00,123,50.0,0.5-1.0,3.1125916446515127,0.3636840215956186
alpha_0.25,123,50.0,1.5-2.0,2.129081021936632,0.21811076105895047
alpha_0.25,123,50.0,2.5-3.0,3.250166665796991,0.1013603160687965
alpha_0.25,123,50.0,1.0-1.5,2.432174514994908,0.2901707913660522
alpha_0.25,123,50.0,2.0-2.5,1.9989587197245866,0.07332305907828854
alpha_0.25,123,50.0,0.5-1.0,5.1349690447777645,0.4861351154181261
alpha_0.50,123,50.0,1.5-2.0,2.5815829221860938,0.3001952139806981
alpha_0.50,123,50.0,2.5-3.0,1.6358567725170845,0.24379852311059985
alpha_0.50,123,50.0,1.0-1.5,3.585522540765511,0.2852309007583467
alpha_0.50,123,50.0,2.0-2.5,1.1778877123416027,0.1549175212064489
alpha_0.50,123,50.0,0.5-1.0,3.5196050555891434,0.3446473918398728
alpha_0.75,123,50.0,1.5-2.0,2.8450783033724742,0.25622936474538277
alpha_0.75,123,50.0,2.5-3.0,2.266601371707223,0.17068410542626375
alpha_0.75,123,50.0,1.0-1.5,3.878921776538015,0.3141482868192672
alpha_0.75,123,50.0,2.0-2.5,1.5795771786710235,0.07356688259708434
alpha_0.75,123,50.0,0.5-1.0,3.3496241354275393,0.4277214406319929
alpha_1.00,123,50.0,1.5-2.0,2.4908275404078024,0.23892584237269915
alpha_1.00,123,50.0,2.5-3.0,1.7409786948442412,0.1954236564888308
alpha_1.00,123,50.0,1.0-1.5,3.435406094236973,0.2645746313456368
alpha_1.00,123,50.0,2.0-2.5,1.3765837447398237,0.10516276549308241
alpha_1.00,123,50.0,0.5-1.0,3.991754490818307,0.4110900889096884
Adaptive,123,50.0,1.5-2.0,2.4096867210094493,0.25233004731311565
Adaptive,123,50.0,2.5-3.0,2.9270954827058557,0.25452694966184947
Adaptive,123,50.0,1.0-1.5,2.627521596744465,0.23495266036827592
Adaptive,123,50.0,2.0-2.5,2.525715650795765,0.13849469208536144
Adaptive,123,50.0,0.5-1.0,4.78781907414145,0.4232465145739712
alpha_0.00,123,20.0,1.5-2.0,3.0161767113072018,0.2688049184158698
alpha_0.00,123,20.0,2.5-3.0,3.0121438438493415,0.26874114056893417
alpha_0.00,123,20.0,1.0-1.5,4.0445163117239185,0.2879002911964409
alpha_0.00,123,20.0,2.0-2.5,2.056812906252435,0.17622316126247248
alpha_0.00,123,20.0,0.5-1.0,3.362005281406234,0.43580025018723645
alpha_0.25,123,20.0,1.5-2.0,2.412029250629066,0.25723339249215116
alpha_0.25,123,20.0,2.5-3.0,4.089050672768617,0.13912275755465672
alpha_0.25,123,20.0,1.0-1.5,2.6845743058003655,0.3267192393575274
alpha_0.25,123,20.0,2.0-2.5,2.5942343752089716,0.12807357922388668
alpha_0.25,123,20.0,0.5-1.0,5.384538646071894,0.5606037367659477
alpha_0.50,123,20.0,1.5-2.0,2.7640842866612263,0.3095422999291411
alpha_0.50,123,20.0,2.5-3.0,2.9027006091068803,0.26229890918047344
alpha_0.50,123,20.0,1.0-1.5,3.628315569169033,0.29348080182056124
alpha_0.50,123,20.0,2.0-2.5,1.983484879956426,0.1974531083271817
alpha_0.50,123,20.0,0.5-1.0,3.7353762004186852,0.41203639507622486
alpha_0.75,123,20.0,1.5-2.0,2.958964687107121,0.2764912298732206
alpha_0.75,123,20.0,2.5-3.0,3.1764130017739687,0.19622466826076448
alpha_0.75,123,20.0,1.0-1.5,3.8365372662297754,0.32818729839347305
alpha_0.75,123,20.0,2.0-2.5,2.1817139674151744,0.12298765769334788
alpha_0.75,123,20.0,0.5-1.0,3.595273739610191,0.49139426992011703
alpha_1.00,123,20.0,1.5-2.0,2.691764328921429,0.2591086738382049
alpha_1.00,123,20.0,2.5-3.0,2.859449064232957,0.22184484722423126
alpha_1.00,123,20.0,1.0-1.5,3.465839430395912,0.28636965523624763
alpha_1.00,123,20.0,2.0-2.5,2.031631633516856,0.15294591567375876
alpha_1.00,123,20.0,0.5-1.0,4.202142155201906,0.4727821660507988
Adaptive,123,20.0,1.5-2.0,2.6218519356810814,0.26184104607228254
Adaptive,123,20.0,2.5-3.0,3.6371821622465057,0.26757244236576183
Adaptive,123,20.0,1.0-1.5,2.756680174975518,0.25763919423672227
Adaptive,123,20.0,2.0-2.5,2.8323217446267455,0.167732674841757
Adaptive,123,20.0,0.5-1.0,4.901541511319059,0.4773677237460904
alpha_0.00,123,15.0,1.5-2.0,3.213537107973266,0.2799240470764645
alpha_0.00,123,15.0,2.5-3.0,3.7668998312479296,0.28369437019819277
alpha_0.00,123,15.0,1.0-1.5,4.110790376459796,0.2975184132624096
alpha_0.00,123,15.0,2.0-2.5,2.580316098349787,0.19584678212133882
alpha_0.00,123,15.0,0.5-1.0,3.585770053625542,0.4804052686062773
alpha_0.25,123,15.0,1.5-2.0,2.647651935376561,0.27675416170494666
alpha_0.25,123,15.0,2.5-3.0,4.699575935274274,0.16155961949900924
alpha_0.25,123,15.0,1.0-1.5,2.915921707741978,0.34733042646736373
alpha_0.25,123,15.0,2.0-2.5,2.989118733920156,0.15500316739777176
alpha_0.25,123,15.0,0.5-1.0,5.58440645773241,0.6000716077734072
alpha_0.50,123,15.0,1.5-2.0,2.9555206275099057,0.31988247288241556
alpha_0.50,123,15.0,2.5-3.0,3.7002274659400136,0.2782594455634097
alpha_0.50,123,15.0,1.0-1.5,3.702592148244488,0.3028569483812748
alpha_0.50,123,15.0,2.0-2.5,2.5254925911419517,0.2196719571080094
alpha_0.50,123,15.0,0.5-1.0,3.9306761257452805,0.4566236729527953
alpha_0.75,123,15.0,1.5-2.0,3.085975644723808,0.2893121455847133
alpha_0.75,123,15.0,2.5-3.0,3.835712168458084,0.21302650283721447
alpha_0.75,123,15.0,1.0-1.5,3.84485199776708,0.3391762673947437
alpha_0.75,123,15.0,2.0-2.5,2.6381763294982825,0.15052130200927838
alpha_0.75,123,15.0,0.5-1.0,3.808454624602393,0.5298588193334018
alpha_1.00,123,15.0,1.5-2.0,2.886176909954274,0.2731699101095899
alpha_1.00,123,15.0,2.5-3.0,3.598303541778086,0.23958104682958256
alpha_1.00,123,15.0,1.0-1.5,3.533815944138864,0.30258697808715285
alpha_1.00,123,15.0,2.0-2.5,2.5204036997713617,0.17873733099641212
alpha_1.00,123,15.0,0.5-1.0,4.402992765886734,0.5123391670938696
Adaptive,123,15.0,1.5-2.0,2.7921057492055343,0.2718939575351562
Adaptive,123,15.0,2.5-3.0,4.19165011432921,0.27836003701825907
Adaptive,123,15.0,1.0-1.5,2.890493406554161,0.2753746862562979
Adaptive,123,15.0,2.0-2.5,3.120947621517479,0.18294068277994413
Adaptive,123,15.0,0.5-1.0,5.00859165002304,0.5147334769226495
alpha_0.00,123,10.0,1.5-2.0,3.773781711455033,0.303319041577445
alpha_0.00,123,10.0,2.5-3.0,5.280794735103282,0.31626912105105204
alpha_0.00,123,10.0,1.0-1.5,4.386126324095031,0.32947285399615966
alpha_0.00,123,10.0,2.0-2.5,3.7029537587315513,0.2310965090763854
alpha_0.00,123,10.0,0.5-1.0,4.1628105036598155,0.56838685500166
alpha_0.25,123,10.0,1.5-2.0,3.206092594753522,0.31148193996316764
alpha_0.25,123,10.0,2.5-3.0,5.946680574572454,0.21070900128010894
alpha_0.25,123,10.0,1.0-1.5,3.4687541187153488,0.38792513192342726
alpha_0.25,123,10.0,2.0-2.5,3.842648181235455,0.19900439941351783
alpha_0.25,123,10.0,0.5-1.0,6.018761096466959,0.6704744134367042
alpha_0.50,123,10.0,1.5-2.0,3.5382740492763047,0.341632021744908
alpha_0.50,123,10.0,2.5-3.0,5.274512469205976,0.3155416875497631
alpha_0.50,123,10.0,1.0-1.5,4.005703431720372,0.3344771461228433
alpha_0.50,123,10.0,2.0-2.5,3.6971353558786166,0.2594459379649296
alpha_0.50,123,10.0,0.5-1.0,4.449110113939142,0.5460036027279578
alpha_0.75,123,10.0,1.5-2.0,3.527255726289724,0.31688256341667714
alpha_0.75,123,10.0,2.5-3.0,5.247463904025881,0.2521395010478695
alpha_0.75,123,10.0,1.0-1.5,4.006726183224196,0.36786008167056233
alpha_0.75,123,10.0,2.0-2.5,3.689496579210342,0.19681983652472998
alpha_0.75,123,10.0,0.5-1.0,4.370446711313817,0.6053942307354598
alpha_1.00,123,10.0,1.5-2.0,3.4691777332364078,0.30184525487603536
alpha_1.00,123,10.0,2.5-3.0,5.1093318401367736,0.27720418198203395
alpha_1.00,123,10.0,1.0-1.5,3.842964199892984,0.34256849067793554
alpha_1.00,123,10.0,2.0-2.5,3.628682149948382,0.22116454972041813
alpha_1.00,123,10.0,0.5-1.0,4.952701980693398,0.5919415305133592
Adaptive,123,10.0,1.5-2.0,3.264585757766785,0.2947951828235486
Adaptive,123,10.0,2.5-3.0,5.42875376998041,0.3046076812903379
Adaptive,123,10.0,1.0-1.5,3.270329424129114,0.3199198031460067
Adaptive,123,10.0,2.0-2.5,3.9262390675456644,0.2106264683628798
Adaptive,123,10.0,0.5-1.0,5.2998277298637895,0.5952304788377207
alpha_0.00,123,5.0,1.5-2.0,7.06634175535473,0.3720348349190389
alpha_0.00,123,5.0,2.5-3.0,9.60052238714063,0.4007829923236119
alpha_0.00,123,5.0,1.0-1.5,6.7574610590883575,0.4504644372978633
alpha_0.00,123,5.0,2.0-2.5,7.797976314391392,0.3077373147613083
alpha_0.00,123,5.0,0.5-1.0,6.953119973596883,0.7691093500447069
alpha_0.25,123,5.0,1.5-2.0,5.952831960373976,0.40067384917713156
alpha_0.25,123,5.0,2.5-3.0,9.491159208815755,0.328088857148838
alpha_0.25,123,5.0,1.0-1.5,5.640183341043288,0.5106432262673588
alpha_0.25,123,5.0,2.0-2.5,7.146229027598897,0.290575215057896
alpha_0.25,123,5.0,0.5-1.0,7.578630731991882,0.8361277840218309
alpha_0.50,123,5.0,1.5-2.0,6.9553107495886195,0.4136857658285383
alpha_0.50,123,5.0,2.5-3.0,9.737642911338273,0.42376740135478674
alpha_0.50,123,5.0,1.0-1.5,6.490714393658179,0.4588454928937976
alpha_0.50,123,5.0,2.0-2.5,7.916361809706198,0.34658063471681155
alpha_0.50,123,5.0,0.5-1.0,7.066817778043696,0.7527545955338052
alpha_0.75,123,5.0,1.5-2.0,6.61559977853454,0.385338913937482
alpha_0.75,123,5.0,2.5-3.0,9.596907519824406,0.3641064320021321
alpha_0.75,123,5.0,1.0-1.5,6.2610967976135035,0.47303307874543316
alpha_0.75,123,5.0,2.0-2.5,7.8112554230707065,0.2874694220061638
alpha_0.75,123,5.0,0.5-1.0,7.132605444022718,0.7842630511291375
alpha_1.00,123,5.0,1.5-2.0,6.972463543024186,0.38977901592040703
alpha_1.00,123,5.0,2.5-3.0,9.788996145132216,0.374846139741332
alpha_1.00,123,5.0,1.0-1.5,6.455304620040836,0.4766515640864321
alpha_1.00,123,5.0,2.0-2.5,7.945170098368335,0.30630733532788434
alpha_1.00,123,5.0,0.5-1.0,7.735155787890146,0.7887796193219665
Adaptive,123,5.0,1.5-2.0,6.66184689171875,0.3646414275697297
Adaptive,123,5.0,2.5-3.0,9.837210348018008,0.3838742033139173
Adaptive,123,5.0,1.0-1.5,5.909754895215824,0.4597846244748794
Adaptive,123,5.0,2.0-2.5,8.03218112067857,0.2755498287356739
Adaptive,123,5.0,0.5-1.0,7.449885056202136,0.7864711379852324
alpha_0.00,2024,inf,1.5-2.0,2.9785639920055407,0.22682981827208426
alpha_0.00,2024,inf,2.5-3.0,2.3371579788690564,0.20565359518386672
alpha_0.00,2024,inf,1.0-1.5,3.5989502677141045,0.23771318626738794
alpha_0.00,2024,inf,2.0-2.5,1.6111884136722896,0.1018788452408821
alpha_0.00,2024,inf,0.5-1.0,4.55677228257568,0.38363258888736607
alpha_0.25,2024,inf,1.5-2.0,2.317508076120076,0.2590949414862754
alpha_0.25,2024,inf,2.5-3.0,3.685163854256552,0.2856141876801516
alpha_0.25,2024,inf,1.0-1.5,2.8960786458601713,0.24823084522730368
alpha_0.25,2024,inf,2.0-2.5,2.2264722096872065,0.16714185761412237
alpha_0.25,2024,inf,0.5-1.0,4.594117706294456,0.34381583167426333
alpha_0.50,2024,inf,1.5-2.0,2.386658326102103,0.18924264547988065
alpha_0.50,2024,inf,2.5-3.0,3.1564104149559618,0.15478045884548008
alpha_0.50,2024,inf,1.0-1.5,3.184036682963752,0.22344045956642192
alpha_0.50,2024,inf,2.0-2.5,2.1609438561872567,0.051001484177697363
alpha_0.50,2024,inf,0.5-1.0,4.050874333739021,0.4646167834387256
alpha_0.75,2024,inf,1.5-2.0,1.9950530986232506,0.19706759266756216
alpha_0.75,2024,inf,2.5-3.0,2.8857330196680895,0.17895985378175908
alpha_0.75,2024,inf,1.0-1.5,2.559435475413641,0.22625407667972952
alpha_0.75,2024,inf,2.0-2.5,1.119220677798276,0.07317842273972369
alpha_0.75,2024,inf,0.5-1.0,4.901769101556687,0.4300016033150332
alpha_1.00,2024,inf,1.5-2.0,2.560344617627127,0.21666441138247694
alpha_1.00,2024,inf,2.5-3.0,2.394560112267653,0.19532080755275869
alpha_1.00,2024,inf,1.0-1.5,3.468851919401788,0.20231663788691362
alpha_1.00,2024,inf,2.0-2.5,1.7736161188877377,0.10016041806836247
alpha_1.00,2024,inf,0.5-1.0,4.04191821130429,0.44866300243309015
Adaptive,2024,inf,1.5-2.0,2.230321846897665,0.18640314612100078
Adaptive,2024,inf,2.5-3.0,1.958084681345299,0.1814854036843763
Adaptive,2024,inf,1.0-1.5,3.0304068487760567,0.23687055732415618
Adaptive,2024,inf,2.0-2.5,1.4551845037934301,0.07002190849033393
Adaptive,2024,inf,0.5-1.0,4.198919942233393,0.4533033012496756
alpha_0.00,2024,50.0,1.5-2.0,2.9696121055897096,0.23043457251559
alpha_0.00,2024,50.0,2.5-3.0,2.547274607744815,0.20764243513026667
alpha_0.00,2024,50.0,1.0-1.5,3.5749108513720054,0.24342213996571205
alpha_0.00,2024,50.0,2.0-2.5,1.706517829610422,0.11234710462004358
alpha_0.00,2024,50.0,0.5-1.0,4.578397614758997,0.40839223938170494
alpha_0.25,2024,50.0,1.5-2.0,2.3418164287197407,0.2579856927243405
alpha_0.25,2024,50.0,2.5-3.0,3.802440164812771,0.28774148485167045
alpha_0.25,2024,50.0,1.0-1.5,2.89175660890252,0.24985659051176315
alpha_0.25,2024,50.0,2.0-2.5,2.3029804894849826,0.17295070305864754
alpha_0.25,2024,50.0,0.5-1.0,4.616959645026555,0.36006070738094526
alpha_0.50,2024,50.0,1.5-2.0,2.4087634309832673,0.19821992479868702
alpha_0.50,2024,50.0,2.5-3.0,3.30918583097765,0.16408626343227803
alpha_0.50,2024,50.0,1.0-1.5,3.180497332435699,0.23633051752343873
alpha_0.50,2024,50.0,2.0-2.5,2.2617155827452233,0.06982543716423836
alpha_0.50,2024,50.0,0.5-1.0,4.063386680974302,0.48771857557815396
alpha_0.75,2024,50.0,1.5-2.0,2.042711791287183,0.2031934680258409
alpha_0.75,2024,50.0,2.5-3.0,3.0244286761047814,0.18763470985147804
alpha_0.75,2024,50.0,1.0-1.5,2.5829835859369323,0.23609669077059106
alpha_0.75,2024,50.0,2.0-2.5,1.262639737286831,0.09228020708156903
alpha_0.75,2024,50.0,0.5-1.0,4.897003890078129,0.45278148075304175
alpha_1.00,2024,50.0,1.5-2.0,2.583772754750477,0.22135775474838407
alpha_1.00,2024,50.0,2.5-3.0,2.5748381286048767,0.2041964017057978
alpha_1.00,2024,50.0,1.0-1.5,3.467581167669192,0.21016072444108766
alpha_1.00,2024,50.0,2.0-2.5,1.867133198219522,0.11684535287300951
alpha_1.00,2024,50.0,0.5-1.0,4.053799815204244,0.46729241236620367
Adaptive,2024,50.0,1.5-2.0,2.2659830379070645,0.19379467438527773
Adaptive,2024,50.0,2.5-3.0,2.234217550704785,0.18770165558920643
Adaptive,2024,50.0,1.0-1.5,3.0419089490206845,0.24773539725681754
Adaptive,2024,50.0,2.0-2.5,1.572637078164355,0.08166417782327462
Adaptive,2024,50.0,0.5-1.0,4.223314047602416,0.47594441885082533
alpha_0.00,2024,20.0,1.5-2.0,3.0870819743994056,0.25294983935021537
alpha_0.00,2024,20.0,2.5-3.0,3.4598502826024355,0.21804327809623963
alpha_0.00,2024,20.0,1.0-1.5,3.6093751670970367,0.2698466736768423
alpha_0.00,2024,20.0,2.0-2.5,2.268158214884783,0.15479249335858244
alpha_0.00,2024,20.0,0.5-1.0,4.744573235480881,0.4864108945619113
alpha_0.25,2024,20.0,1.5-2.0,2.513959400667509,0.26643917620233715
alpha_0.25,2024,20.0,2.5-3.0,4.4317796425462666,0.29365021598074315
alpha_0.25,2024,20.0,1.0-1.5,2.983660178193244,0.2649347064286955
alpha_0.25,2024,20.0,2.0-2.5,2.665592215486126,0.20022149559065017
alpha_0.25,2024,20.0,0.5-1.0,4.785506511507404,0.42381521628910807
alpha_0.50,2024,20.0,1.5-2.0,2.595794668452884,0.23340643583271714
alpha_0.50,2024,20.0,2.5-3.0,4.019614983620988,0.19171090930139137
alpha_0.50,2024,20.0,1.0-1.5,3.2714973758092474,0.2740258237031421
alpha_0.50,2024,20.0,2.0-2.5,2.7331650206302625,0.12307548581740559
alpha_0.50,2024,20.0,0.5-1.0,4.203463505628793,0.5471825218530108
alpha_0.75,2024,20.0,1.5-2.0,2.2976990561463286,0.2305053511773058
alpha_0.75,2024,20.0,2.5-3.0,3.752552761470852,0.21118571910186373
alpha_0.75,2024,20.0,1.0-1.5,2.7622457169228785,0.26756178769386213
alpha_0.75,2024,20.0,2.0-2.5,1.9104762591919793,0.14360699507445582
alpha_0.75,2024,20.0,0.5-1.0,4.9704599701009045,0.5170089881736123
alpha_1.00,2024,20.0,1.5-2.0,2.7489035175323555,0.24245797019398058
alpha_1.00,2024,20.0,2.5-3.0,3.4435311183911446,0.2261700020417279
alpha_1.00,2024,20.0,1.0-1.5,3.5384347736378925,0.23749173146522196
alpha_1.00,2024,20.0,2.0-2.5,2.3637176755909515,0.16593836227869027
alpha_1.00,2024,20.0,0.5-1.0,4.177469080985764,0.5231308286081272
Adaptive,2024,20.0,1.5-2.0,2.5005373008933556,0.22375505936307055
Adaptive,2024,20.0,2.5-3.0,3.338728793432905,0.20958181033549242
Adaptive,2024,20.0,1.0-1.5,3.170433330700297,0.28132754422001144
Adaptive,2024,20.0,2.0-2.5,2.2088638850166626,0.1232435658964688
Adaptive,2024,20.0,0.5-1.0,4.421824882565216,0.5359115966786671
alpha_0.00,2024,15.0,1.5-2.0,3.2520796856206142,0.26760524471619473
alpha_0.00,2024,15.0,2.5-3.0,4.111408795884115,0.2312057194502207
alpha_0.00,2024,15.0,1.0-1.5,3.6885725462481767,0.29065925314079977
alpha_0.00,2024,15.0,2.0-2.5,2.735316456503605,0.17844678553828172
alpha_0.00,2024,15.0,0.5-1.0,4.888278951971386,0.5332682003495889
alpha_0.25,2024,15.0,1.5-2.0,2.679255048268557,0.2781303933157151
alpha_0.25,2024,15.0,2.5-3.0,4.92021608628819,0.3040082226284171
alpha_0.25,2024,15.0,1.0-1.5,3.094516719070452,0.28077336497713523
alpha_0.25,2024,15.0,2.0-2.5,2.958130006046931,0.21770625239592925
alpha_0.25,2024,15.0,0.5-1.0,4.92217563372273,0.46880220573877723
alpha_0.50,2024,15.0,1.5-2.0,2.780318123079572,0.25393107230259493
alpha_0.50,2024,15.0,2.5-3.0,4.563607673027038,0.21092583032950477
alpha_0.50,2024,15.0,1.0-1.5,3.377110633370175,0.29729816034676343
alpha_0.50,2024,15.0,2.0-2.5,3.114592919320264,0.15162636491918025
alpha_0.50,2024,15.0,0.5-1.0,4.340412456524049,0.5824940792894696
alpha_0.75,2024,15.0,1.5-2.0,2.5277633253419887,0.24734260532252333
alpha_0.75,2024,15.0,2.5-3.0,4.310235084226698,0.22911702597276018
alpha_0.75,2024,15.0,1.0-1.5,2.9306623254312636,0.2885551154805198
alpha_0.75,2024,15.0,2.0-2.5,2.373427085037297,0.1690028086809231
alpha_0.75,2024,15.0,0.5-1.0,5.050847756651525,0.5555264286941891
alpha_1.00,2024,15.0,1.5-2.0,2.913936085190508,0.2577942509773453
alpha_1.00,2024,15.0,2.5-3.0,4.070551685097684,0.24325902401930763
alpha_1.00,2024,15.0,1.0-1.5,3.624488119175504,0.257627152645226
alpha_1.00,2024,15.0,2.0-2.5,2.7517678808246346,0.1914855647595282
alpha_1.00,2024,15.0,0.5-1.0,4.287241880551576,0.5601709236169531
Adaptive,2024,15.0,1.5-2.0,2.716824003796053,0.2423958576873207
Adaptive,2024,15.0,2.5-3.0,4.04701896473332,0.2260284524861005
Adaptive,2024,15.0,1.0-1.5,3.3152664803190444,0.3030254297739395
Adaptive,2024,15.0,2.0-2.5,2.683359984315224,0.1478599957957496
Adaptive,2024,15.0,0.5-1.0,4.592832587732422,0.5714792567985767
alpha_0.00,2024,10.0,1.5-2.0,3.7966102226959375,0.2960130744210835
alpha_0.00,2024,10.0,2.5-3.0,5.501161387970667,0.2710051017423451
alpha_0.00,2024,10.0,1.0-1.5,3.9970186605994007,0.3373728875540331
alpha_0.00,2024,10.0,2.0-2.5,3.8444591171063673,0.22171266340134066
alpha_0.00,2024,10.0,0.5-1.0,5.255011406452694,0.6181132623718029
alpha_0.25,2024,10.0,1.5-2.0,3.145462092792178,0.305661615594711
alpha_0.25,2024,10.0,2.5-3.0,5.96668103216587,0.335852143011492
alpha_0.25,2024,10.0,1.0-1.5,3.4406992738479816,0.3243501905425496
alpha_0.25,2024,10.0,2.0-2.5,3.6817609398137354,0.25311501393239605
alpha_0.25,2024,10.0,0.5-1.0,5.223272369483666,0.5602333233166745
alpha_0.50,2024,10.0,1.5-2.0,3.31658906302298,0.2909117917081738
alpha_0.50,2024,10.0,2.5-3.0,5.771640397728608,0.2551537212743935
alpha_0.50,2024,10.0,1.0-1.5,3.719040088977746,0.3431320264264602
alpha_0.50,2024,10.0,2.0-2.5,4.051106918362381,0.20050836862768534
alpha_0.50,2024,10.0,0.5-1.0,4.7176951321879415,0.6494361486930921
alpha_0.75,2024,10.0,1.5-2.0,3.170276750486966,0.28035978760252844
alpha_0.75,2024,10.0,2.5-3.0,5.521202346949751,0.27202623775886386
alpha_0.75,2024,10.0,1.0-1.5,3.4014313773468277,0.33303713788182354
alpha_0.75,2024,10.0,2.0-2.5,3.4169816936415605,0.21213541638659544
alpha_0.75,2024,10.0,0.5-1.0,5.29121742243753,0.6281418111448593
alpha_1.00,2024,10.0,1.5-2.0,3.396182263480818,0.288328293689878
alpha_1.00,2024,10.0,2.5-3.0,5.376020043055538,0.28421920819060376
alpha_1.00,2024,10.0,1.0-1.5,3.912843181318184,0.30810860908583454
alpha_1.00,2024,10.0,2.0-2.5,3.647094208511758,0.23452415175593516
alpha_1.00,2024,10.0,0.5-1.0,4.575549437202838,0.6375761433341821
Adaptive,2024,10.0,1.5-2.0,3.3257366037627,0.2780799536590411
Adaptive,2024,10.0,2.5-3.0,5.394039144231864,0.2653257480449684
Adaptive,2024,10.0,1.0-1.5,3.7583715149830437,0.3465273689798559
Adaptive,2024,10.0,2.0-2.5,3.7708152527677044,0.19173258258767953
Adaptive,2024,10.0,0.5-1.0,5.007405596770499,0.6385178321344229
alpha_0.00,2024,5.0,1.5-2.0,7.079949056871804,0.37448619071795747
alpha_0.00,2024,5.0,2.5-3.0,9.82497856012736,0.3991744253695013
alpha_0.00,2024,5.0,1.0-1.5,6.466712664197274,0.45533641136344044
alpha_0.00,2024,5.0,2.0-2.5,8.131886404490253,0.3076657866687457
alpha_0.00,2024,5.0,0.5-1.0,7.346273789971465,0.7790543485139574
alpha_0.25,2024,5.0,1.5-2.0,6.1191471697392945,0.38367223130039124
alpha_0.25,2024,5.0,2.5-3.0,9.307543595058828,0.4331506419562792
alpha_0.25,2024,5.0,1.0-1.5,5.733003580381554,0.4568436249338804
alpha_0.25,2024,5.0,2.0-2.5,7.080279453203041,0.3285819719145375
alpha_0.25,2024,5.0,0.5-1.0,6.836273374248067,0.7571498406622029
alpha_0.50,2024,5.0,1.5-2.0,6.562489701324438,0.37923083676968944
alpha_0.50,2024,5.0,2.5-3.0,9.709502796273362,0.37279913126022335
alpha_0.50,2024,5.0,1.0-1.5,6.0689493381047415,0.4697799947362344
alpha_0.50,2024,5.0,2.0-2.5,7.934083413500328,0.301371066332365
alpha_0.50,2024,5.0,0.5-1.0,6.89350032379154,0.8102906753195073
alpha_0.75,2024,5.0,1.5-2.0,6.593864487082738,0.3738237314495605
alpha_0.75,2024,5.0,2.5-3.0,9.350988398687164,0.3831274003888549
alpha_0.75,2024,5.0,1.0-1.5,6.08398412470784,0.4611361485102419
alpha_0.75,2024,5.0,2.0-2.5,7.504050070533965,0.29668410951697766
alpha_0.75,2024,5.0,0.5-1.0,7.185546265115941,0.7894105609065226
alpha_1.00,2024,5.0,1.5-2.0,6.517252215743222,0.3694356257855045
alpha_1.00,2024,5.0,2.5-3.0,9.357382652626985,0.3926337876627132
alpha_1.00,2024,5.0,1.0-1.5,6.2222011116066325,0.45922733798809534
alpha_1.00,2024,5.0,2.0-2.5,7.4225885736930595,0.31845672790503304
alpha_1.00,2024,5.0,0.5-1.0,6.629648327106235,0.8211564522996269
Adaptive,2024,5.0,1.5-2.0,6.674704022242456,0.3628851850944857
Adaptive,2024,5.0,2.5-3.0,9.554768730460209,0.3774290421701625
Adaptive,2024,5.0,1.0-1.5,6.264276570811124,0.4662831429550257
Adaptive,2024,5.0,2.0-2.5,8.092638636378242,0.28269892206278896
Adaptive,2024,5.0,0.5-1.0,7.168951156676729,0.7954641977111211
