model,seed,snr,CBF_bin,cbf_rmse,att_rmse
alpha_0.00,42,inf,33-66,2.9759125284025227,0.23235653061176617
alpha_0.00,42,inf,66-100,3.4659040524465996,0.1747327175682543
alpha_0.00,42,inf,0-33,2.8721775994133343,0.316933312956756
alpha_0.25,42,inf,33-66,2.8712141555809234,0.2212080705088088
alpha_0.25,42,inf,66-100,3.9009222042520086,0.17921789709181662
alpha_0.25,42,inf,0-33,2.3966257889351508,0.3334948708763531
alpha_0.50,42,inf,33-66,2.9107897275220154,0.21194895117517737
alpha_0.50,42,inf,66-100,4.124462607534736,0.19045562943651742
alpha_0.50,42,inf,0-33,1.87516387129458,0.31858917766195466
alpha_0.75,42,inf,33-66,2.852253884985331,0.22792408996439487
alpha_0.75,42,inf,66-100,3.7516448878598103,0.1752440902107495
alpha_0.75,42,inf,0-33,2.5434609855008903,0.32323313375489815
alpha_1.00,42,inf,33-66,3.0193024647814393,0.2190511468960345
alpha_1.00,42,inf,66-100,3.4827895636798694,0.1813501197170994
alpha_1.00,42,inf,0-33,2.8195872134157653,0.34691891170366745
Adaptive,42,inf,33-66,2.923707569912594,0.22228475404804562
Adaptive,42,inf,66-100,3.4935520187617346,0.1788740128808718
Adaptive,42,inf,0-33,1.8339968190928917,0.3212142552685241
alpha_0.00,42,50.0,33-66,3.0574923927553,0.2317294859088114
alpha_0.00,42,50.0,66-100,3.5004675313150937,0.17613143922890026
alpha_0.00,42,50.0,0-33,2.9259543534043453,0.34154295037260113
alpha_0.25,42,50.0,33-66,2.9374677173748034,0.22099387983232407
alpha_0.25,42,50.0,66-100,3.918170197571617,0.17985704081036413
alpha_0.25,42,50.0,0-33,2.524644515470281,0.36712622010842927
alpha_0.50,42,50.0,33-66,2.954900054240744,0.21227928599034265
alpha_0.50,42,50.0,66-100,4.136718117065991,0.19141803098058272
alpha_0.50,42,50.0,0-33,1.986630810015258,0.348312112484015
alpha_0.75,42,50.0,33-66,2.915643824319681,0.22786154650313284
alpha_0.75,42,50.0,66-100,3.774484953298646,0.17632155018484
alpha_0.75,42,50.0,0-33,2.5915337678149166,0.352322164506422
alpha_1.00,42,50.0,33-66,3.1272779168419103,0.21924521478835426
alpha_1.00,42,50.0,66-100,3.517624845101441,0.18200962669763743
alpha_1.00,42,50.0,0-33,2.852495418295682,0.3647690484876794
Adaptive,42,50.0,33-66,3.0090564692283426,0.22224973211843194
Adaptive,42,50.0,66-100,3.516315660322404,0.17925849242471925
Adaptive,42,50.0,0-33,1.9367202817372893,0.35893722396904604
alpha_0.00,42,20.0,33-66,3.4334346450863835,0.2361876632543337
alpha_0.00,42,20.0,66-100,3.772760416783385,0.18361764793688357
alpha_0.00,42,20.0,0-33,3.245177855170108,0.41852762593674814
alpha_0.25,42,20.0,33-66,3.269802476778664,0.2246852657384349
alpha_0.25,42,20.0,66-100,4.129660500690369,0.18426266972110011
alpha_0.25,42,20.0,0-33,3.0886091949287007,0.44721922614685566
alpha_0.50,42,20.0,33-66,3.2488974991854076,0.2192928658416211
alpha_0.50,42,20.0,66-100,4.330295518035409,0.19641395372120943
alpha_0.50,42,20.0,0-33,2.5393513070708784,0.42959260938760757
alpha_0.75,42,20.0,33-66,3.2435452381394754,0.2326215863852952
alpha_0.75,42,20.0,66-100,4.006122638112012,0.18304611820650762
alpha_0.75,42,20.0,0-33,2.9312640646491963,0.4320706094061183
alpha_1.00,42,20.0,33-66,3.553831419507868,0.2265900562868043
alpha_1.00,42,20.0,66-100,3.795448820159906,0.18654739336512532
alpha_1.00,42,20.0,0-33,3.064267121684932,0.4259973521215869
Adaptive,42,20.0,33-66,3.3908833617740544,0.2274677214592451
Adaptive,42,20.0,66-100,3.752426093438386,0.18262605575708063
Adaptive,42,20.0,0-33,2.482152503726656,0.4459550686591416
alpha_0.00,42,15.0,33-66,3.755035424814115,0.24509586931743396
alpha_0.00,42,15.0,66-100,4.018878665327567,0.1905127979303781
alpha_0.00,42,15.0,0-33,3.505018452166243,0.4646621368980696
alpha_0.25,42,15.0,33-66,3.566055663409399,0.23174261063134483
alpha_0.25,42,15.0,66-100,4.329409221027604,0.18913149450564595
alpha_0.25,42,15.0,0-33,3.4801598431982854,0.48807915855322553
alpha_0.50,42,15.0,33-66,3.521489713923499,0.22957977914249617
alpha_0.50,42,15.0,66-100,4.515962250589056,0.2009911583482363
alpha_0.50,42,15.0,0-33,2.974756751706726,0.47550860800992983
alpha_0.75,42,15.0,33-66,3.535128346783168,0.24033722114152378
alpha_0.75,42,15.0,66-100,4.2226463998771875,0.18962503844296752
alpha_0.75,42,15.0,0-33,3.216273407937809,0.47637586853891667
alpha_1.00,42,15.0,33-66,3.886113069657078,0.2364113608373369
alpha_1.00,42,15.0,66-100,4.044074782324188,0.19142831180071124
alpha_1.00,42,15.0,0-33,3.2601926511602852,0.4674345350880186
Adaptive,42,15.0,33-66,3.699979466035969,0.23552445480135462
Adaptive,42,15.0,66-100,3.968992220171693,0.18686481001184194
Adaptive,42,15.0,0-33,2.8953329236096015,0.4900708261708658
alpha_0.00,42,10.0,33-66,4.552390158150022,0.26991912415022934
alpha_0.00,42,10.0,66-100,4.641789921756749,0.20759300458532967
alpha_0.00,42,10.0,0-33,4.0905918530629855,0.5474340783346862
alpha_0.25,42,10.0,33-66,4.322700234426141,0.25581152608254076
alpha_0.25,42,10.0,66-100,4.854596142419091,0.20388475233335043
alpha_0.25,42,10.0,0-33,4.236071505781984,0.5608925859065845
alpha_0.50,42,10.0,33-66,4.235345134873132,0.2590401388204435
alpha_0.50,42,10.0,66-100,5.004320442645513,0.21306180475533604
alpha_0.50,42,10.0,0-33,4.005920986445606,0.5584144839168481
alpha_0.75,42,10.0,33-66,4.262516439090961,0.26472686777054094
alpha_0.75,42,10.0,66-100,4.788560790252556,0.20688615487718837
alpha_0.75,42,10.0,0-33,3.8982841022109422,0.5542383365870912
alpha_1.00,42,10.0,33-66,4.6663835450231135,0.26419073711375807
alpha_1.00,42,10.0,66-100,4.669503915179237,0.20565941428808573
alpha_1.00,42,10.0,0-33,3.7964620227743673,0.5470089346316891
Adaptive,42,10.0,33-66,4.440372065633782,0.2612220901319706
Adaptive,42,10.0,66-100,4.528891569507645,0.20054055699735013
Adaptive,42,10.0,0-33,3.8444974560834906,0.5651831811894803
alpha_0.00,42,5.0,33-66,7.2764959824097515,0.3646164417825249
alpha_0.00,42,5.0,66-100,6.88978913930884,0.26614240347771495
alpha_0.00,42,5.0,0-33,7.643173804327546,0.7123745149563893
alpha_0.25,42,5.0,33-66,6.993350914904169,0.36195403776336116
alpha_0.25,42,5.0,66-100,6.808557967674113,0.2610667331835193
alpha_0.25,42,5.0,0-33,7.91222900695779,0.7169141610094348
alpha_0.50,42,5.0,33-66,7.059432353989184,0.3647923524060298
alpha_0.50,42,5.0,66-100,6.87320561553073,0.2602474020215645
alpha_0.50,42,5.0,0-33,9.393826381835728,0.7246555780137897
alpha_0.75,42,5.0,33-66,6.874806960442353,0.36445087437043466
alpha_0.75,42,5.0,66-100,6.869236165934849,0.26653827350879583
alpha_0.75,42,5.0,0-33,8.245556297238602,0.7057739938130512
alpha_1.00,42,5.0,33-66,7.342698410128504,0.36487594278920554
alpha_1.00,42,5.0,66-100,6.841451752787407,0.26166418368644073
alpha_1.00,42,5.0,0-33,8.071787599172714,0.7031121720358389
Adaptive,42,5.0,33-66,7.081736286297655,0.36497933163392954
Adaptive,42,5.0,66-100,6.598113292481104,0.25744815818875244
Adaptive,42,5.0,0-33,8.394801170525716,0.726249203662791
alpha_0.00,123,inf,33-66,2.7747410066459435,0.21537766796007604
alpha_0.00,123,inf,66-100,3.4854754757270396,0.1820518454054479
alpha_0.00,123,inf,0-33,1.5947697501357079,0.34179673010390305
alpha_0.25,123,inf,33-66,2.867673167929587,0.21323762018725598
alpha_0.25,123,inf,66-100,4.13017132423309,0.18361758648114998
alpha_0.25,123,inf,0-33,2.060168253188824,0.3419425023529621
alpha_0.50,123,inf,33-66,2.579121010331356,0.21366023357988612
alpha_0.50,123,inf,66-100,3.3928261125041956,0.17987920938916463
alpha_0.50,123,inf,0-33,1.526749671470064,0.35933619847406595
alpha_0.75,123,inf,33-66,2.648969783700908,0.2273587323026084
alpha_0.75,123,inf,66-100,3.5834924290869004,0.18416250399558923
alpha_0.75,123,inf,0-33,2.087838937147052,0.3474143079962162
alpha_1.00,123,inf,33-66,2.507621803664759,0.21810736914536433
alpha_1.00,123,inf,66-100,3.623482709855996,0.18282749750292113
alpha_1.00,123,inf,0-33,1.7139392688927582,0.32539235005345984
Adaptive,123,inf,33-66,2.752878621327087,0.22391493997822645
Adaptive,123,inf,66-100,3.895277058136955,0.19456622640584184
Adaptive,123,inf,0-33,2.626344910892392,0.354120449545301
alpha_0.00,123,50.0,33-66,2.856758965792045,0.21540106480584434
alpha_0.00,123,50.0,66-100,3.5146463271577417,0.18322914480156113
alpha_0.00,123,50.0,0-33,1.7005312926807166,0.36218188134416507
alpha_0.25,123,50.0,33-66,2.9732298840184646,0.21434264318253407
alpha_0.25,123,50.0,66-100,4.165607366092629,0.18451499595345253
alpha_0.25,123,50.0,0-33,2.2119680985706323,0.3816283687606514
alpha_0.50,123,50.0,33-66,2.6606891202167775,0.21426446466472715
alpha_0.50,123,50.0,66-100,3.425365306606299,0.1812544581041718
alpha_0.50,123,50.0,0-33,1.6564167096636768,0.3756375981756842
alpha_0.75,123,50.0,33-66,2.73568997288826,0.2270897279970916
alpha_0.75,123,50.0,66-100,3.6053651354690217,0.1848000860307739
alpha_0.75,123,50.0,0-33,2.1559564887826568,0.3727641496627796
alpha_1.00,123,50.0,33-66,2.5951669211937918,0.21853852492849124
alpha_1.00,123,50.0,66-100,3.6418762257492148,0.1835094659291353
alpha_1.00,123,50.0,0-33,1.8173081486623843,0.3498646373202061
Adaptive,123,50.0,33-66,2.8349704013149983,0.22469537537036055
Adaptive,123,50.0,66-100,3.902110293071116,0.1949818134793799
Adaptive,123,50.0,0-33,2.6812912827359665,0.37079897380918936
alpha_0.00,123,20.0,33-66,3.2415195575215434,0.22283720812045876
alpha_0.00,123,20.0,66-100,3.7676031190834736,0.18967256972685081
alpha_0.00,123,20.0,0-33,2.3240391056989753,0.4227035436269243
alpha_0.25,123,20.0,33-66,3.402287127401764,0.2251053433536088
alpha_0.25,123,20.0,66-100,4.440801901079534,0.19026434308665463
alpha_0.25,123,20.0,0-33,2.8863039992452486,0.4687737302878746
alpha_0.50,123,20.0,33-66,3.059430887289535,0.22244023160577778
alpha_0.50,123,20.0,66-100,3.6961194434006264,0.18876338805631415
alpha_0.50,123,20.0,0-33,2.3078055024652655,0.43026673094637397
alpha_0.75,123,20.0,33-66,3.126148109137453,0.23155599357407064
alpha_0.75,123,20.0,66-100,3.8368702478493786,0.1885614876868876
alpha_0.75,123,20.0,0-33,2.513479085672888,0.43849998445736355
alpha_1.00,123,20.0,33-66,2.977689147867702,0.22646257357317032
alpha_1.00,123,20.0,66-100,3.874067076226459,0.1867618804494837
alpha_1.00,123,20.0,0-33,2.3928864078335,0.41959217995765324
Adaptive,123,20.0,33-66,3.2367218104693523,0.23194884226710147
Adaptive,123,20.0,66-100,4.082694421886845,0.19746562495147063
Adaptive,123,20.0,0-33,2.9847607753293817,0.42463298229341767
alpha_0.00,123,15.0,33-66,3.55983822570511,0.2320297615539061
alpha_0.00,123,15.0,66-100,4.001019575049191,0.19628037196356843
alpha_0.00,123,15.0,0-33,2.8322409848274495,0.4604018111876612
alpha_0.25,123,15.0,33-66,3.7416137284995923,0.23629307353824908
alpha_0.25,123,15.0,66-100,4.681487869003631,0.19650995541501948
alpha_0.25,123,15.0,0-33,3.337549188150152,0.5114304125496231
alpha_0.50,123,15.0,33-66,3.3978283180891014,0.2321408891356475
alpha_0.50,123,15.0,66-100,3.9380792094062413,0.19642042067535748
alpha_0.50,123,15.0,0-33,2.808517489555449,0.4670832798610003
alpha_0.75,123,15.0,33-66,3.452286469305562,0.23867005627568494
alpha_0.75,123,15.0,66-100,4.057121771007012,0.19265390461055698
alpha_0.75,123,15.0,0-33,2.8426007860589215,0.47678102179309917
alpha_1.00,123,15.0,33-66,3.292623258301353,0.23555412792568736
alpha_1.00,123,15.0,66-100,4.095048729341914,0.19027261361589295
alpha_1.00,123,15.0,0-33,2.869059389828465,0.46165893479210385
Adaptive,123,15.0,33-66,3.573120613508781,0.24006213330426412
Adaptive,123,15.0,66-100,4.261551681741209,0.20018395687649784
Adaptive,123,15.0,0-33,3.2404694697023166,0.46080502360155606
alpha_0.00,123,10.0,33-66,4.330885593486933,0.2579515483446152
alpha_0.00,123,10.0,66-100,4.6016206363119245,0.2145237531847481
alpha_0.00,123,10.0,0-33,3.9790223542149246,0.5349868890404671
alpha_0.25,123,10.0,33-66,4.53628027561907,0.2630353728508542
alpha_0.25,123,10.0,66-100,5.262617814157115,0.21435256213973225
alpha_0.25,123,10.0,0-33,4.191904127965121,0.5853959791935707
alpha_0.50,123,10.0,33-66,4.246172718943056,0.2601161345333505
alpha_0.50,123,10.0,66-100,4.542468760082825,0.21720334571459712
alpha_0.50,123,10.0,0-33,3.9513193058375635,0.5414795923361672
alpha_0.75,123,10.0,33-66,4.262675199492894,0.26261850239348766
alpha_0.75,123,10.0,66-100,4.640462066277847,0.20544654066396728
alpha_0.75,123,10.0,0-33,3.736997662128187,0.5499077924730253
alpha_1.00,123,10.0,33-66,4.070420661993663,0.2619631035741212
alpha_1.00,123,10.0,66-100,4.676447564738267,0.2021052647454548
alpha_1.00,123,10.0,0-33,4.0270862650781245,0.5414225587412588
Adaptive,123,10.0,33-66,4.394395626115777,0.26482556233398313
Adaptive,123,10.0,66-100,4.749288661144878,0.20934221565738448
Adaptive,123,10.0,0-33,3.9103688110061725,0.5357508258600806
alpha_0.00,123,5.0,33-66,7.205791502907068,0.3588834103727027
alpha_0.00,123,5.0,66-100,6.723952149075161,0.2803445793866811
alpha_0.00,123,5.0,0-33,9.000839894316666,0.7023197904040756
alpha_0.25,123,5.0,33-66,7.08562072110625,0.3610993021719947
alpha_0.25,123,5.0,66-100,7.165896916684788,0.27580191993223924
alpha_0.25,123,5.0,0-33,7.676086001791812,0.7513078146545309
alpha_0.50,123,5.0,33-66,7.216136207094938,0.37114685403187014
alpha_0.50,123,5.0,66-100,6.646625281290242,0.2849737063017604
alpha_0.50,123,5.0,0-33,9.088167971181107,0.7189598050374228
alpha_0.75,123,5.0,33-66,7.069454544958584,0.358271791872463
alpha_0.75,123,5.0,66-100,6.81090360707935,0.25981471167341275
alpha_0.75,123,5.0,0-33,8.723744118463195,0.715331554832619
alpha_1.00,123,5.0,33-66,6.862033964845363,0.3647192887430802
alpha_1.00,123,5.0,66-100,6.75868824536491,0.26198965937135327
alpha_1.00,123,5.0,0-33,9.608348930522215,0.7250019388215507
Adaptive,123,5.0,33-66,7.230865854220517,0.36318878644485675
Adaptive,123,5.0,66-100,6.685568239652085,0.26022978876488295
Adaptive,123,5.0,0-33,9.001315471003382,0.7066182072445892
alpha_0.00,2024,inf,33-66,2.6160553601240535,0.2156113967845812
alpha_0.00,2024,inf,66-100,3.796772971913049,0.1841474873327723
alpha_0.00,2024,inf,0-33,2.9866081133040288,0.319141186884619
alpha_0.25,2024,inf,33-66,2.873540476127392,0.21696208899948985
alpha_0.25,2024,inf,66-100,3.7322581564057855,0.1781606081094999
alpha_0.25,2024,inf,0-33,3.1544181363480552,0.36357589228060533
alpha_0.50,2024,inf,33-66,2.7978863574692885,0.21791694031157718
alpha_0.50,2024,inf,66-100,3.8681268940410694,0.19686154373339174
alpha_0.50,2024,inf,0-33,2.338899295490544,0.3287464586283715
alpha_0.75,2024,inf,33-66,2.547411045537587,0.22312832996122844
alpha_0.75,2024,inf,66-100,3.8195806804930488,0.184500621013357
alpha_0.75,2024,inf,0-33,2.3453311370154544,0.3183435506195814
alpha_1.00,2024,inf,33-66,2.8155685795690744,0.2182882674861555
alpha_1.00,2024,inf,66-100,3.4800893985557844,0.2188012074007797
alpha_1.00,2024,inf,0-33,2.4939899381813673,0.3234282042248841
Adaptive,2024,inf,33-66,2.5253893552026025,0.21425780153154603
Adaptive,2024,inf,66-100,3.6589413237170474,0.18604479143712258
Adaptive,2024,inf,0-33,1.711317240511892,0.3423693402585467
alpha_0.00,2024,50.0,33-66,2.718625409156155,0.2162978546573239
alpha_0.00,2024,50.0,66-100,3.8247383514031332,0.18503375715957365
alpha_0.00,2024,50.0,0-33,2.99813573377557,0.3420214893790893
alpha_0.25,2024,50.0,33-66,2.957937197560324,0.21728573178566246
alpha_0.25,2024,50.0,66-100,3.760263174572788,0.17985239431118913
alpha_0.25,2024,50.0,0-33,3.191920404424092,0.37438566277125296
alpha_0.50,2024,50.0,33-66,2.9039532965643837,0.21829905491314944
alpha_0.50,2024,50.0,66-100,3.894279688034903,0.19759592033092735
alpha_0.50,2024,50.0,0-33,2.380702491740855,0.35902942996082576
alpha_0.75,2024,50.0,33-66,2.640433767928672,0.22408286176814168
alpha_0.75,2024,50.0,66-100,3.835491884126018,0.18515453610157673
alpha_0.75,2024,50.0,0-33,2.4027484927780027,0.3466435259784134
alpha_1.00,2024,50.0,33-66,2.8893753232884265,0.2188936765271391
alpha_1.00,2024,50.0,66-100,3.5034735039096967,0.2197387472451351
alpha_1.00,2024,50.0,0-33,2.5541489483590394,0.34807709938051196
Adaptive,2024,50.0,33-66,2.6260821437248576,0.21514045141020788
Adaptive,2024,50.0,66-100,3.6977266897521512,0.1871485044364618
Adaptive,2024,50.0,0-33,1.8219607634880735,0.3683901592418476
alpha_0.00,2024,20.0,33-66,3.1762313746963344,0.22507226108037126
alpha_0.00,2024,20.0,66-100,4.069533392769495,0.18996923767169893
alpha_0.00,2024,20.0,0-33,3.261449979068191,0.4187873215646559
alpha_0.25,2024,20.0,33-66,3.3418435527405013,0.22523251836068844
alpha_0.25,2024,20.0,66-100,4.007739674811914,0.1890098758395934
alpha_0.25,2024,20.0,0-33,3.454218857240166,0.42151587348421327
alpha_0.50,2024,20.0,33-66,3.3823310896923284,0.22579073268026767
alpha_0.50,2024,20.0,66-100,4.104658290566039,0.20115730259415834
alpha_0.50,2024,20.0,0-33,2.6956325079883414,0.4378263529185514
alpha_0.75,2024,20.0,33-66,3.067083194403146,0.2339779147745835
alpha_0.75,2024,20.0,66-100,4.044523729243192,0.18897112708398212
alpha_0.75,2024,20.0,0-33,2.7676142398308445,0.42338925927824095
alpha_1.00,2024,20.0,33-66,3.2627764016394076,0.22587379430867316
alpha_1.00,2024,20.0,66-100,3.731381879832262,0.22424915225306213
alpha_1.00,2024,20.0,0-33,2.9189219075190036,0.4181434959717594
Adaptive,2024,20.0,33-66,3.106663416164995,0.22387905332863164
Adaptive,2024,20.0,66-100,3.9698431975566715,0.1929876827917105
Adaptive,2024,20.0,0-33,2.431390809367918,0.43896965246585057
alpha_0.00,2024,15.0,33-66,3.537489557132434,0.23480450557980928
alpha_0.00,2024,15.0,66-100,4.2918499437478355,0.1948381143011016
alpha_0.00,2024,15.0,0-33,3.55323532104822,0.46510573233699853
alpha_0.25,2024,15.0,33-66,3.660157334979063,0.2346892553906666
alpha_0.25,2024,15.0,66-100,4.231005210774135,0.19770777538511738
alpha_0.25,2024,15.0,0-33,3.6621776078810364,0.4585282134655152
alpha_0.50,2024,15.0,33-66,3.762828666781214,0.2340152521505291
alpha_0.50,2024,15.0,66-100,4.299971287720408,0.2047318330758018
alpha_0.50,2024,15.0,0-33,2.980676770510652,0.4821160857219946
alpha_0.75,2024,15.0,33-66,3.410751622295359,0.24389056837412806
alpha_0.75,2024,15.0,66-100,4.243610888732569,0.19306134255534232
alpha_0.75,2024,15.0,0-33,3.079489029450661,0.46685340545315873
alpha_1.00,2024,15.0,33-66,3.5814118094041274,0.23420852858942193
alpha_1.00,2024,15.0,66-100,3.9399223639086323,0.22865517098053306
alpha_1.00,2024,15.0,0-33,3.215943887359272,0.4613797790514915
Adaptive,2024,15.0,33-66,3.493929985479584,0.23340006229693133
Adaptive,2024,15.0,66-100,4.211074064107724,0.19886829123301325
Adaptive,2024,15.0,0-33,2.860178318488546,0.4792297209962618
alpha_0.00,2024,10.0,33-66,4.405526223009604,0.2620144469023975
alpha_0.00,2024,10.0,66-100,4.854251433936192,0.2081953838467752
alpha_0.00,2024,10.0,0-33,4.379173963950669,0.5506807328985935
alpha_0.25,2024,10.0,33-66,4.433768223756265,0.2618443003734909
alpha_0.25,2024,10.0,66-100,4.789262704089938,0.21987173456241382
alpha_0.25,2024,10.0,0-33,4.1148607724345165,0.5381028869257668
alpha_0.50,2024,10.0,33-66,4.654217562875558,0.2579387718067495
alpha_0.50,2024,10.0,66-100,4.812717122800577,0.21544129877720108
alpha_0.50,2024,10.0,0-33,3.73999732174084,0.5618210174308297
alpha_0.75,2024,10.0,33-66,4.237129863882695,0.2698545172909238
alpha_0.75,2024,10.0,66-100,4.7640072725870555,0.20543651636161
alpha_0.75,2024,10.0,0-33,3.864540814303626,0.546690417738358
alpha_1.00,2024,10.0,33-66,4.369999919521972,0.2598491712912234
alpha_1.00,2024,10.0,66-100,4.475029713658961,0.2414941148183588
alpha_1.00,2024,10.0,0-33,3.9141849021514092,0.546415009701283
Adaptive,2024,10.0,33-66,4.391005269480449,0.2602803294421275
Adaptive,2024,10.0,66-100,4.817339321714036,0.21554092324140273
Adaptive,2024,10.0,0-33,3.767812885894608,0.5519810988252605
alpha_0.00,2024,5.0,33-66,7.39624327435431,0.3631104623629507
alpha_0.00,2024,5.0,66-100,6.802154965499765,0.2613672612508018
alpha_0.00,2024,5.0,0-33,9.182322215753697,0.715564468556466
alpha_0.25,2024,5.0,33-66,7.060696831350783,0.36631442402046555
alpha_0.25,2024,5.0,66-100,6.726099946422118,0.286959261741627
alpha_0.25,2024,5.0,0-33,7.618129534416377,0.7114893986901403
alpha_0.50,2024,5.0,33-66,7.645221003259235,0.3601848106841729
alpha_0.50,2024,5.0,66-100,6.740147898367282,0.26478775261021986
alpha_0.50,2024,5.0,0-33,8.235398472616298,0.7323530420066855
alpha_0.75,2024,5.0,33-66,7.149161757174077,0.3650353579707624
alpha_0.75,2024,5.0,66-100,6.655108364609772,0.25866130094357714
alpha_0.75,2024,5.0,0-33,8.397380719913459,0.716129612683199
alpha_1.00,2024,5.0,33-66,7.216247717087206,0.3648824704257777
alpha_1.00,2024,5.0,66-100,6.445102727135432,0.29512457206018944
alpha_1.00,2024,5.0,0-33,8.220041676625536,0.7298537818315495
Adaptive,2024,5.0,33-66,7.368662851406408,0.36277129688767723
Adaptive,2024,5.0,66-100,6.918578056679851,0.2766087375517808
Adaptive,2024,5.0,0-33,8.575907908798543,0.7081861211315764
