model,seed,5.0,10.0,15.0,20.0,50.0,inf
Adaptive,42,7.412507826857814,4.275715888768511,3.5425111870750996,3.2434654499594737,2.886151112536744,2.824857255524549
Adaptive,123,7.7235459486718385,4.3596352188034,3.7122724651565666,3.463564321595347,3.183781400884299,3.141672256885829
Adaptive,2024,7.667067574510446,4.340111649780388,3.5579899476776684,3.2242477938394085,2.8141025455813145,2.7426380384482685
alpha_0.00,42,7.280684290639318,4.429879094688274,3.7626739274885885,3.4884096950697483,3.1691582826188265,3.1140129229183247
alpha_0.00,123,7.726863047900774,4.307491932263746,3.4901403151663146,3.158526171524959,2.7823621595663592,2.721099451986663
alpha_0.00,2024,7.8797764705551065,4.55093012065591,3.81007155623265,3.5256322646102585,3.2168583974774054,3.174380838777447
alpha_0.25,42,7.264500454493457,4.478177941267463,3.809595753891198,3.5229559021826238,3.1762820803398792,3.1149123487204746
alpha_0.25,123,7.320292106625354,4.680861699822013,3.9557792995598144,3.6287431217949457,3.211322415621317,3.1292702856152284
alpha_0.25,2024,7.150912636515118,4.450892384169746,3.860063629017006,3.6136617416147687,3.3222672615349604,3.2751618654171155
alpha_0.50,42,7.886239838067164,4.4328886363733435,3.719794443994148,3.444956634765313,3.14198199685834,3.099449574054342
alpha_0.50,123,7.74289864680159,4.250192327320446,3.4065389622152527,3.0662901909470848,2.6711129366591275,2.6040063188654474
alpha_0.50,2024,7.572647471409727,4.418072295645937,3.712662648015326,3.435445464202858,3.1177527390522015,3.064227293440446
alpha_0.75,42,7.373701430782695,4.3277632349122594,3.6783319198944473,3.4198873737574607,3.1301189223498933,3.088257423258989
alpha_0.75,123,7.601072883619132,4.2239376890057825,3.4796451079777704,3.198355034756937,2.888265036939569,2.8353757479914967
alpha_0.75,2024,7.4512774559770305,4.300188787876775,3.607427454616863,3.3342967868221893,3.0221397198958253,2.9737196435153965
alpha_1.00,42,7.444381657457212,4.387575656688883,3.738836516172241,3.479240933673748,3.1744295637230553,3.1172336675675187
alpha_1.00,123,7.885967159524697,4.267388302635773,3.4517710642242583,3.135019093217684,2.7793589114352537,2.7221989750753797
alpha_1.00,2024,7.34191106877752,4.255133780925256,3.5872401738126016,3.317253907767531,3.004350593166519,2.9548585970208148
