model,seed,snr,cbf_rmse,att_rmse,cbf_mae,att_mae
alpha_0.00,42,inf,3.1140129229183247,0.24935511231093788,2.385038796663721,0.16544375731347322
alpha_0.25,42,inf,3.1149123487204746,0.2545181083152447,2.3992010455028443,0.1630051286979251
alpha_0.50,42,inf,3.099449574054342,0.24803104460184291,2.389373358146321,0.15976907442582683
alpha_0.75,42,inf,3.088257423258989,0.25093076934481723,2.321072940407394,0.16932548699045297
alpha_1.00,42,inf,3.1172336675675187,0.2605228412251866,2.4380473228623485,0.18530178377070208
Adaptive,42,inf,2.824857255524549,0.24924965655156178,1.9844492224364898,0.158098905723039
alpha_0.00,42,50.0,3.1691582826188265,0.26043206543651143,2.4441045982624563,0.17009701836286978
alpha_0.25,42,50.0,3.1762820803398792,0.27006575910394115,2.446823537351282,0.17244717530636766
alpha_0.50,42,50.0,3.14198199685834,0.26174367300703644,2.437114970697093,0.16825275189931257
alpha_0.75,42,50.0,3.1301189223498933,0.2642858031902779,2.3592768773117574,0.17609553734735595
alpha_1.00,42,50.0,3.1744295637230553,0.26898321254084856,2.4957084364172397,0.18833719223417997
Adaptive,42,50.0,2.886151112536744,0.2664533933044492,2.0754123872767045,0.16787812660602836
alpha_0.00,42,20.0,3.4884096950697483,0.2992244372701265,2.703725945554206,0.19287002117471733
alpha_0.25,42,20.0,3.5229559021826238,0.31056508016491163,2.7118971956364812,0.1969504594387131
alpha_0.50,42,20.0,3.444956634765313,0.3031430613466467,2.7025383108936256,0.19317602896853242
alpha_0.75,42,20.0,3.4198873737574607,0.3047790919103836,2.597810417277615,0.19943494784751056
alpha_1.00,42,20.0,3.479240933673748,0.30105114901692787,2.7071862993831854,0.20499136740514104
Adaptive,42,20.0,3.2434654499594737,0.31027235366462913,2.4438919130956673,0.1934785214343837
alpha_0.00,42,15.0,3.7626739274885885,0.3252745868543897,2.915034055168208,0.2090793733131585
alpha_0.25,42,15.0,3.809595753891198,0.3335422619290703,2.9441166764899687,0.21228334822882344
alpha_0.50,42,15.0,3.719794443994148,0.32908597086454644,2.929434447941913,0.20981424546258448
alpha_0.75,42,15.0,3.6783319198944473,0.3297557578614163,2.815956694847455,0.21491412218295536
alpha_1.00,42,15.0,3.738836516172241,0.32474268198225426,2.8909253646796262,0.2186199109959369
Adaptive,42,15.0,3.5425111870750996,0.33497562161764255,2.7116182492504652,0.209637907246507
alpha_0.00,42,10.0,4.429879094688274,0.37554197223027386,3.4282486064026876,0.2433078676913604
alpha_0.25,42,10.0,4.478177941267463,0.37849887027619766,3.4774034852200444,0.244119170155765
alpha_0.50,42,10.0,4.4328886363733435,0.37962685598170054,3.500086337203508,0.24463472179435752
alpha_0.75,42,10.0,4.3277632349122594,0.37764701155203106,3.346558530191617,0.2475445797568751
alpha_1.00,42,10.0,4.387575656688883,0.37365357175953146,3.3899634742752838,0.24939890549882757
Adaptive,42,10.0,4.275715888768511,0.3812856004184649,3.310438728062401,0.24297499318160853
alpha_0.00,42,5.0,7.280684290639318,0.4911214311824163,5.622609631716722,0.3347191829992339
alpha_0.25,42,5.0,7.264500454493457,0.4918519759673486,5.624130922008399,0.33479405839950693
alpha_0.50,42,5.0,7.886239838067164,0.4962702687922504,6.053608389159192,0.3367815481206761
alpha_0.75,42,5.0,7.373701430782695,0.48786216514601505,5.7050580733252545,0.33472003011418466
alpha_1.00,42,5.0,7.444381657457212,0.4857598045292969,5.713528439793547,0.3341609713799525
Adaptive,42,5.0,7.412507826857814,0.49663079910720437,5.700173041946043,0.3354440408570149
alpha_0.00,123,inf,2.721099451986663,0.2573459530148557,1.8998742141669593,0.1711521779843407
alpha_0.25,123,inf,3.1292702856152284,0.25720656389578683,2.4137186486481346,0.15938092511523028
alpha_0.50,123,inf,2.6040063188654474,0.26449962635535973,1.775403953847511,0.17505445727843127
alpha_0.75,123,inf,2.8353757479914967,0.26368743079961143,2.0690123674759007,0.17412692004669503
alpha_1.00,123,inf,2.7221989750753797,0.2508710848739685,1.8995228483652522,0.16442621555553094
Adaptive,123,inf,3.141672256885829,0.2682510120065087,2.425561913850555,0.1918644144268246
alpha_0.00,123,50.0,2.7823621595663592,0.26704446176675734,1.9826248405822633,0.17582577064621474
alpha_0.25,123,50.0,3.211322415621317,0.27622760800644935,2.479719166773351,0.16844243755055727
alpha_0.50,123,50.0,2.6711129366591275,0.2726402413257351,1.8828404290517138,0.17998292391603646
alpha_0.75,123,50.0,2.888265036939569,0.27541541137433595,2.138682626685204,0.1807713976399451
alpha_1.00,123,50.0,2.7793589114352537,0.26223686760739684,1.9895151106030113,0.17017220738429026
Adaptive,123,50.0,3.183781400884299,0.2762013508176001,2.460972722360708,0.19516561497981924
alpha_0.00,123,20.0,3.158526171524959,0.2991914666948264,2.3977271772468463,0.19599837558427186
alpha_0.25,123,20.0,3.6287431217949457,0.32257581780533867,2.798640898473539,0.19585691200666364
alpha_0.50,123,20.0,3.0662901909470848,0.30259620086639544,2.3241937861082382,0.19992573862453974
alpha_0.75,123,20.0,3.198355034756937,0.3087696204298802,2.439292697952635,0.2015475385985333
alpha_1.00,123,20.0,3.135019093217684,0.2979522128027569,2.3963166750002003,0.1923893724297906
Adaptive,123,20.0,3.463564321595347,0.3040082265876127,2.703254233533661,0.21034128887357414
alpha_0.00,123,15.0,3.4901403151663146,0.32120731218174325,2.7085694667152906,0.21094278773545344
alpha_0.25,123,15.0,3.9557792995598144,0.34773371757614463,3.058761544033041,0.21330913504936644
alpha_0.50,123,15.0,3.4065389622152527,0.3245644702615228,2.6348628659473956,0.21422406438307648
alpha_0.75,123,15.0,3.4796451079777704,0.33014964320708445,2.690708008410621,0.21573710787544043
alpha_1.00,123,15.0,3.4517710642242583,0.3214550131590138,2.6954690658540503,0.2078127184042623
Adaptive,123,15.0,3.7122724651565666,0.3241023145476502,2.906198885575284,0.22214533710920814
alpha_0.00,123,10.0,4.307491932263746,0.3678663074539216,3.398640826228293,0.2439519489534202
alpha_0.25,123,10.0,4.680861699822013,0.3944575759033654,3.630898664918727,0.24813125462286062
alpha_0.50,123,10.0,4.250192327320446,0.37212699637589486,3.3294910360455447,0.24605088061022704
alpha_0.75,123,10.0,4.2239376890057825,0.3747194652290089,3.3046193015997227,0.24655547219685478
alpha_1.00,123,10.0,4.267388302635773,0.3696799750802937,3.3745610970162248,0.24068737187763928
Adaptive,123,10.0,4.3596352188034,0.3688334715797245,3.4200415694707553,0.24986966774902603
alpha_0.00,123,5.0,7.726863047900774,0.4873859460847911,6.001976405237812,0.3356068549286562
alpha_0.25,123,5.0,7.320292106625354,0.5115965403590921,5.648177538765048,0.3432547895826048
alpha_0.50,123,5.0,7.74289864680159,0.49944902459936263,5.96063486847615,0.34123462927632364
alpha_0.75,123,5.0,7.601072883619132,0.48996339241402714,5.837703206672724,0.3344669117161298
alpha_1.00,123,5.0,7.885967159524697,0.49673171880844363,6.065724904212032,0.3366447313792651
Adaptive,123,5.0,7.7235459486718385,0.48684476751818967,5.879123486620146,0.3351822346386901
alpha_0.00,2024,inf,3.174380838777447,0.24771096614942126,2.3674606571138312,0.1612995325165659
alpha_0.25,2024,inf,3.2751618654171155,0.2669642010248219,2.442122858460941,0.1778037298906128
alpha_0.50,2024,inf,3.064227293440446,0.25580645394207235,2.41088508459693,0.16281173074019248
alpha_0.75,2024,inf,2.9737196435153965,0.24958947974074008,2.0561222612750854,0.15936189599586495
alpha_1.00,2024,inf,2.9548585970208148,0.25947756029396757,2.246436308624158,0.17385399764776624
Adaptive,2024,inf,2.7426380384482685,0.25825400870815757,1.8882288441252553,0.16703480270756565
alpha_0.00,2024,50.0,3.2168583974774054,0.25840335315508656,2.430249357248512,0.16769761239232037
alpha_0.25,2024,50.0,3.3222672615349604,0.27251148181746304,2.4959420613355645,0.1811731945221318
alpha_0.50,2024,50.0,3.1177527390522015,0.2697334319518685,2.4469075533045297,0.1714225794746005
alpha_0.75,2024,50.0,3.0221397198958253,0.2626610222619258,2.1372571740048545,0.16702995121566436
alpha_1.00,2024,50.0,3.004350593166519,0.27064376305556004,2.2904690709456967,0.17934586185983464
Adaptive,2024,50.0,2.8141025455813145,0.2707774880111161,2.006106825292194,0.1739614688516365
alpha_0.00,2024,20.0,3.5256322646102585,0.2978963755248514,2.745921484344106,0.19258382908134014
alpha_0.25,2024,20.0,3.6136617416147687,0.2990549006306265,2.7443271562683687,0.1989861636311878
alpha_0.50,2024,20.0,3.435445464202858,0.30970304567254353,2.677857638824985,0.19674808444645067
alpha_0.75,2024,20.0,3.3342967868221893,0.30211212703544216,2.473618772836771,0.19285337608128433
alpha_1.00,2024,20.0,3.317253907767531,0.3056081045500978,2.5623268566890687,0.2007519501441558
Adaptive,2024,20.0,3.2242477938394085,0.3080782514367106,2.431483402834555,0.19712001006653457
alpha_0.00,2024,15.0,3.81007155623265,0.32388833761955854,2.9926925565707174,0.20938646173356878
alpha_0.25,2024,15.0,3.860063629017006,0.32120046957420373,2.938555011587486,0.2135994559584772
alpha_0.50,2024,15.0,3.712662648015326,0.33413299754593095,2.8990060233758412,0.21333864945962877
alpha_0.75,2024,15.0,3.607427454616863,0.3265590098900666,2.722170272053114,0.2096700410917235
alpha_1.00,2024,15.0,3.5872401738126016,0.32922391239747156,2.7879720191097443,0.21604321234347004
Adaptive,2024,15.0,3.5579899476776684,0.3313755169457292,2.728000349632573,0.21279648734383683
alpha_0.00,2024,10.0,4.55093012065591,0.3754773479966977,3.585050404706292,0.2440423367563989
alpha_0.25,2024,10.0,4.450892384169746,0.3713531849903742,3.413546682117968,0.2471687173724832
alpha_0.50,2024,10.0,4.418072295645937,0.38155623341753,3.4593884521431026,0.2471317039720496
alpha_0.75,2024,10.0,4.300188787876775,0.3747588511325789,3.3082441807558802,0.243870559405362
alpha_1.00,2024,10.0,4.255133780925256,0.3794569647447144,3.32153133597711,0.2496976573392591
Adaptive,2024,10.0,4.340111649780388,0.37711972542041744,3.389503107321699,0.24521315000364516
alpha_0.00,2024,5.0,7.8797764705551065,0.4915039224648427,6.070435840961879,0.33502766719473065
alpha_0.25,2024,5.0,7.150912636515118,0.4949718162261303,5.532917008186933,0.3392849352549764
alpha_0.50,2024,5.0,7.572647471409727,0.49985771709238763,5.844091384862388,0.33945439161109353
alpha_0.75,2024,5.0,7.4512774559770305,0.4917718722625711,5.776450558433203,0.3343581374033189
alpha_1.00,2024,5.0,7.34191106877752,0.5053219453893704,5.65934347282114,0.34465319602887773
Adaptive,2024,5.0,7.667067574510446,0.49051800170515253,5.917915617150687,0.3346936244702953
