model,snr,cbf_rmse_mean,cbf_rmse_std,att_rmse_mean,att_rmse_std
Adaptive,5.0,7.6010404500133655,0.1656981115837279,0.4913311894435155,0.004943435980031128
Adaptive,10.0,4.3251542524507665,0.04391362305177412,0.3757462658062023,0.006338664815089798
Adaptive,15.0,3.604257866636445,0.09386300190993913,0.3301511510370073,0.005539088875294983
Adaptive,20.0,3.3104258551314096,0.13296944013525105,0.30745294389631744,0.003178534119575718
Adaptive,50.0,2.9613450196674527,0.19597501566964456,0.27114407737772184,0.0048843074987484246
Adaptive,inf,2.9030558502862154,0.21069727582017564,0.258584892422076,0.009504998174929455
alpha_0.00,5.0,7.629107936365067,0.3112794666896319,0.49000376657735,0.002275151202388372
alpha_0.00,10.0,4.42943371586931,0.12171970532183363,0.37296187589363106,0.004413010011966136
alpha_0.00,15.0,3.687628599629184,0.17266398199307664,0.32345674555189713,0.0020677003168590407
alpha_0.00,20.0,3.3908560437349884,0.20206250780797036,0.29877075982993473,0.000757418444085552
alpha_0.00,50.0,3.0561262798875304,0.2382832776776392,0.2619599601194518,0.004518632108425154
alpha_0.00,inf,3.0031644045608115,0.24613319446853568,0.25147067715840493,0.005154120093881428
alpha_0.25,5.0,7.245235065877977,0.08631753948407701,0.4994734441841903,0.010614162541600598
alpha_0.25,10.0,4.536644008419741,0.12563909539464208,0.3814365437233124,0.011829017872439375
alpha_0.25,15.0,3.87514622748934,0.07424971945112199,0.3341588163598062,0.013277364832965561
alpha_0.25,20.0,3.588453588530779,0.05722169339294153,0.31073193286695894,0.011761346268733557
alpha_0.25,50.0,3.2366239191653854,0.07621051661898814,0.27293494964261783,0.0031026745274909955
alpha_0.25,inf,3.17311483325094,0.08866642638796196,0.2595629577452845,0.0065491029854713775
alpha_0.50,5.0,7.733928652092827,0.15698849865598283,0.4985256701613336,0.001963895081263359
alpha_0.50,10.0,4.367051086446575,0.10147343581702442,0.3777700285917085,0.004981313457714201
alpha_0.50,15.0,3.612998684741575,0.1788349194025194,0.32926114622400005,0.00478666829883119
alpha_0.50,20.0,3.3155640966384183,0.21592990908006704,0.3051474359618619,0.00395473753531859
alpha_0.50,50.0,2.9769492241898896,0.2651389075775344,0.26803911542821335,0.005642413636269948
alpha_0.50,inf,2.9225610621200784,0.27643805020371015,0.25611237496642497,0.008238551875051984
alpha_0.75,5.0,7.475350590126286,0.11558149173662717,0.4898658099408711,0.001956679378082329
alpha_0.75,10.0,4.283963237264939,0.053780920084983794,0.37570844263787295,0.0016789654220844238
alpha_0.75,15.0,3.5884681608296938,0.10069112882019139,0.32882147031952247,0.0019692211182402272
alpha_0.75,20.0,3.317513065112196,0.11171577458707253,0.30522027979190197,0.0033506028762516245
alpha_0.75,50.0,3.0135078930617625,0.12115777646477145,0.2674540789421799,0.006942412321215107
alpha_0.75,inf,2.965784271588628,0.12662745759603453,0.25473589329505625,0.007781213415791589
alpha_1.00,5.0,7.55741996191981,0.28910638383925275,0.495937822909037,0.009805204831193508
alpha_1.00,10.0,4.303365913416637,0.07318472499143189,0.3742635038615132,0.004916949725319364
alpha_1.00,15.0,3.5926159180697006,0.14360820796619933,0.3251405358462465,0.003899700580448147
alpha_1.00,20.0,3.3105046448863207,0.17221014277277558,0.3015371554565942,0.003851015620105732
alpha_1.00,50.0,2.9860463561082757,0.1981703532203808,0.2672879477346018,0.004452461660874907
alpha_1.00,inf,2.931430413221238,0.1985566969789732,0.25695716213104086,0.005296546548514705
